OGLE-LMC-LPV-00055  16.288 19.829  290.9    1.635 3390      0.707  164.50   0.200
OGLE-LMC-LPV-00082  14.241 16.509  164.84   0.906  451.5    0.169  744.6    0.127
OGLE-LMC-LPV-00094  15.120 18.885  332.3    0.896 1934      0.351  173.01   0.218
OGLE-LMC-LPV-00096  15.259 18.265  374.6    1.584 2899      0.449  404.2    0.226
OGLE-LMC-LPV-00098  15.159 17.921  323.1    1.502 1272      0.414  146.50   0.219
OGLE-LMC-LPV-00115  14.932 16.947  176.13   0.869  424.3    0.348 3817      0.264
OGLE-LMC-LPV-00144  16.336 20.532  364.2    1.377 2353      1.729  409.3    0.360
OGLE-LMC-LPV-00225  18.460 22.508  504.2    1.688 4032      0.755  618.4    0.330
OGLE-LMC-LPV-00265  18.800    -    442.1    1.984 2016      0.734  427.4    0.325
OGLE-LMC-LPV-00355  14.199 16.219  154.59   0.900  510.5    0.194  397.1    0.134
OGLE-LMC-LPV-00449  16.944    -    485.5    1.654 3086      1.279  523.8    0.210
OGLE-LMC-LPV-00743  14.063 16.412  216.1    1.250  233.3    0.243 3584      0.194
OGLE-LMC-LPV-00846  15.047 18.297  405.5    1.136 1433      0.437 3030      0.194
OGLE-LMC-LPV-00881  14.248 15.943  120.25   0.819  190.15   0.198  331.6    0.136
OGLE-LMC-LPV-00891  14.766 17.213  250.2    1.250 1284      0.731 4049      0.475
OGLE-LMC-LPV-00892  13.517 16.044  400.8    1.556 1007      0.157  686.3    0.109
OGLE-LMC-LPV-00897  14.200 16.221  266.8    1.012  307.0    0.259  606.4    0.131
OGLE-LMC-LPV-00902  14.195 17.309  296.0    1.406  156.08   0.158 2494      0.148
OGLE-LMC-LPV-00945  16.347 19.508  388.8    1.619 2299      1.483  881.1    0.291
OGLE-LMC-LPV-00990  13.080 15.783  320.9    0.987 1160      0.180 4065      0.106
OGLE-LMC-LPV-01002  17.124 22.019  357.8    1.690 3774      3.047  396.4    0.530
OGLE-LMC-LPV-01013  14.607 16.712  158.73   1.163 2315      0.730  195.24   0.261
OGLE-LMC-LPV-01018  15.570 19.355  517.4    1.306 4425      1.194  530.8    0.326
OGLE-LMC-LPV-01053  17.291    -    425.9    1.744 4237      2.180  433.3    0.378
OGLE-LMC-LPV-01054  14.472 16.735  280.3    1.372 1376      0.330 3195      0.174
OGLE-LMC-LPV-01059  13.849 15.855  199.48   0.873  318.1    0.090  643.5    0.083
OGLE-LMC-LPV-01122  15.624 18.475  283.0    1.430 3968      1.228  281.0    0.418
OGLE-LMC-LPV-01199  15.046 17.666  132.76   0.884 3953      0.336  126.31   0.171
OGLE-LMC-LPV-01225  16.113 19.068  358.2    1.658 4167      2.041  821.7    0.367
OGLE-LMC-LPV-01262  14.097 16.556  245.2    1.444  276.1    0.282 2247      0.223
OGLE-LMC-LPV-01288  14.721 18.259  394.6    0.830 1965      0.255  169.58   0.097
OGLE-LMC-LPV-01309  14.278 16.578  170.41   1.176  475.3    0.290  255.4    0.180
OGLE-LMC-LPV-01312  14.862    -   1179      3.977  306.8    0.360  522.2    0.249
OGLE-LMC-LPV-01408  16.179 19.079  428.2    1.549 1848      1.283  221.5    0.368
OGLE-LMC-LPV-01427  17.954 22.376  435.7    1.869 3876      2.247  223.1    0.428
OGLE-LMC-LPV-01539  14.350 16.687  298.7    1.295 1033      0.222  775.8    0.136
OGLE-LMC-LPV-01571  16.182 20.079  409.8    1.760 1015      0.418 1751      0.286
OGLE-LMC-LPV-01608  14.219 16.916  182.79   1.204  729.9    0.147  469.5    0.125
OGLE-LMC-LPV-01752  14.027 16.275  205.8    0.928  274.4    0.071  116.01   0.070
OGLE-LMC-LPV-01760  15.763 19.570  404.0    1.235  349.3    0.591 1567      0.311
OGLE-LMC-LPV-01785  14.513 17.966  389.2    0.927 1577      0.205  231.2    0.089
OGLE-LMC-LPV-01835  14.351 16.890  236.6    1.571 1161      0.340  130.53   0.161
OGLE-LMC-LPV-01864  18.701    -    477.8    1.505 3289      2.196  507.4    0.336
OGLE-LMC-LPV-01888  18.920    -    477.6    1.887 3226      0.834  471.5    0.278
OGLE-LMC-LPV-01898  14.433 16.780  206.3    0.804  225.8    0.191  298.1    0.123
OGLE-LMC-LPV-01974  16.280 19.190  406.0    1.418 1590      1.128 3745      0.401
OGLE-LMC-LPV-01998  14.529 17.780  256.2    0.844  278.2    0.261  133.71   0.195
OGLE-LMC-LPV-02028  14.791 17.608  297.3    1.247 2445      0.259  498.3    0.116
OGLE-LMC-LPV-02054  15.362 18.967  403.6    0.811 1706      0.754 3484      0.275
OGLE-LMC-LPV-02207  15.403 18.248  356.3    1.525 3226      0.895  743.5    0.382
OGLE-LMC-LPV-02313  16.046 19.730  382.2    1.621 1110      0.893 1838      0.389
OGLE-LMC-LPV-02346  14.391 16.743  171.10   0.828   89.48   0.129  186.43   0.121
OGLE-LMC-LPV-02384  19.371    -    415.5    1.573 1170      0.479  310.4    0.344
OGLE-LMC-LPV-02411  15.410 18.389  469.5    1.038 2545      1.053  297.6    0.273
OGLE-LMC-LPV-02459  16.463 19.829  335.5    1.496 3125      1.123  346.1    0.521
OGLE-LMC-LPV-02466  14.412 16.828  191.89   1.262  101.27   0.093 1497      0.088
OGLE-LMC-LPV-02471  16.899 20.730  409.5    1.181 2538      2.211  408.0    0.937
OGLE-LMC-LPV-02536  17.041 20.403  280.7    1.528 4049      1.973  642.7    0.165
OGLE-LMC-LPV-02539  15.679 17.829  269.3    1.037 3891      1.657  829.2    0.370
OGLE-LMC-LPV-02562  14.643 17.525  314.6    1.363 1258      0.393  177.34   0.139
OGLE-LMC-LPV-02659  15.560 18.939  411.7    1.347 2020      0.623  190.26   0.291
OGLE-LMC-LPV-02746  14.331 16.389  224.9    1.313  256.7    0.186  323.1    0.159
OGLE-LMC-LPV-02759  16.401 19.386  388.7    1.573 1456      0.447 3906      0.313
OGLE-LMC-LPV-02837  14.414 16.417  146.36   1.010  404.5    0.313  227.5    0.200
OGLE-LMC-LPV-02906  14.549 16.611  213.5    1.226  428.3    0.315 1227      0.245
OGLE-LMC-LPV-02945  14.297 16.951  214.7    1.303 1161      0.300  436.5    0.177
OGLE-LMC-LPV-02965  14.643 17.186  153.25   0.923 2571      0.190  191.20   0.118
OGLE-LMC-LPV-02999  17.428 19.195  624.1    1.661 3484      1.158  780.0    0.368
OGLE-LMC-LPV-03019  15.014 18.640  428.8    0.899 3690      0.524  196.54   0.273
OGLE-LMC-LPV-03094  14.980 18.293  375.1    1.217 4219      0.747  409.8    0.169
OGLE-LMC-LPV-03143  19.731    -    530.9    1.823 3584      1.128  218.7    0.279
OGLE-LMC-LPV-03172  14.490 16.656  210.2    1.005  233.6    0.115 1245      0.112
OGLE-LMC-LPV-03180  18.461 23.439  544.5    1.771 1621      1.808 3049      0.724
OGLE-LMC-LPV-03286  15.113 17.643  131.49   0.889   68.89   0.126  284.8    0.106
OGLE-LMC-LPV-03298  16.828 19.589  437.3    1.641 3953      2.053  452.1    0.388
OGLE-LMC-LPV-03327  16.605 19.960  258.7    1.223 2710      0.592  274.3    0.152
OGLE-LMC-LPV-03401  16.316 19.496  473.3    1.390 3891      1.185  776.4    0.227
OGLE-LMC-LPV-03419  14.447 16.330  190.81   1.054  477.1    0.247  138.77   0.139
OGLE-LMC-LPV-03441  18.566    -    627.0    1.804 2732      1.595  680.7    0.387
OGLE-LMC-LPV-03466  14.165 16.296  193.63   0.867  178.51   0.195 2924      0.177
OGLE-LMC-LPV-03480  14.780 17.031  360.0    1.319 3448      0.874  181.55   0.248
OGLE-LMC-LPV-03577  18.495 21.555  539.8    1.698 4184      0.624  185.98   0.106
OGLE-LMC-LPV-03656  16.807 20.647  452.9    1.864 1969      0.714  451.5    0.339
OGLE-LMC-LPV-03693  16.886 21.126  464.7    1.405 3175      1.447  507.1    0.375
OGLE-LMC-LPV-03843  15.062 18.416  372.4    1.351 1110      0.333 2639      0.168
OGLE-LMC-LPV-03910  13.283 20.808 1250      3.734  192.57   0.505  225.1    0.415
OGLE-LMC-LPV-03952  14.722 17.666  178.82   1.679  461.5    0.443 1934      0.227
OGLE-LMC-LPV-04014  14.948 17.858  206.4    1.807  625.4    0.347  286.4    0.216
OGLE-LMC-LPV-04185  20.404    -    609.5    1.407 3597      0.301    2.0779 0.155
OGLE-LMC-LPV-04228  14.683 17.680  205.6    1.449  223.2    0.283 1035      0.167
OGLE-LMC-LPV-04254  14.951 17.663  129.73   1.292  503.3    0.227  175.69   0.197
OGLE-LMC-LPV-04312  14.220 20.724 1265      3.415  329.5    0.205  241.8    0.165
OGLE-LMC-LPV-04314  16.287 20.981  440.8    1.282 1350      0.792 3021      0.392
OGLE-LMC-LPV-04459  14.583 17.265  299.5    0.959 2625      0.390  355.4    0.193
OGLE-LMC-LPV-04565  17.861 21.901  498.6    1.420 2632      4.312  538.5    0.962
OGLE-LMC-LPV-04601  18.033    -    565.6    2.086 2551      2.022  796.2    0.446
OGLE-LMC-LPV-04648  16.931 20.252  394.3    1.962 1965      0.881  401.6    0.307
OGLE-LMC-LPV-04669  14.370 18.040  416.0    1.631  476.0    0.244  200.6    0.215
OGLE-LMC-LPV-04689  14.687    -   1080      3.229 3891      1.003  268.7    0.299
OGLE-LMC-LPV-04798  14.408 20.108  360.2    2.428  731.5    0.630 1706      0.403
OGLE-LMC-LPV-04854  14.716 17.264  167.80   1.514  558.0    0.267 1661      0.185
OGLE-LMC-LPV-04882  19.324    -    890.5    1.988 3040      0.985  432.5    0.392
OGLE-LMC-LPV-04950  16.270 20.060  442.3    1.262 1686      1.096  438.4    0.401
OGLE-LMC-LPV-04953  14.322 16.280  242.8    1.307  403.4    0.180 1464      0.165
OGLE-LMC-LPV-04961  15.272 18.426  183.90   0.878  732.6    0.129  207.1    0.115
OGLE-LMC-LPV-04982  14.017 16.169  162.23   0.859 1403      0.184  323.6    0.157
OGLE-LMC-LPV-04984  14.418 16.677  179.65   0.910  563.1    0.154  166.17   0.127
OGLE-LMC-LPV-04987  17.695    -    378.5    1.527 3876      2.036  369.8    0.472
OGLE-LMC-LPV-04990  17.089 19.672  367.2    1.293 1689      2.797  357.7    0.459
OGLE-LMC-LPV-05054  18.430    -    470.5    1.764 4292      0.606  213.3    0.350
OGLE-LMC-LPV-05122  14.560 17.605  563.1    0.929 4274      1.130  816.3    0.233
OGLE-LMC-LPV-05179  13.288 18.326  756.1    3.140 2959      0.734  636.1    0.334
OGLE-LMC-LPV-05318  16.367 19.938  463.9    2.070 3636      1.217  239.9    0.194
OGLE-LMC-LPV-05341  14.536 17.647  229.6    0.971  247.3    0.387 3115      0.253
OGLE-LMC-LPV-05384  14.585 17.621  237.8    1.550 1307      0.272  130.06   0.184
OGLE-LMC-LPV-05399  17.740 21.417  444.0    1.363 1795      1.181  468.4    0.744
OGLE-LMC-LPV-05500  14.296 16.565  250.0    0.829  276.3    0.245  209.8    0.174
OGLE-LMC-LPV-05517  14.271 16.646  180.22   0.971  447.8    0.206  313.0    0.164
OGLE-LMC-LPV-05548  15.728 18.759  897.7    1.973 1192      1.066 2347      0.569
OGLE-LMC-LPV-05588  19.829    -    530.0    1.679 3279      1.283  580.4    0.282
OGLE-LMC-LPV-05607  16.561 19.852  437.1    1.345 1647      1.654  935.5    0.517
OGLE-LMC-LPV-05728  13.359    -    372.1    2.163  459.6    0.231   79.58   0.100
OGLE-LMC-LPV-05800  15.372 19.693  450.4    2.922 2463      0.709  438.4    0.491
OGLE-LMC-LPV-05878  13.822 18.721  911.6    2.949 4274      1.288  793.0    0.322
OGLE-LMC-LPV-05890  16.976 20.278  246.4    1.458 1560      1.111  149.81   0.384
OGLE-LMC-LPV-05900  15.083 18.881  427.5    1.247 1326      0.287  189.50   0.125
OGLE-LMC-LPV-05918  14.933 18.707  517.7    0.870 1898      0.222  777.6    0.094
OGLE-LMC-LPV-05929  14.649 16.744  231.6    1.395 1116      0.435 2283      0.308
OGLE-LMC-LPV-06049  15.053 18.147  381.0    1.222 1894      0.618 1297      0.226
OGLE-LMC-LPV-06081  16.199 20.605  487.1    0.974 2865      1.268  728.3    0.499
OGLE-LMC-LPV-06171  13.057 16.006  693.9    3.624  172.27   0.313  138.75   0.265
OGLE-LMC-LPV-06232  14.409 16.683  207.8    1.204 1410      0.072   52.03   0.061
OGLE-LMC-LPV-06288  18.187 20.700  470.6    1.646  731.5    1.057 2041      0.752
OGLE-LMC-LPV-06296  18.685    -    524.7    2.038 2315      1.669  629.7    0.331
OGLE-LMC-LPV-06357  14.379 17.678  384.0    1.490 1058      0.264  697.4    0.147
OGLE-LMC-LPV-06398  14.281 17.154  246.0    1.518  501.5    0.294 2786      0.206
OGLE-LMC-LPV-06530  17.525 20.844  455.0    1.707 3650      2.110  444.0    0.562
OGLE-LMC-LPV-06598  14.188 16.760  210.5    1.131  261.1    0.207  171.12   0.174
OGLE-LMC-LPV-06612  14.463 16.872  243.2    0.859 2915      0.240  273.0    0.158
OGLE-LMC-LPV-06615  18.793    -    567.7    2.708 4202      1.713  641.0    0.553
OGLE-LMC-LPV-06635  14.481 17.332  224.3    1.458 1727      0.314  200.4    0.150
OGLE-LMC-LPV-06693  20.539    -    562.9    1.412 1506      0.446  186.64   0.187
OGLE-LMC-LPV-06753  16.994 21.107  381.3    1.659 1502      0.494 3521      0.404
OGLE-LMC-LPV-06807  16.716 19.772  370.3    1.595 1927      1.255  178.38   0.249
OGLE-LMC-LPV-06810  14.381 16.627  159.39   0.874  415.1    0.123  267.9    0.095
OGLE-LMC-LPV-06815  14.427 16.365  121.70   0.807  244.4    0.183  313.6    0.160
OGLE-LMC-LPV-06819  12.972 18.166  886.0    0.972 3788      0.355  425.7    0.156
OGLE-LMC-LPV-06870  14.923 18.529  563.3    1.121 3067      0.807  343.6    0.115
OGLE-LMC-LPV-06875  17.066 21.424  484.3    1.473 4115      0.874  498.3    0.352
OGLE-LMC-LPV-06922  20.567    -    565.3    1.469 3891      1.004  569.2    0.337
OGLE-LMC-LPV-06944  16.604    -   1050      3.121  377.6    0.523  746.8    0.373
OGLE-LMC-LPV-06950  14.586 17.239  316.4    1.052  616.5    0.332 1311      0.175
OGLE-LMC-LPV-06990  16.246 20.404  427.0    0.937 1314      0.312  320.7    0.166
OGLE-LMC-LPV-07084  17.231 21.281  493.1    1.773 4762      1.175  491.4    0.343
OGLE-LMC-LPV-07153  15.811 18.837  373.3    1.063 2695      0.841  359.1    0.313
OGLE-LMC-LPV-07180  14.370    -    322.8    1.537  870.3    0.202  101.38   0.110
OGLE-LMC-LPV-07215  18.539 20.773  513.6    1.353 3861      2.238  256.4    0.621
OGLE-LMC-LPV-07224  16.765 19.783  466.6    1.132 4149      2.199  468.2    0.830
OGLE-LMC-LPV-07267  14.528 17.750  386.7    1.141 1818      0.242  446.4    0.098
OGLE-LMC-LPV-07336  18.195    -    444.4    1.697 4000      0.974  229.9    0.236
OGLE-LMC-LPV-07374  16.881    -    411.9    0.959 3311      1.382  800.6    0.885
OGLE-LMC-LPV-07396  16.923 20.712  318.5    1.326 4762      1.325  170.91   0.439
OGLE-LMC-LPV-07437  14.688 17.622  228.4    1.899  911.6    0.452  340.0    0.188
OGLE-LMC-LPV-07543  16.778 20.043  452.5    1.522 1274      0.797  483.6    0.153
OGLE-LMC-LPV-07590  14.876 18.359  422.3    1.274 4854      0.463  186.92   0.114
OGLE-LMC-LPV-07592  15.828 18.825  449.9    0.999 1326      0.636  496.5    0.259
OGLE-LMC-LPV-07603  16.842 20.319  492.6    1.464 2732      0.503  554.9    0.193
OGLE-LMC-LPV-07804  19.510    -    663.1    2.188 4525      1.567 2513      0.591
OGLE-LMC-LPV-07944  14.202 16.420  210.7    1.425 1515      0.330  336.0    0.181
OGLE-LMC-LPV-07945  17.988 20.605  475.5    1.637 2304      1.962 1366      1.017
OGLE-LMC-LPV-08058  15.945 19.487  377.8    1.546 2020      0.428  539.1    0.135
OGLE-LMC-LPV-08113  14.848 18.014  253.3    2.337  593.8    0.278 2347      0.124
OGLE-LMC-LPV-08252  14.328 16.667  153.70   1.030  492.4    0.254  224.2    0.184
OGLE-LMC-LPV-08424  16.765 20.895  525.2    1.811 2646      1.366  546.4    0.260
OGLE-LMC-LPV-08476  16.954 20.690  331.3    1.289 2066      2.267 3509      0.592
OGLE-LMC-LPV-08536  17.076 20.998  503.0    1.286 2597      1.807  247.6    0.466
OGLE-LMC-LPV-08855  15.705 18.888  364.4    1.174 2024      1.109 3663      0.446
OGLE-LMC-LPV-08922  16.405 20.221  379.3    1.306 1862      0.575 1236      0.305
OGLE-LMC-LPV-08988  14.335 17.073  323.8    0.888 1560      0.211  394.0    0.144
OGLE-LMC-LPV-09007  14.848 17.708  356.3    1.253 3049      0.531  169.89   0.118
OGLE-LMC-LPV-09008  12.998 16.705  325.9    1.953  768.6    0.153  214.6    0.082
OGLE-LMC-LPV-09033  16.950 20.654  491.6    1.216 1656      1.050 4065      0.786
OGLE-LMC-LPV-09034  13.002 17.367  574.7    2.646 1862      0.380  215.1    0.189
OGLE-LMC-LPV-09045  14.171 16.355  258.7    1.096  285.0    0.123  122.94   0.061
OGLE-LMC-LPV-09049  17.916    -    491.7    1.781 3546      4.449  480.1    0.476
OGLE-LMC-LPV-09051  16.845    -    377.5    1.348 2488      1.794  356.3    0.909
OGLE-LMC-LPV-09063  13.993 17.016  267.4    0.984  150.13   0.145  122.82   0.105
OGLE-LMC-LPV-09071  15.543 19.471  467.1    1.356 3953      0.305  499.8    0.178
OGLE-LMC-LPV-09076  16.739 20.621  412.2    1.157 4132      1.370  412.4    0.531
OGLE-LMC-LPV-09268  14.287 16.931  332.2    1.107  886.5    0.233  380.8    0.174
OGLE-LMC-LPV-09422  12.775 16.846  879.8    3.320 2950      0.112  116.33   0.073
OGLE-LMC-LPV-09489  16.406 19.312  467.6    1.313 3891      1.424  789.3    0.513
OGLE-LMC-LPV-09559  14.113 16.245  216.2    1.242  268.0    0.104  198.77   0.094
OGLE-LMC-LPV-09601  14.575 17.607  340.4    1.016 1015      0.521 2304      0.253
OGLE-LMC-LPV-09653  14.243 17.207  333.5    2.413  784.3    0.504  607.9    0.256
OGLE-LMC-LPV-09693  15.558 18.371  494.3    2.337 1005      1.141 3610      0.803
OGLE-LMC-LPV-09701  13.063 16.985  662.3    2.770 1333      0.345  164.23   0.305
OGLE-LMC-LPV-09702  14.221 16.646  305.8    0.882  160.03   0.185  406.7    0.152
OGLE-LMC-LPV-09703  17.262 20.977  391.0    1.476 3289      1.418  379.1    0.755
OGLE-LMC-LPV-09743  14.385 16.945  284.9    0.875  256.0    0.197  311.3    0.159
OGLE-LMC-LPV-09756  17.257 21.316  572.3    1.764 3802      1.556  578.7    0.266
OGLE-LMC-LPV-09807  14.271 17.559  354.5    2.145  831.3    0.434  594.2    0.196
OGLE-LMC-LPV-09816  14.719 17.542  238.0    2.514 1178      0.315  468.8    0.252
OGLE-LMC-LPV-10004  14.331 18.100  386.6    2.424  926.8    0.342   95.48   0.136
OGLE-LMC-LPV-10017  15.045 17.951  299.6    1.365 3891      0.859  827.1    0.434
OGLE-LMC-LPV-10032  14.236    -    383.2    2.612 1156      0.374   95.64   0.175
OGLE-LMC-LPV-10137  13.054 17.591  660.6    2.876 2618      0.357  232.0    0.182
OGLE-LMC-LPV-10225  18.551    -    546.5    1.693 1471      1.235 2545      1.127
OGLE-LMC-LPV-10260  14.751    -    498.8    1.054 3448      0.299  153.73   0.139
OGLE-LMC-LPV-10292  14.078 16.491  214.2    1.212 2227      0.156  162.89   0.103
OGLE-LMC-LPV-10419  18.435    -    589.6    1.927 2114      1.432 4310      0.870
OGLE-LMC-LPV-10425  14.383 17.256  229.3    1.799 1582      0.466 3802      0.226
OGLE-LMC-LPV-10522  15.044 17.872  149.75   1.046 4525      0.440  159.74   0.136
OGLE-LMC-LPV-10534  14.343 17.136  241.5    1.959  396.8    0.285 1101      0.192
OGLE-LMC-LPV-10559  14.715 17.801  321.3    1.267 1319      0.415  311.3    0.131
OGLE-LMC-LPV-10601  14.538 18.237  278.2    0.844  134.55   0.163  238.3    0.150
OGLE-LMC-LPV-10609  14.144 16.181  176.67   1.083  714.3    0.260  393.4    0.283
OGLE-LMC-LPV-10643  14.298 16.611  159.63   0.966 3058      0.232  222.9    0.179
OGLE-LMC-LPV-10647  15.751 19.563  474.0    1.405 1980      1.067  491.9    0.361
OGLE-LMC-LPV-10702  15.271 18.583  537.0    1.504 1374      0.752 2415      0.443
OGLE-LMC-LPV-10798  16.956 20.875  397.1    1.957 1845      1.108  132.82   0.519
OGLE-LMC-LPV-10812  16.853 20.137  420.7    1.498 3390      3.017  196.81   0.298
OGLE-LMC-LPV-10831  17.369    -    476.0    1.473 2525      1.111  481.0    0.535
OGLE-LMC-LPV-10836  20.337    -    515.0    1.494 4219      1.597  562.1    0.558
OGLE-LMC-LPV-10933  16.434    -    911.1    3.429  299.2    0.199  301.8    0.189
OGLE-LMC-LPV-11035  13.758 17.086  389.1    2.296  880.3    0.226 6329      0.217
OGLE-LMC-LPV-11043  15.806 19.155  403.1    1.679 1667      0.348  272.2    0.158
OGLE-LMC-LPV-11105  14.215 16.697  222.9    1.183  516.8    0.245  395.9    0.149
OGLE-LMC-LPV-11122  14.491 16.876  155.89   0.905 2688      0.332  163.80   0.223
OGLE-LMC-LPV-11157  14.675 18.393  418.2    0.825 5682      0.375  545.3    0.156
OGLE-LMC-LPV-11163  14.371 16.912  314.0    0.863 6061      0.341  585.1    0.137
OGLE-LMC-LPV-11237  17.338 20.935  516.8    1.100 1445      2.477  546.1    1.168
OGLE-LMC-LPV-11284  15.098 17.632  273.5    1.228  660.5    0.299 1502      0.296
OGLE-LMC-LPV-11318  14.019 16.059  161.82   0.952  547.6    0.210  313.4    0.172
OGLE-LMC-LPV-11363  14.506 17.704  281.6    2.163  550.7    0.208  257.1    0.163
OGLE-LMC-LPV-11373  15.504 17.824  240.9    1.495 1302      0.522  362.1    0.249
OGLE-LMC-LPV-11378  12.852 16.467  474.9    0.880 1299      0.159  372.0    0.129
OGLE-LMC-LPV-11394  14.418 16.811  171.93   0.960 2801      0.315  184.91   0.246
OGLE-LMC-LPV-11452  14.164 16.695  319.0    0.970 3571      0.264  232.0    0.159
OGLE-LMC-LPV-11472  14.911 17.112  343.2    1.565 3356      1.084  361.3    0.263
OGLE-LMC-LPV-11557  16.290 19.861  428.9    1.266 4292      2.898  746.3    0.985
OGLE-LMC-LPV-11599  17.481    -    664.0    1.784 3922      3.762  550.1    1.147
OGLE-LMC-LPV-11607  14.433 16.890  287.8    0.974  246.4    0.171 1079      0.153
OGLE-LMC-LPV-11637  13.370 16.861  927.7    3.114 6452      0.948  233.1    0.301
OGLE-LMC-LPV-11774  17.952 21.735  540.8    1.199 2242      1.639  266.0    0.485
OGLE-LMC-LPV-11840  14.497 16.870  195.84   1.478 1880      0.242  489.2    0.125
OGLE-LMC-LPV-11854  19.047 20.053  552.4    1.338 2577      0.238 1024      0.205
OGLE-LMC-LPV-11929  14.406 16.288  221.6    1.383 4065      0.406  716.3    0.212
OGLE-LMC-LPV-11976  12.902 16.614  610.5    2.512  741.3    0.564 1075      0.178
OGLE-LMC-LPV-12021  14.225 16.444  155.39   0.800  673.4    0.267   87.67   0.180
OGLE-LMC-LPV-12074  12.646 15.953  656.7    2.257 4545      0.249  308.5    0.160
OGLE-LMC-LPV-12100  14.259 16.875  314.0    1.110  603.5    0.231 2817      0.183
OGLE-LMC-LPV-12125  13.865 17.620  391.3    2.526 5556      1.048  187.34   0.550
OGLE-LMC-LPV-12167  17.077 20.789  445.8    1.330 1953      2.506  968.1    0.642
OGLE-LMC-LPV-12184   8.104 13.243  330.5    2.805    5.7090 0.611  307.1    0.598
OGLE-LMC-LPV-12202  18.303    -    420.2    1.749 3546      0.384  407.3    0.178
OGLE-LMC-LPV-12213  17.509 20.442  306.3    1.624 4065      1.931  305.3    0.175
OGLE-LMC-LPV-12234  15.160 18.921  475.7    1.228 4065      0.433  490.4    0.199
OGLE-LMC-LPV-12236  14.896 17.520  146.26   1.345  729.4    0.397  469.3    0.314
OGLE-LMC-LPV-12320  14.648 17.212  385.4    1.386 3135      0.431  361.9    0.205
OGLE-LMC-LPV-12397  18.865 21.494  577.1    1.911 2545      1.775 1060      0.991
OGLE-LMC-LPV-12406  17.429 20.728  496.3    1.399 6711      0.536  471.9    0.247
OGLE-LMC-LPV-12488  19.336    -    580.1    1.884 3584      1.371  161.26   0.289
OGLE-LMC-LPV-12633  15.299 18.500  375.9    1.351 3846      0.807  370.9    0.274
OGLE-LMC-LPV-12671  14.274 16.477  168.35   1.050 1062      0.328  323.8    0.132
OGLE-LMC-LPV-12695  14.128 16.273  247.8    1.374 5714      0.201  265.2    0.123
OGLE-LMC-LPV-12712  14.485 16.552  123.33   0.880  334.0    0.257  279.1    0.170
OGLE-LMC-LPV-12829  14.620 16.939  232.0    1.337 2857      0.429  250.3    0.245
OGLE-LMC-LPV-12840  14.941 17.582  323.7    1.223 1681      0.809  306.6    0.443
OGLE-LMC-LPV-12874  14.151 16.393  179.10   0.957  187.83   0.176  731.0    0.143
OGLE-LMC-LPV-12878  17.192 20.998  416.4    1.582 1770      0.454  697.4    0.185
OGLE-LMC-LPV-12879  17.569 21.616  477.6    1.671 3831      2.286  763.4    0.385
OGLE-LMC-LPV-12966  15.899 18.741  328.2    1.536  419.8    0.599 1311      0.394
OGLE-LMC-LPV-12990  14.703 17.934  408.9    1.107 1299      0.507 1919      0.200
OGLE-LMC-LPV-13021  14.309 16.844  200.8    0.846  216.1    0.226 2959      0.195
OGLE-LMC-LPV-13039  15.876 19.065  481.8    1.371 1267      0.216  321.3    0.132
OGLE-LMC-LPV-13146  14.113 16.288  304.3    0.979  399.5    0.155  276.3    0.094
OGLE-LMC-LPV-13201  18.921    -    534.5    1.548 1852      1.052 1383      0.799
OGLE-LMC-LPV-13203  15.989 18.667  234.0    1.156 1692      0.744  479.8    0.262
OGLE-LMC-LPV-13563  14.834 17.718  314.1    1.276 1289      0.890 3937      0.268
OGLE-LMC-LPV-13618  15.070 17.417  124.04   0.969 4167      0.303  128.35   0.174
OGLE-LMC-LPV-13662  15.251 18.041  307.2    1.124 1399      0.375  427.2    0.246
OGLE-LMC-LPV-13666  14.775 17.315  313.2    1.137 3906      0.648  718.4    0.300
OGLE-LMC-LPV-13815  16.410 19.841  428.0    1.016 1972      1.473  411.2    0.508
OGLE-LMC-LPV-13856  17.036 21.558  475.3    1.418 2212      1.194 1420      0.402
OGLE-LMC-LPV-13977  18.011    -    467.0    1.798 2597      0.611  642.7    0.207
OGLE-LMC-LPV-13999  15.781 18.043  306.9    1.317 3205      1.819  706.7    0.381
OGLE-LMC-LPV-14018  14.381 17.723  391.5    0.884  974.7    0.192  280.2    0.081
OGLE-LMC-LPV-14120  14.299 16.865  310.5    0.962  440.7    0.177 1081      0.130
OGLE-LMC-LPV-14221  18.096    -    567.1    1.884 4184      1.318  504.0    0.427
OGLE-LMC-LPV-14267  15.614 18.971  434.2    1.079 2695      0.922  435.9    0.414
OGLE-LMC-LPV-14292  13.548 16.217  416.6    1.276  364.2    0.169  578.0    0.095
OGLE-LMC-LPV-14326  14.515 17.584  214.7    0.937  112.94   0.292  759.9    0.255
OGLE-LMC-LPV-14505  14.386 17.359  234.1    1.687  476.9    0.253  342.9    0.175
OGLE-LMC-LPV-14535  17.801    -    485.9    2.261  209.2    1.385    2.0162 1.150
OGLE-LMC-LPV-14604  14.965 17.898  400.8    1.018 2033      1.062 1495      0.584
OGLE-LMC-LPV-14609  13.993 16.590  224.1    1.406  117.44   0.164  107.47   0.151
OGLE-LMC-LPV-14616  16.567 20.814  396.8    1.448 2882      0.473  361.0    0.230
OGLE-LMC-LPV-14701  14.346 17.411  405.4    0.947 2513      0.295  393.9    0.154
OGLE-LMC-LPV-14836  15.555 18.245  276.4    1.193 4505      1.223 1096      0.440
OGLE-LMC-LPV-14854  14.341    -    324.4    1.079  706.2    0.451 2041      0.202
OGLE-LMC-LPV-14860  15.756 18.078  203.9    0.982 2247      1.085 4545      0.473
OGLE-LMC-LPV-14907  14.243 16.797  173.06   1.065  442.3    0.206  914.1    0.182
OGLE-LMC-LPV-14995  14.495 16.828  169.93   0.842 3759      0.286  178.83   0.250
OGLE-LMC-LPV-15053  14.146 18.072  375.8    1.475  413.2    0.357  247.1    0.203
OGLE-LMC-LPV-15057  15.507 18.804  388.0    0.871 1488      0.642 2137      0.595
OGLE-LMC-LPV-15304  17.294 21.316  479.1    0.924 1247      1.543 1883      0.853
OGLE-LMC-LPV-15339  14.015 16.620  231.0    0.903  260.3    0.172  120.16   0.148
OGLE-LMC-LPV-15353  15.526 18.023  305.7    1.197 3774      0.810  773.4    0.438
OGLE-LMC-LPV-15378  19.607    -    257.4    1.158 1672      1.049 3003      0.487
OGLE-LMC-LPV-15419  14.477 19.652  577.2    3.115 2525      0.408  144.84   0.244
OGLE-LMC-LPV-15443  19.756    -    474.4    1.962 5714      0.342  469.7    0.345
OGLE-LMC-LPV-15485  16.066 19.844  350.1    1.138 2695      0.615  412.7    0.170
OGLE-LMC-LPV-15508  14.716 17.581  205.7    1.620  238.8    0.322  881.1    0.272
OGLE-LMC-LPV-15527  15.931 19.778  445.4    1.230 1121      0.730 4831      0.630
OGLE-LMC-LPV-15539  13.084 16.274  464.5    1.542  216.3    0.270 1466      0.266
OGLE-LMC-LPV-15717  14.459 16.107  138.20   1.042  490.0    0.238  191.61   0.183
OGLE-LMC-LPV-15748  14.147 16.210  251.2    0.973  285.4    0.183  133.44   0.125
OGLE-LMC-LPV-15866  18.258    -    378.6    1.487 2146      1.904  197.59   0.158
OGLE-LMC-LPV-15885  16.077 19.440  393.6    1.529 1082      0.384 1949      0.299
OGLE-LMC-LPV-15933  14.272 16.504  175.65   0.825  170.24   0.144  197.47   0.145
OGLE-LMC-LPV-16167  14.148 17.852  305.9    1.472 1214      0.136  159.39   0.099
OGLE-LMC-LPV-16227  16.341 20.255  473.4    1.362 2028      0.821  212.0    0.366
OGLE-LMC-LPV-16249  14.565 17.256  206.8    1.480  588.2    0.303  318.8    0.152
OGLE-LMC-LPV-16412  14.293 16.248  207.8    0.971  117.92   0.074 4202      0.066
OGLE-LMC-LPV-16431  15.652 19.542  490.7    1.709 1736      2.004 3953      0.398
OGLE-LMC-LPV-16566  14.159 16.202  258.7    1.093  586.5    0.206  180.57   0.100
OGLE-LMC-LPV-16587  17.532 21.010  329.8    1.646 1686      4.411  320.5    0.491
OGLE-LMC-LPV-16684  16.535 20.001  464.0    1.167 1572      1.528 3436      0.559
OGLE-LMC-LPV-16719  15.834 17.897  374.3    1.234 1639      0.426 3472      0.284
OGLE-LMC-LPV-16796  14.167 19.049  357.0    2.713  819.7    0.616 1698      0.177
OGLE-LMC-LPV-16846  14.007 16.000  162.20   1.021  535.9    0.125  151.06   0.078
OGLE-LMC-LPV-16902  13.252 17.356  607.5    2.295 3322      0.290  183.82   0.134
OGLE-LMC-LPV-16987  14.788 18.375  277.0    2.729  331.3    0.204 1626      0.149
OGLE-LMC-LPV-17021  18.736    -    417.9    1.414 1754      2.373 3311      1.840
OGLE-LMC-LPV-17041  14.435 17.045  317.0    1.174 3788      0.409  935.5    0.234
OGLE-LMC-LPV-17075  20.610    -    589.0    1.545 3717      1.201  263.2    0.517
OGLE-LMC-LPV-17108  14.497 17.437  378.7    1.246 3636      0.638  419.1    0.184
OGLE-LMC-LPV-17111  13.654 17.457  428.4    1.407 6061      0.441  596.7    0.127
OGLE-LMC-LPV-17145  15.386 18.596  372.3    0.868 1976      0.860 1215      0.395
OGLE-LMC-LPV-17203  14.581 17.703  232.4    2.074  723.1    0.322 1368      0.201
OGLE-LMC-LPV-17206  14.182 16.114  143.58   0.998  583.4    0.125  355.4    0.077
OGLE-LMC-LPV-17295  15.588 19.064  436.5    0.803 3610      1.180  800.0    0.348
OGLE-LMC-LPV-17336  15.493 18.679  343.5    1.018 2762      0.847 1124      0.411
OGLE-LMC-LPV-17363  15.935 19.895  495.6    1.288 2101      0.587 4717      0.357
OGLE-LMC-LPV-17419  13.261    -    753.4    2.720 1730      0.349  192.53   0.160
OGLE-LMC-LPV-17437  14.294 16.634  256.5    0.948 6024      0.365  268.3    0.118
OGLE-LMC-LPV-17449  14.406 17.006  196.38   1.271 1634      0.163  179.50   0.119
OGLE-LMC-LPV-17465  16.651 20.729  358.0    1.278 2519      2.246  180.34   0.374
OGLE-LMC-LPV-17601  18.171 20.861  359.2    1.608 3534      0.528  193.09   0.102
OGLE-LMC-LPV-17631  19.385    -    544.8    2.056 2421      0.518  218.5    0.149
OGLE-LMC-LPV-17666  17.133 19.304  301.1    1.289 2907      2.377  307.1    0.366
OGLE-LMC-LPV-17739  17.332 20.576  588.6    1.651 2865      3.413 2049      1.376
OGLE-LMC-LPV-17753  14.256 16.651  198.85   0.845  227.2    0.176  250.9    0.139
OGLE-LMC-LPV-17758  19.257    -    610.1    2.173 2506      1.752  511.5    0.751
OGLE-LMC-LPV-17846  16.574 19.916  342.4    1.264 1577      2.845 1894      0.960
OGLE-LMC-LPV-17849  15.323 18.378  345.1    1.575 3922      0.430  371.5    0.172
OGLE-LMC-LPV-17853  13.279 17.413  467.9    3.158  667.1    0.551 1506      0.289
OGLE-LMC-LPV-17881  13.481 17.414  597.8    2.543 1134      0.461 1934      0.255
OGLE-LMC-LPV-17959  14.517 16.889  165.99   1.469  440.9    0.319  274.0    0.184
OGLE-LMC-LPV-17962  14.889 17.613  305.0    1.375  768.0    0.170  490.2    0.102
OGLE-LMC-LPV-17976  16.472 20.067  352.7    1.380 2825      0.629 4926      0.359
OGLE-LMC-LPV-17977  17.029 21.010  410.7    1.228 1065      0.890 2874      0.561
OGLE-LMC-LPV-18001  14.005 16.598  233.9    0.987  325.2    0.131  122.16   0.123
OGLE-LMC-LPV-18008  15.759 19.008  410.8    1.341 1350      0.512 3534      0.484
OGLE-LMC-LPV-18181  14.259 16.914  302.2    0.948 1047      0.134  687.3    0.120
OGLE-LMC-LPV-18279  15.650 18.756  389.3    1.369 6944      0.577 1309      0.490
OGLE-LMC-LPV-18291  15.933 19.444  421.7    1.519 1767      0.735  196.77   0.435
OGLE-LMC-LPV-18322  18.046    -    403.7    1.593 2532      1.667  415.8    0.381
OGLE-LMC-LPV-18353  14.252 17.972  323.4    2.269 1242      0.355  779.4    0.260
OGLE-LMC-LPV-18365  14.849 18.366  439.6    0.856 6211      0.734 1179      0.207
OGLE-LMC-LPV-18450  15.542 18.493  383.1    1.493 1953      0.638 1188      0.251
OGLE-LMC-LPV-18455  14.534 18.891  499.7    2.907 4566      0.380  126.20   0.235
OGLE-LMC-LPV-18478  17.006 19.810  360.6    1.545 2653      1.637 1010      0.702
OGLE-LMC-LPV-18597  17.579 22.154  483.8    2.004 3968      3.310  241.0    0.676
OGLE-LMC-LPV-18674  16.088 18.930  416.9    1.314 1383      1.007 4115      0.700
OGLE-LMC-LPV-18728  14.405 16.743  290.6    0.950  723.1    0.140 1395      0.096
OGLE-LMC-LPV-18734  19.506    -    526.0    1.246 2564      1.336  567.2    0.714
OGLE-LMC-LPV-18746  17.624 20.108  464.9    0.844 6452      1.097 4000      0.545
OGLE-LMC-LPV-18748  14.451 17.316  209.1    0.807 3226      0.217  110.17   0.187
OGLE-LMC-LPV-18787  14.136 16.213  252.0    1.123  294.6    0.138  481.2    0.100
OGLE-LMC-LPV-18816  14.852 17.939  206.3    1.918  425.7    0.444 1582      0.253
OGLE-LMC-LPV-18832  14.855 18.286  507.1    0.822 2488      1.084 1698      0.388
OGLE-LMC-LPV-18856  15.390 18.340  312.4    1.307 1420      0.796 2833      0.367
OGLE-LMC-LPV-18996  14.405 16.939  270.4    0.852 1553      0.204  323.7    0.119
OGLE-LMC-LPV-19063  12.915 16.857  465.1    1.255  264.9    0.218  594.9    0.114
OGLE-LMC-LPV-19073  14.022 16.931  251.3    1.311  741.8    0.174 1245      0.159
OGLE-LMC-LPV-19105  16.966 20.157  219.9    1.566 1805      1.292  735.8    0.458
OGLE-LMC-LPV-19152  14.056 16.689  362.8    0.927  187.69   0.171  276.0    0.117
OGLE-LMC-LPV-19261  14.616 17.356  293.8    0.984 2347      0.330  937.2    0.203
OGLE-LMC-LPV-19272  14.723 17.277  325.5    1.279 5525      0.476  330.7    0.183
OGLE-LMC-LPV-19279  14.297 17.798  339.7    1.173 6452      0.248  181.65   0.163
OGLE-LMC-LPV-19280  17.061 20.200  468.0    1.758 1650      1.017  558.0    0.446
OGLE-LMC-LPV-19417  14.459 16.484  134.06   0.846  181.62   0.143 2278      0.124
OGLE-LMC-LPV-19425  14.372 16.904  311.1    1.223 1582      0.331  232.5    0.192
OGLE-LMC-LPV-19464  14.980 18.817  352.3    0.814 1385      0.333 1117      0.228
OGLE-LMC-LPV-19563  16.157 19.999  475.5    0.847 3413      0.804  486.1    0.400
OGLE-LMC-LPV-19628  17.445 21.507  499.1    1.498 1357      0.901 3676      0.451
OGLE-LMC-LPV-19639  16.227 20.323  391.6    1.792 3717      1.216  186.01   0.295
OGLE-LMC-LPV-19756  14.362 17.932  329.9    2.439 1412      0.335  561.5    0.238
OGLE-LMC-LPV-19773  16.905 21.242  358.9    1.928 2801      2.190  307.9    0.744
OGLE-LMC-LPV-19886  20.609    -    664.3    1.482 2000      0.677  566.6    0.326
OGLE-LMC-LPV-19919  15.439 18.252  325.9    0.910 4065      1.160  723.1    0.430
OGLE-LMC-LPV-19934  18.068 21.738  301.8    1.511 2481      1.060 3125      0.745
OGLE-LMC-LPV-20066  16.512 21.259  387.5    1.684 1012      0.498 2874      0.375
OGLE-LMC-LPV-20094  18.792    -    579.1    1.672 2381      0.585  190.51   0.248
OGLE-LMC-LPV-20128  14.360 16.433  130.43   0.864  297.0    0.258  226.9    0.239
OGLE-LMC-LPV-20206  19.988    -    484.8    1.573 4098      0.593  480.3    0.427
OGLE-LMC-LPV-20262  14.392 16.524  177.45   0.831  187.62   0.258  249.9    0.185
OGLE-LMC-LPV-20297  15.909 18.338  331.5    1.710 2415      1.011  245.2    0.325
OGLE-LMC-LPV-20315  16.930 20.300  476.9    1.505 2079      2.166 3559      1.996
OGLE-LMC-LPV-20320  16.744 20.778  370.6    1.470 4329      1.513  897.7    0.258
OGLE-LMC-LPV-20348  14.416 16.764  165.09   0.834 1052      0.210  126.94   0.134
OGLE-LMC-LPV-20426  14.902 18.016  471.4    1.254 4525      0.541  479.4    0.100
OGLE-LMC-LPV-20437  14.790 17.312  143.96   1.407  672.0    0.407  504.5    0.170
OGLE-LMC-LPV-20446  15.891 19.090  351.3    1.357 1965      0.791 6897      0.507
OGLE-LMC-LPV-20461  17.830 21.022  527.5    1.322 3030      0.321  317.5    0.115
OGLE-LMC-LPV-20468  17.042 21.846  542.3    1.294 2584      2.081  265.8    0.250
OGLE-LMC-LPV-20469  14.126 16.202  153.54   1.034  304.5    0.223  499.5    0.168
OGLE-LMC-LPV-20527  14.456 17.495  256.2    1.861 6250      0.284  809.1    0.152
OGLE-LMC-LPV-20689  18.103 22.302  529.4    2.080 5051      2.195  545.9    0.750
OGLE-LMC-LPV-20709  16.864 20.103  400.0    1.202 1543      1.401 3610      1.014
OGLE-LMC-LPV-20728  18.928    -    483.8    1.388 1852      1.297  385.4    0.474
OGLE-LMC-LPV-20822  15.476 18.134  353.2    1.431 2320      1.270  193.99   0.122
OGLE-LMC-LPV-20901  16.444 19.565  467.3    1.301 2747      1.327 1155      0.259
OGLE-LMC-LPV-21137  14.297 16.888  227.4    1.645 6623      0.327  278.9    0.123
OGLE-LMC-LPV-21159  14.800 17.318  265.1    1.209 4219      0.794  616.5    0.211
OGLE-LMC-LPV-21191  14.543 17.752  400.3    0.815 1946      0.605 7692      0.211
OGLE-LMC-LPV-21227  14.662 16.441  333.7    1.496 2667      1.134  236.1    0.192
OGLE-LMC-LPV-21247  14.797 18.029  258.4    2.262  684.9    0.558  431.6    0.387
OGLE-LMC-LPV-21288  15.129 17.755  355.8    1.391 2096      0.995 3636      0.493
OGLE-LMC-LPV-21360  14.599 17.483  295.5    0.960 3731      0.255  355.2    0.114
OGLE-LMC-LPV-21381  16.479 20.353  501.8    0.991 1642      2.210  732.1    1.447
OGLE-LMC-LPV-21421  14.290 16.672  175.98   1.235 2075      0.343  314.8    0.170
OGLE-LMC-LPV-21443  19.594    -    731.7    1.675 5319      1.317  713.3    0.386
OGLE-LMC-LPV-21460  14.086 16.509  223.1    1.340  265.7    0.167 1304      0.109
OGLE-LMC-LPV-21489  13.798 16.509  337.5    1.827  710.2    0.408  969.9    0.241
OGLE-LMC-LPV-21574  14.189 16.492  190.79   0.942  562.7    0.229  101.02   0.120
OGLE-LMC-LPV-21579  16.839    -    322.0    1.605 3922      0.870 1030      0.434
OGLE-LMC-LPV-21626  18.905    -    516.7    1.591 3906      2.121  487.1    0.307
OGLE-LMC-LPV-21698  14.173 17.355  365.0    2.267  723.6    0.527 6135      0.369
OGLE-LMC-LPV-21923  14.736 18.348  422.1    0.962 4505      0.406  423.0    0.253
OGLE-LMC-LPV-21989  15.351 18.815  439.9    0.916 2584      0.911  229.4    0.338
OGLE-LMC-LPV-22019  16.905 20.326  412.7    1.112 1475      2.665 3401      0.590
OGLE-LMC-LPV-22146  14.521 16.834  270.1    1.245  245.4    0.127 1745      0.094
OGLE-LMC-LPV-22188  14.159 16.500  188.79   1.444  311.0    0.218 1056      0.157
OGLE-LMC-LPV-22356  13.109 16.753  636.3    2.978 2110      0.369  157.83   0.211
OGLE-LMC-LPV-22362  15.620 18.610  402.3    1.331 1330      1.256  391.4    0.332
OGLE-LMC-LPV-22381  15.025 18.260  367.0    1.183 1802      0.857 3390      0.486
OGLE-LMC-LPV-22410  16.211 19.381  358.7    1.333 3610      1.436  343.8    0.367
OGLE-LMC-LPV-22528  15.475 19.281  309.7    0.819 3546      0.479  761.6    0.324
OGLE-LMC-LPV-22542  16.461 19.822  559.6    1.284 2519      3.020  579.4    0.775
OGLE-LMC-LPV-22555  17.127 21.233  368.6    1.619 3226      0.915  179.12   0.123
OGLE-LMC-LPV-22601  14.006 16.784  377.0    1.388  234.6    0.086 1068      0.081
OGLE-LMC-LPV-22617  14.549 16.968  259.2    1.355 4310      0.331  745.2    0.088
OGLE-LMC-LPV-22645  14.563 16.767  249.7    1.328 1927      0.315  217.0    0.194
OGLE-LMC-LPV-22646  15.505 19.106  351.6    1.746 3906      1.101  362.2    0.208
OGLE-LMC-LPV-22684  14.523 17.027  169.20   1.506  729.4    0.360  342.7    0.268
OGLE-LMC-LPV-22827  15.753 19.055  469.8    1.309 2404      0.743  440.1    0.407
OGLE-LMC-LPV-22906  14.379 16.660  164.59   0.854 1109      0.117 3717      0.117
OGLE-LMC-LPV-23012  14.230 16.191  224.0    1.041 3030      0.246  735.8    0.142
OGLE-LMC-LPV-23014  18.015 21.206  373.5    1.878 4000      0.570  402.4    0.277
OGLE-LMC-LPV-23215  16.865 21.017  597.9    1.776 3436      0.273  167.67   0.167
OGLE-LMC-LPV-23304  15.440 18.165  312.2    1.373 3205      1.384  724.1    0.263
OGLE-LMC-LPV-23357  17.250    -    489.7    1.789 3356      2.412  237.3    0.573
OGLE-LMC-LPV-23372  14.565 17.380  354.7    0.838 5128      0.253  183.02   0.114
OGLE-LMC-LPV-23431  13.797 16.377  425.6    0.966 5236      0.224  387.1    0.129
OGLE-LMC-LPV-23510  15.705    -    412.4    2.114 4202      1.296  159.92   0.326
OGLE-LMC-LPV-23646  18.771 21.600  582.3    1.548 2110      0.641  292.0    0.471
OGLE-LMC-LPV-23670  15.509 18.754  312.9    0.885 4505      0.398 1133      0.266
OGLE-LMC-LPV-23680  14.334 16.103  162.08   1.142 1266      0.383  753.0    0.202
OGLE-LMC-LPV-23784  17.541 21.926  624.0    2.274 3817      3.213  753.0    0.598
OGLE-LMC-LPV-23791  14.542 16.956  317.2    1.196 2967      0.457  168.55   0.195
OGLE-LMC-LPV-23990  13.094 16.376  794.2    3.106 5682      0.684  200.0    0.219
OGLE-LMC-LPV-23992  18.099 21.788  575.3    1.906 2278      0.915 4219      0.395
OGLE-LMC-LPV-24027  19.888    -    464.8    1.685 3953      0.430 6849      0.282
OGLE-LMC-LPV-24082  18.095    -    507.9    2.035 1597      1.318 1008      0.578
OGLE-LMC-LPV-24134  17.034 20.070  578.8    1.130 1767      1.275 1105      0.567
OGLE-LMC-LPV-24138  17.986 21.573  638.4    2.368 3623      0.638  285.8    0.254
OGLE-LMC-LPV-24184  14.685 17.988  251.3    1.817  573.1    0.196  139.63   0.142
OGLE-LMC-LPV-24266  15.337 18.138  307.2    1.207 1727      0.675 6897      0.330
OGLE-LMC-LPV-24445  15.875 19.729  341.4    1.498 2457      0.688  354.1    0.316
OGLE-LMC-LPV-24477  14.423 16.634  166.96   0.863  256.3    0.142  333.4    0.138
OGLE-LMC-LPV-24519  15.496 18.240  386.4    1.406 2119      1.223 4484      0.224
OGLE-LMC-LPV-24524  14.184 16.781  215.3    1.547  572.7    0.308  253.0    0.228
OGLE-LMC-LPV-24536  19.547    -    646.9    2.135 4167      0.840  332.2    0.419
OGLE-LMC-LPV-24545  14.119 16.517  302.7    0.804  333.4    0.132  476.9    0.073
OGLE-LMC-LPV-24564  13.075 15.101  394.3    1.229  180.70   0.212  499.3    0.136
OGLE-LMC-LPV-24602  17.900 22.012  441.1    1.306 3891      0.897  427.4    0.274
OGLE-LMC-LPV-24603  16.619 20.011  404.4    1.120 2793      0.766  191.61   0.464
OGLE-LMC-LPV-24634  14.195 16.396  284.7    1.234  885.7    0.193  549.5    0.134
OGLE-LMC-LPV-24746  14.616 18.583  401.9    2.615 1613      0.482  271.1    0.178
OGLE-LMC-LPV-24844  17.974    -    630.1    2.474 4651      1.095  312.8    0.703
OGLE-LMC-LPV-24904  14.055 16.308  200.8    1.221  533.0    0.205  310.7    0.126
OGLE-LMC-LPV-24920  14.109 16.185  171.72   0.851  728.9    0.362  583.1    0.209
OGLE-LMC-LPV-24932  14.143 16.386  170.68   1.093  472.6    0.215  264.9    0.149
OGLE-LMC-LPV-24936  14.157 16.916  234.2    1.151  747.4    0.124  504.3    0.116
OGLE-LMC-LPV-24959  17.597 20.726  390.0    1.768 2137      1.686 1468      0.762
OGLE-LMC-LPV-24960  14.867 16.765  173.96   0.845 2762      0.343  717.4    0.298
OGLE-LMC-LPV-24995  14.147 16.456  171.75   0.978  176.99   0.191 1285      0.160
OGLE-LMC-LPV-25027  16.240 20.401  471.0    1.198 2681      0.991  451.3    0.469
OGLE-LMC-LPV-25322  19.581    -    716.8    2.088 2740      0.877  636.9    0.510
OGLE-LMC-LPV-25328  17.576 21.787  403.4    1.072 1445      1.033  413.6    0.860
OGLE-LMC-LPV-25440  17.459 20.780  481.5    1.434 3559      2.391  472.1    0.530
OGLE-LMC-LPV-25604  14.305 16.985  179.42   1.171  570.8    0.210 4386      0.217
OGLE-LMC-LPV-25608  17.287 21.641  499.5    1.713 3922      3.101  467.7    0.362
OGLE-LMC-LPV-25625  14.343 16.840  237.2    1.732  672.5    0.094  423.4    0.094
OGLE-LMC-LPV-25663  14.423 17.457  367.5    0.973 2151      0.345  451.1    0.072
OGLE-LMC-LPV-25678  15.430 18.908  379.7    1.466 1582      0.675  668.0    0.240
OGLE-LMC-LPV-25756  14.327 16.956  319.4    1.033 7092      0.458  739.1    0.185
OGLE-LMC-LPV-25784  14.983 17.968  307.4    1.321  740.2    0.355 2786      0.229
OGLE-LMC-LPV-25968  13.152 17.175  543.4    1.619 2155      0.255  141.08   0.085
OGLE-LMC-LPV-26028  15.081 18.117  386.6    1.306 6757      0.388  815.0    0.194
OGLE-LMC-LPV-26035  17.994    -    547.7    1.800 1603      2.319 3279      1.040
OGLE-LMC-LPV-26076  14.835 17.000  370.4    1.055 1508      0.562 1224      0.349
OGLE-LMC-LPV-26103  14.204 16.494  292.6    1.153  710.7    0.402 2584      0.186
OGLE-LMC-LPV-26143  14.585 17.213  174.74   0.888  181.36   0.183  485.9    0.143
OGLE-LMC-LPV-26156  14.174 16.713  183.04   1.075 7407      0.535  678.4    0.168
OGLE-LMC-LPV-26210  14.281 16.981  294.9    1.255  735.8    0.402  204.7    0.178
OGLE-LMC-LPV-26270  14.843 17.044  107.04   0.850  306.4    0.309  256.7    0.230
OGLE-LMC-LPV-26340  14.926 18.494  248.3    1.152  231.3    0.227  277.6    0.131
OGLE-LMC-LPV-26404  14.163 16.306  288.1    1.118 2415      0.327  510.7    0.137
OGLE-LMC-LPV-26433  14.597 16.893  223.7    0.806  668.9    0.170  259.5    0.142
OGLE-LMC-LPV-26632  14.227 16.548  188.71   1.189  588.6    0.204  391.4    0.091
OGLE-LMC-LPV-26643  16.334 19.408  423.9    1.618 4255      1.889  416.5    0.569
OGLE-LMC-LPV-26827  20.027    -    497.7    1.456 3356      0.263  169.43   0.208
OGLE-LMC-LPV-26878  13.863 17.172  338.2    1.267  681.7    0.231  276.9    0.167
OGLE-LMC-LPV-26881  14.817 17.272  146.99   0.983  746.3    0.201 1667      0.152
OGLE-LMC-LPV-26962  17.007    -    373.5    1.457 3390      1.528  331.2    0.318
OGLE-LMC-LPV-26970  14.616 17.630  347.5    1.101 1919      0.201  297.9    0.077
OGLE-LMC-LPV-27180  14.152 16.016  200.1    1.264 7812      0.084  108.27   0.077
OGLE-LMC-LPV-27195  17.983 21.712  407.4    1.687 1127      1.521 2500      1.316
OGLE-LMC-LPV-27221  15.937 18.232  369.3    1.180 2646      1.411  698.8    0.209
OGLE-LMC-LPV-27279  14.731 16.995  120.68   0.938 1227      0.231  340.3    0.171
OGLE-LMC-LPV-27385  15.205 17.510  309.2    1.765 2212      1.522  496.5    0.330
OGLE-LMC-LPV-27445  16.231 19.202  318.2    1.315 1245      0.750 1555      0.445
OGLE-LMC-LPV-27472  15.088 18.309  369.2    1.351  418.4    0.587 1071      0.539
OGLE-LMC-LPV-27567  16.329 18.954  383.8    1.915 3247      1.337  959.7    0.320
OGLE-LMC-LPV-27672  19.002 21.531  578.9    1.898 1621      1.017 1214      0.376
OGLE-LMC-LPV-27687  17.833    -    479.3    1.477  382.4    0.449 1120      0.375
OGLE-LMC-LPV-27889  16.278 19.938  443.1    0.911 4049      1.269  471.7    0.421
OGLE-LMC-LPV-28026  17.052 18.836  511.2    1.517 4065      1.012  501.0    0.448
OGLE-LMC-LPV-28062  16.062 18.984  389.4    1.029 1658      1.265 1241      0.706
OGLE-LMC-LPV-28107  17.064 20.497  363.1    1.537 1779      1.768 3774      1.058
OGLE-LMC-LPV-28175  14.384 16.727  314.6    1.163  631.3    0.126 3509      0.106
OGLE-LMC-LPV-28221  17.630    -    515.6    1.851 2950      2.172  532.2    0.605
OGLE-LMC-LPV-28234  14.810 16.956  127.66   1.064  911.6    0.273  149.79   0.206
OGLE-LMC-LPV-28263  14.096 16.494  306.3    0.834  910.7    0.136  373.6    0.106
OGLE-LMC-LPV-28350  14.391 17.031  228.2    1.470 6579      0.613  123.61   0.179
OGLE-LMC-LPV-28409  15.669 18.723  313.8    1.078 2907      1.053  321.5    0.523
OGLE-LMC-LPV-28479  17.103    -    464.7    1.536 2294      0.554  235.2    0.207
OGLE-LMC-LPV-28579  17.619    -    356.2    1.587 5747      0.784  348.9    0.286
OGLE-LMC-LPV-28611  16.212 18.532  268.7    1.061 2597      0.988 1859      0.515
OGLE-LMC-LPV-28713  18.888    -    450.2    1.562 4115      1.922  834.0    0.243
OGLE-LMC-LPV-28907  16.559 19.025  655.6    1.416 3448      0.456  325.0    0.209
OGLE-LMC-LPV-28929  14.376 16.979  322.0    1.126  715.8    0.306  940.7    0.252
OGLE-LMC-LPV-29059  14.071 16.488  311.5    1.073 1166      0.177  440.7    0.100
OGLE-LMC-LPV-29130  14.639 17.699  319.1    0.945 3571      0.357  990.1    0.239
OGLE-LMC-LPV-29351  20.184    -    556.7    1.930 4310      0.760  616.9    0.237
OGLE-LMC-LPV-29367  14.137 17.722  431.6    2.995  800.6    0.648 2809      0.207
OGLE-LMC-LPV-29390  14.413 17.572  439.0    2.578  727.3    0.613  952.4    0.412
OGLE-LMC-LPV-29399  14.423 18.124  375.5    2.523 6579      0.916  362.1    0.388
OGLE-LMC-LPV-29416  13.090 16.952  613.4    2.658 1565      0.673  339.9    0.223
OGLE-LMC-LPV-29464  18.150 20.547  486.5    1.628 2237      1.357  243.0    0.291
OGLE-LMC-LPV-29486  14.349 16.858  305.3    0.982 3521      0.349  346.7    0.159
OGLE-LMC-LPV-29510  14.263 16.758  205.5    1.148  237.6    0.102  263.5    0.077
OGLE-LMC-LPV-29529  16.751 20.456  358.7    1.664 3846      1.930  747.9    0.428
OGLE-LMC-LPV-29639  14.862 17.186  352.3    1.245 5495      0.579  890.5    0.313
OGLE-LMC-LPV-29668  13.918 16.071  179.89   0.834 2451      0.109  192.90   0.104
OGLE-LMC-LPV-29698  16.724 17.570  310.1    1.091 6536      0.931  326.6    0.410
OGLE-LMC-LPV-29712  17.295    -    367.7    1.583 1610      0.888  909.9    0.491
OGLE-LMC-LPV-29722  14.668 17.646  332.7    0.989  909.9    0.409  533.3    0.215
OGLE-LMC-LPV-29723  14.327 17.926  449.9    0.866  695.4    0.145 1098      0.115
OGLE-LMC-LPV-29767  18.138 22.140  459.2    1.662 4167      1.675  223.5    0.234
OGLE-LMC-LPV-29777  14.361 17.091  246.1    1.636  135.01   0.198  560.5    0.151
OGLE-LMC-LPV-29842  14.234 16.746  317.9    1.107 7634      0.193  634.1    0.166
OGLE-LMC-LPV-29859  14.483 17.564  395.9    0.869 6579      0.432  399.2    0.183
OGLE-LMC-LPV-29983  14.145 16.669  190.98   0.895  739.1    0.192  105.80   0.136
OGLE-LMC-LPV-30042  17.169 20.917  479.5    1.591 1980      0.813 1575      0.318
OGLE-LMC-LPV-30078  16.911    -    417.3    1.698  332.9    0.347 1441      0.247
OGLE-LMC-LPV-30138  15.867 20.512  389.6    1.667 1337      0.991  956.9    0.589
OGLE-LMC-LPV-30148  15.124 18.352  378.2    0.852 1166      0.527 3559      0.344
OGLE-LMC-LPV-30169  18.133    -    489.2    1.071 2933      1.370  508.9    0.774
OGLE-LMC-LPV-30210  14.423 16.743  298.1    1.167 1297      0.175  331.5    0.130
OGLE-LMC-LPV-30259  14.501 16.479  225.1    1.271  896.9    0.207  251.0    0.136
OGLE-LMC-LPV-30278  15.722 19.099  331.4    1.413 3636      0.636  175.35   0.314
OGLE-LMC-LPV-30332  14.625 17.654  254.4    1.980 1862      0.351  473.9    0.168
OGLE-LMC-LPV-30403  13.975 17.035  284.3    0.973  150.42   0.240  310.6    0.203
OGLE-LMC-LPV-30440  14.194 16.484  286.7    0.884  322.1    0.205  688.2    0.072
OGLE-LMC-LPV-30587  18.743    -    474.1    1.928 3521      1.146  570.1    0.173
OGLE-LMC-LPV-30718  18.488 21.662  529.6    1.591 2364      1.072  737.5    0.344
OGLE-LMC-LPV-30726  20.166    -    420.0    1.619  517.6    0.725 4065      0.468
OGLE-LMC-LPV-30758  14.581 17.228  331.1    1.122 2415      0.395  383.9    0.254
OGLE-LMC-LPV-30769  14.365 16.704  231.0    1.864 2278      0.463 4274      0.475
OGLE-LMC-LPV-30802  14.416 16.552  279.7    1.450  531.1    0.311 4464      0.198
OGLE-LMC-LPV-30982  14.773 16.641  182.64   1.180 6579      0.325  241.4    0.297
OGLE-LMC-LPV-31003  18.230    -    455.6    1.578 4132      0.672  225.3    0.442
OGLE-LMC-LPV-31098  17.284 21.231  375.1    1.433 1658      1.986 4184      1.003
OGLE-LMC-LPV-31138  14.259 17.263  386.7    2.896 1592      0.395  265.3    0.261
OGLE-LMC-LPV-31139  16.491 20.702  441.7    1.269 4065      2.378  456.0    0.598
OGLE-LMC-LPV-31249  14.142 16.055  152.25   0.937  891.3    0.264  335.2    0.194
OGLE-LMC-LPV-31293  16.033 19.132  418.2    1.026  319.8    0.337 1145      0.319
OGLE-LMC-LPV-31457  14.229 16.471  282.5    1.322  611.6    0.264  517.6    0.187
OGLE-LMC-LPV-31542  14.440 17.294  347.5    1.024  954.2    0.215  408.3    0.113
OGLE-LMC-LPV-31611  14.525 16.630  240.5    1.246 4132      0.408  572.4    0.208
OGLE-LMC-LPV-31684  16.249 19.494  468.4    1.273 1919      0.709 4132      0.228
OGLE-LMC-LPV-31887  17.488 20.818  271.7    1.532 2770      1.675 6757      1.041
OGLE-LMC-LPV-31910  17.029 21.061  409.3    1.370 3115      0.509  417.2    0.419
OGLE-LMC-LPV-32008  14.217 16.439  193.48   1.321  106.36   0.189  386.4    0.168
OGLE-LMC-LPV-32046  17.490 19.352  530.8    1.390 3704      1.473 6623      1.144
OGLE-LMC-LPV-32052  19.846    -    539.1    0.817 6369      0.789  580.4    0.254
OGLE-LMC-LPV-32102  14.490    -    437.8    1.123 2625      1.021  577.4    0.238
OGLE-LMC-LPV-32109  14.114 16.067  184.19   1.073  744.0    0.169  458.7    0.118
OGLE-LMC-LPV-32205  16.973 19.692  364.3    1.375 2110      0.961 1408      0.560
OGLE-LMC-LPV-32224  12.865 17.149  559.5    1.529 5464      0.147  164.47   0.115
OGLE-LMC-LPV-32295  19.129    -    508.2    1.928 4255      1.156  524.4    0.372
OGLE-LMC-LPV-32336  16.918 21.217  472.0    1.523 6897      2.743 1357      0.480
OGLE-LMC-LPV-32499  13.447 16.378  357.7    2.302 1587      0.205  430.7    0.191
OGLE-LMC-LPV-32510  14.183 16.777  320.8    0.959 1131      0.103  145.84   0.060
OGLE-LMC-LPV-32650  19.289    -    563.4    1.434 2967      1.857  632.9    0.601
OGLE-LMC-LPV-32692  15.137 18.163  390.2    1.101 2049      0.851 3236      0.513
OGLE-LMC-LPV-32697  14.740 18.064  281.1    2.275 4065      0.350  721.5    0.174
OGLE-LMC-LPV-32718  19.226    -    566.4    1.823 2439      0.785  629.3    0.322
OGLE-LMC-LPV-32757  17.224    -    566.7    1.728 1805      1.231 2882      0.914
OGLE-LMC-LPV-32774  14.690 17.160  176.24   1.516  332.0    0.287  590.0    0.224
OGLE-LMC-LPV-32778  14.799 17.351  304.7    1.395 3106      0.230 1229      0.179
OGLE-LMC-LPV-32869  17.784 20.080  678.8    1.949 4149      0.568  351.9    0.217
OGLE-LMC-LPV-32871  17.683 20.403  645.6    1.655 4367      0.463  427.2    0.124
OGLE-LMC-LPV-32931  14.239 16.707  352.7    1.149  748.5    0.179 3390      0.097
OGLE-LMC-LPV-32959  19.703    -    447.3    1.573 3731      0.503  439.8    0.255
OGLE-LMC-LPV-33034  13.757 16.263  263.4    1.787  612.0    0.246  551.6    0.213
OGLE-LMC-LPV-33145  14.080 16.123  166.79   1.003  602.4    0.228  392.0    0.158
OGLE-LMC-LPV-33157  16.325 20.266  439.8    1.472 1414      0.462 2688      0.382
OGLE-LMC-LPV-33200  18.242    -    518.3    1.574 1408      0.867 6757      0.662
OGLE-LMC-LPV-33230  17.177 20.704  547.3    1.496 2141      1.676 4545      1.008
OGLE-LMC-LPV-33234  17.426    -    422.0    0.989 1239      0.827 2336      0.555
OGLE-LMC-LPV-33276  14.031 16.731  248.2    1.030  292.6    0.208 2326      0.105
OGLE-LMC-LPV-33284  20.031 21.293  521.3    2.434 4785      1.417  505.6    0.800
OGLE-LMC-LPV-33290  16.995 20.988  336.0    1.515 1151      0.462 2545      0.376
OGLE-LMC-LPV-33328  14.481 16.968  281.2    0.938 3937      0.215  162.00   0.172
OGLE-LMC-LPV-33429  14.473 17.280  204.8    0.927  191.50   0.211  282.7    0.193
OGLE-LMC-LPV-33430  16.433 19.494  485.8    1.050 1502      1.893 2801      1.069
OGLE-LMC-LPV-33482  14.397 16.830  314.7    1.157  529.1    0.414  744.6    0.219
OGLE-LMC-LPV-33483  15.970 18.381  564.6    1.520 2283      0.790 1560      0.558
OGLE-LMC-LPV-33490  14.118 16.441  218.0    1.552  463.2    0.421 6579      0.250
OGLE-LMC-LPV-33529  15.436 17.626  287.8    1.279 4219      0.574 1016      0.545
OGLE-LMC-LPV-33566  14.831 18.208  209.1    1.719  610.1    0.520  331.0    0.235
OGLE-LMC-LPV-33590  15.260 18.103  416.2    1.213 2041      0.924 1383      0.540
OGLE-LMC-LPV-33605  14.728 17.053  291.0    1.259 2222      0.413 5814      0.198
OGLE-LMC-LPV-33712  16.279 19.866  401.5    1.301 1739      0.801  388.8    0.379
OGLE-LMC-LPV-33787  14.402 17.419  262.1    2.057  740.7    0.431  405.5    0.226
OGLE-LMC-LPV-33832  14.381 18.697  424.9    2.822 1159      0.307  106.35   0.136
OGLE-LMC-LPV-33891  17.902    -    513.4    1.249 3774      5.191 1115      1.097
OGLE-LMC-LPV-34065  15.363 17.761  307.8    1.383 4651      1.112 1217      0.654
OGLE-LMC-LPV-34089  15.899 19.813  496.5    1.193 2457      1.862  237.7    0.230
OGLE-LMC-LPV-34114  17.361 20.067  361.4    1.414 4255      2.818  347.3    0.291
OGLE-LMC-LPV-34303  16.506 20.144  396.8    1.143 1449      0.934 3571      0.546
OGLE-LMC-LPV-34323  16.508 19.504  328.0    1.597 6667      0.753 1309      0.405
OGLE-LMC-LPV-34332  14.579 16.971  283.4    1.058  318.6    0.142  440.7    0.101
OGLE-LMC-LPV-34371  16.659 20.195  403.9    1.306 1091      0.788 4237      0.537
OGLE-LMC-LPV-34428  15.465 19.104  435.7    1.359 1658      0.703 2208      0.318
OGLE-LMC-LPV-34440  16.215 20.011  473.7    1.371 1550      0.662 4167      0.477
OGLE-LMC-LPV-34466  14.246 17.299  254.4    1.430 2155      0.232 4132      0.182
OGLE-LMC-LPV-34531  15.781 18.670  347.3    1.634 1193      0.505  324.6    0.222
OGLE-LMC-LPV-34545  15.273 18.455  339.6    1.824 2611      1.111 1093      0.701
OGLE-LMC-LPV-34614  18.982    -    465.1    1.851 2725      0.759  208.1    0.215
OGLE-LMC-LPV-34722  14.635 16.972  272.0    1.215 2976      0.160  487.1    0.083
OGLE-LMC-LPV-34820  14.177 17.065  266.5    1.957 6803      0.522  141.44   0.168
OGLE-LMC-LPV-34878  14.191 16.241  179.88   1.156  491.4    0.249  413.7    0.122
OGLE-LMC-LPV-34922  17.918    -    413.9    1.391 3759      0.687  197.51   0.144
OGLE-LMC-LPV-34962  17.314    -    632.8    1.982 2110      1.807  170.94   0.434
OGLE-LMC-LPV-35059  13.954 17.385  375.3    2.104 1203      0.305  315.0    0.077
OGLE-LMC-LPV-35067  13.385 17.698  386.1    2.175  707.7    0.739  476.9    0.341
OGLE-LMC-LPV-35076  17.058 20.396  424.1    1.281 2681      0.648 6410      0.615
OGLE-LMC-LPV-35077  14.013 17.049  277.6    1.004  301.6    0.286  144.80   0.235
OGLE-LMC-LPV-35101  14.939 17.811  209.2    2.372 2463      0.652 5376      0.459
OGLE-LMC-LPV-35104  15.192 17.551  109.23   0.944  115.46   0.216  107.09   0.185
OGLE-LMC-LPV-35180  14.094 16.223  172.64   0.849  712.3    0.145 6494      0.109
OGLE-LMC-LPV-35308  16.579 19.440  535.0    1.173 1883      1.410 1477      1.084
OGLE-LMC-LPV-35465  14.089 17.677  382.9    1.800  200.7    0.176  170.68   0.148
OGLE-LMC-LPV-35471  19.439 19.747  573.4    1.373 2058      0.617  190.69   0.459
OGLE-LMC-LPV-35477  16.320 20.027  332.7    1.549 4016      0.699  344.9    0.221
OGLE-LMC-LPV-35492  14.697 16.913  127.98   1.083  874.9    0.147  669.8    0.119
OGLE-LMC-LPV-35524  16.725 20.620  327.7    1.350 1681      2.017   81.27   0.608
OGLE-LMC-LPV-35580  17.515 20.946  451.2    1.505 2525      1.032 6803      0.672
OGLE-LMC-LPV-35607  14.787 17.520  169.07   0.916  236.6    0.132   92.82   0.100
OGLE-LMC-LPV-35622  14.987 18.388  347.2    0.812 4484      0.369 1096      0.189
OGLE-LMC-LPV-35671  17.769 21.687  458.5    1.126 1524      2.373  634.1    0.857
OGLE-LMC-LPV-35672  15.592 18.846  309.4    1.445 1066      0.426  728.3    0.244
OGLE-LMC-LPV-35695  14.198 17.218  255.4    1.173  300.6    0.171  117.05   0.115
OGLE-LMC-LPV-35716  15.094 17.737  336.7    1.361 2732      0.730 5000      0.467
OGLE-LMC-LPV-35781  18.758    -    496.8    1.818 3215      1.887  478.9    0.361
OGLE-LMC-LPV-35809  14.090 16.806  250.2    1.001  130.43   0.191  278.8    0.130
OGLE-LMC-LPV-35857  14.775 18.480  272.1    2.663  777.6    0.583 1093      0.325
OGLE-LMC-LPV-36070  16.280    -    359.1    1.775 1799      1.139  507.9    0.313
OGLE-LMC-LPV-36074  17.198 20.232  374.4    1.415  974.7    0.664 2049      0.500
OGLE-LMC-LPV-36108  14.133 16.358  166.97   1.020 1642      0.157  188.11   0.129
OGLE-LMC-LPV-36116  14.944 17.662  256.8    0.817 1608      0.193  135.57   0.144
OGLE-LMC-LPV-36125  14.270 17.092  308.6    2.018 4673      0.348  260.3    0.107
OGLE-LMC-LPV-36146  18.126    -    486.4    1.837 2681      1.492 4926      0.553
OGLE-LMC-LPV-36161  15.117 18.677  432.9    0.875 1534      0.720 3906      0.298
OGLE-LMC-LPV-36174  17.491 21.697  339.0    1.696 6849      1.806  303.4    0.454
OGLE-LMC-LPV-36210  19.773 21.255  605.8    1.159 3876      0.691  106.89   0.134
OGLE-LMC-LPV-36277  14.560 17.637  240.9    0.827 4219      0.234  257.2    0.204
OGLE-LMC-LPV-36369  14.830 17.449  175.41   1.857  705.7    0.316   99.63   0.178
OGLE-LMC-LPV-36403  16.089 19.712  500.8    1.425 1946      0.909  500.0    0.444
OGLE-LMC-LPV-36507  17.810 21.868  524.0    0.914 1605      1.611  547.6    0.777
OGLE-LMC-LPV-36521  15.179 17.609  109.40   1.006 4049      0.235  103.92   0.203
OGLE-LMC-LPV-36733  14.238 16.700  300.6    0.947 3257      0.212  156.62   0.106
OGLE-LMC-LPV-36768  16.867 20.448  483.8    1.472 5780      0.503 1427      0.293
OGLE-LMC-LPV-36808  15.667 19.405  433.4    1.501 1456      0.273 4545      0.196
OGLE-LMC-LPV-37099  14.476 16.618  221.8    1.822  426.1    0.416  590.7    0.373
OGLE-LMC-LPV-37101  14.561 16.764  135.20   0.907  456.8    0.235  127.67   0.117
OGLE-LMC-LPV-37103  14.396 16.399  228.1    1.327 6410      0.362  371.6    0.132
OGLE-LMC-LPV-37168  14.282 17.769  561.0    1.090 4739      0.428  666.7    0.214
OGLE-LMC-LPV-37288  17.080 20.309  450.3    2.114 5128      0.988 1319      0.359
OGLE-LMC-LPV-37322  17.809 19.937  544.4    1.498 2370      3.006 3571      1.621
OGLE-LMC-LPV-37328  17.595    -    501.0    1.818 3937      2.181  481.7    0.582
OGLE-LMC-LPV-37342  14.989 18.652  400.4    1.005 1330      0.476  933.7    0.091
OGLE-LMC-LPV-37397  18.027 21.468  505.8    1.731 3690      3.549  486.9    1.130
OGLE-LMC-LPV-37426  14.211 17.204  249.6    1.534  294.2    0.214 7937      0.162
OGLE-LMC-LPV-37561  16.833 20.175  335.4    1.548 1543      0.947  179.40   0.354
OGLE-LMC-LPV-37575  15.683 19.379  367.2    1.536 4065      0.734  794.3    0.229
OGLE-LMC-LPV-37598  14.111 15.979  135.39   0.840  272.0    0.252  320.7    0.166
OGLE-LMC-LPV-37605  16.028 19.423  286.1    0.895 3968      1.068  603.1    0.300
OGLE-LMC-LPV-37615  16.716 19.343  259.5    1.124 2994      0.694  855.4    0.456
OGLE-LMC-LPV-37762  14.378 16.913  277.0    0.826  874.9    0.315  710.2    0.139
OGLE-LMC-LPV-37768  16.049 19.387  484.5    1.464 1681      1.596 4202      1.002
OGLE-LMC-LPV-37826  15.911    -    463.2    1.029 6623      1.179 1282      0.925
OGLE-LMC-LPV-37848  13.994 16.628  245.6    1.155  267.5    0.274  127.86   0.146
OGLE-LMC-LPV-37948  14.374 16.906  273.5    0.874 1661      0.146  195.35   0.114
OGLE-LMC-LPV-37975  17.113 20.578  337.8    1.685 7299      0.992  331.8    0.481
OGLE-LMC-LPV-38093  14.633 17.248  293.9    1.070 1880      0.193  775.2    0.161
OGLE-LMC-LPV-38118  17.327 19.870  393.7    1.665 3012      1.327 2538      0.540
OGLE-LMC-LPV-38158  14.925 17.860  354.0    1.147 1642      0.678 1016      0.147
OGLE-LMC-LPV-38175  12.905 16.832  829.6    3.026  209.8    0.429  323.9    0.369
OGLE-LMC-LPV-38298  14.228 15.949  192.40   1.080  722.0    0.228  956.0    0.109
OGLE-LMC-LPV-38325  15.696 18.892  348.9    1.307 3546      0.888  341.6    0.180
OGLE-LMC-LPV-38456  20.226    -    535.8    1.323  628.5    0.297   11.920  0.154
OGLE-LMC-LPV-38485  17.069 21.404  418.0    1.750 3344      0.624  399.0    0.203
OGLE-LMC-LPV-38499  15.584 18.660  333.9    0.993 3003      0.701 6623      0.318
OGLE-LMC-LPV-38516  14.766 17.092  138.73   1.503 1046      0.250  287.4    0.175
OGLE-LMC-LPV-38540  17.058 21.454  476.9    1.899 1727      0.808  477.6    0.459
OGLE-LMC-LPV-38554  16.515 18.608  322.4    0.927 1808      1.435 3922      0.950
OGLE-LMC-LPV-38575  15.171 17.588  119.98   0.829  116.27   0.150 5025      0.149
OGLE-LMC-LPV-38609  14.590 16.634  127.60   0.806  983.3    0.124  164.45   0.101
OGLE-LMC-LPV-38647  18.068 20.137  309.4    1.394 4237      0.910  335.7    0.262
OGLE-LMC-LPV-38656  15.087 17.496  343.1    1.164 4926      1.079  342.5    0.454
OGLE-LMC-LPV-38689  17.425 21.164  446.7    1.529 1456      1.688 4785      1.055
OGLE-LMC-LPV-38695  14.225 16.313  261.0    1.020  298.8    0.168  727.3    0.131
OGLE-LMC-LPV-38716  15.964 20.064  414.3    1.287 1522      1.475 3571      1.268
OGLE-LMC-LPV-38750  14.930 17.939  203.5    1.833 6757      0.837  191.35   0.365
OGLE-LMC-LPV-38865  14.729 17.856  262.3    2.545 5988      0.609  253.4    0.383
OGLE-LMC-LPV-38872  18.324 21.409  447.0    1.629 1908      0.912 3676      0.676
OGLE-LMC-LPV-38877  15.789 18.875  308.1    1.095 1647      0.814  305.5    0.299
OGLE-LMC-LPV-38929  15.758 17.926  428.8    1.305 5952      0.384  200.4    0.232
OGLE-LMC-LPV-38949  14.712 17.418  334.2    1.201 7246      0.515 1441      0.204
OGLE-LMC-LPV-39000  14.301 16.712  172.87   0.807  197.43   0.194 1055      0.152
OGLE-LMC-LPV-39262  15.023 17.677  427.2    1.197 5747      1.082  989.1    0.147
OGLE-LMC-LPV-39272  16.906    -    373.6    1.734 4219      1.420  357.9    0.228
OGLE-LMC-LPV-39320  14.834 18.159  431.5    0.979 1739      0.294  209.5    0.164
OGLE-LMC-LPV-39417  14.203 18.181  412.6    2.624 6849      0.379  172.32   0.110
OGLE-LMC-LPV-39429  15.439 18.614  409.1    1.106 1088      1.262 2732      0.897
OGLE-LMC-LPV-39563  14.726 18.240  527.3    2.877 1553      0.869 3731      0.695
OGLE-LMC-LPV-39566  17.223 20.913  426.0    1.380 3984      1.064 1109      0.582
OGLE-LMC-LPV-39569  14.205 18.718  389.2    2.432 1175      0.320  456.2    0.224
OGLE-LMC-LPV-39790  14.512 17.640  287.0    2.175  383.9    0.293  321.1    0.170
OGLE-LMC-LPV-39851  15.926 19.425  414.3    1.191 2762      0.939  408.2    0.499
OGLE-LMC-LPV-39866  15.804 19.613  469.7    1.222 1252      0.473  107.83   0.337
OGLE-LMC-LPV-39980  15.797 18.488  336.8    1.139 2577      0.947 1812      0.447
OGLE-LMC-LPV-40066  14.209 16.835  246.7    1.675  630.1    0.166 1208      0.133
OGLE-LMC-LPV-40096  16.292 20.380  472.1    1.239 4444      1.247  239.2    0.250
OGLE-LMC-LPV-40243  14.384 16.841  326.7    1.009 5405      0.471  851.1    0.252
OGLE-LMC-LPV-40336  15.043 18.089  257.5    0.837 6494      0.390  266.1    0.161
OGLE-LMC-LPV-40406  16.540 19.709  480.8    1.591 5376      1.114 1443      0.547
OGLE-LMC-LPV-40462  13.399 16.419  391.6    2.313  881.1    0.608  237.3    0.383
OGLE-LMC-LPV-40480  14.165 16.990  270.0    1.992 4444      0.255  643.1    0.152
OGLE-LMC-LPV-40507  15.440 18.930  552.2    1.371 3953      2.337  267.3    0.321
OGLE-LMC-LPV-40591  14.292 16.610  197.69   1.470  914.1    0.201  180.67   0.140
OGLE-LMC-LPV-40624  14.944 17.015  232.4    1.148 1346      0.569  330.0    0.351
OGLE-LMC-LPV-40703  14.247 16.815  325.9    0.838 1046      0.249  630.9    0.112
OGLE-LMC-LPV-40745  15.552 18.878  213.9    0.903 7576      0.304  226.3    0.269
OGLE-LMC-LPV-40749  14.252 17.248  174.28   0.904 7937      0.205  158.30   0.175
OGLE-LMC-LPV-40802  14.627 16.522  124.83   1.078  238.3    0.353  262.7    0.273
OGLE-LMC-LPV-40981  16.702 20.034  468.8    0.878 2915      1.275  236.9    0.340
OGLE-LMC-LPV-41030  16.209 19.065  399.6    1.469 1148      0.488 4444      0.305
OGLE-LMC-LPV-41037  16.147 19.520  344.0    1.246 5405      0.886  344.2    0.580
OGLE-LMC-LPV-41150  15.029 17.878  257.8    1.182 1776      0.649  494.6    0.182
OGLE-LMC-LPV-41168  17.647    -    481.7    1.246 2179      2.110 6536      1.085
OGLE-LMC-LPV-41334  17.112    -    472.6    1.859 1195      2.570 2488      2.433
OGLE-LMC-LPV-41366  14.877 17.617  335.2    1.223 1004      0.297  708.7    0.147
OGLE-LMC-LPV-41431  17.335 20.901  466.0    1.470 3067      1.636 1186      0.419
OGLE-LMC-LPV-41505  14.439 16.476  130.37   0.889  700.3    0.143  462.1    0.109
OGLE-LMC-LPV-41567  17.188    -    559.6    1.139  406.7    1.192  214.8    0.932
OGLE-LMC-LPV-41603  17.084 20.879  475.4    1.663 1908      0.425 5435      0.451
OGLE-LMC-LPV-41810  14.367 17.432  269.8    1.563 6024      0.241  137.14   0.094
OGLE-LMC-LPV-41885  15.710 18.208  288.2    1.129 2278      0.589 3922      0.460
OGLE-LMC-LPV-41971  16.839 20.464  433.3    1.265 5025      1.157  419.6    0.652
OGLE-LMC-LPV-42042  15.589 17.943  364.6    1.335 4545      1.181  371.9    0.407
OGLE-LMC-LPV-42055  17.856    -    514.7    1.409 3356      1.134  559.6    0.450
OGLE-LMC-LPV-42056  14.946 17.714  477.1    1.596 5917      0.611  753.6    0.252
OGLE-LMC-LPV-42229  14.215 16.671  313.5    1.229 6897      0.368  341.3    0.135
OGLE-LMC-LPV-42242  14.238 16.758  309.4    1.097  523.8    0.157  354.1    0.128
OGLE-LMC-LPV-42298  16.214 19.058  404.7    1.308 1321      0.660 3802      0.644
OGLE-LMC-LPV-42305  14.341 16.888  183.45   0.884 2415      0.298  162.79   0.183
OGLE-LMC-LPV-42404  14.338 16.770  285.6    0.947  671.1    0.121  182.78   0.100
OGLE-LMC-LPV-42452  19.077    -    411.7    1.812 4082      1.781  192.90   0.511
OGLE-LMC-LPV-42479  14.853 17.860  313.4    0.899 5435      0.523  271.4    0.141
OGLE-LMC-LPV-42554  13.333 17.107  684.5    3.317 1255      0.571 2304      0.306
OGLE-LMC-LPV-42641  15.363 17.876  301.8    1.184 1449      0.419  893.7    0.243
OGLE-LMC-LPV-42644  14.131 16.436  306.7    0.858  713.3    0.242 4310      0.167
OGLE-LMC-LPV-42657  14.581 17.070  298.2    1.032 2481      0.410  710.7    0.215
OGLE-LMC-LPV-42670  14.160 16.655  313.8    0.825  579.4    0.222 3650      0.159
OGLE-LMC-LPV-42714  16.618 19.884  469.7    1.140 1304      1.140 5051      0.878
OGLE-LMC-LPV-42817  13.654 16.918  859.1    2.757 1159      0.500 3610      0.341
OGLE-LMC-LPV-42836  14.586 17.121  296.3    1.186 6024      0.227 1195      0.159
OGLE-LMC-LPV-42850  14.263 16.621  324.8    1.340 6711      0.450  313.1    0.196
OGLE-LMC-LPV-42887  18.107    -    551.8    2.352 2762      0.496  543.2    0.448
OGLE-LMC-LPV-42896  14.174 16.289  263.4    1.030  283.6    0.089 3802      0.063
OGLE-LMC-LPV-42901  17.961 19.272  466.0    1.468 3636      1.340  451.3    0.425
OGLE-LMC-LPV-42908  17.754    -    543.6    1.382 2445      0.711  213.4    0.223
OGLE-LMC-LPV-42932  14.352 17.040  243.5    2.050 5917      0.503  527.1    0.289
OGLE-LMC-LPV-43046  16.070 19.799  415.6    1.144 3861      0.335  403.2    0.257
OGLE-LMC-LPV-43158  14.294 16.784  325.8    1.062 1151      0.288 2283      0.211
OGLE-LMC-LPV-43453  16.021 19.296  424.4    1.242 2079      1.043  429.7    0.484
OGLE-LMC-LPV-43619  14.459 17.514  331.7    0.926  911.6    0.288  610.9    0.129
OGLE-LMC-LPV-43662  14.173 17.603  313.7    1.673  617.3    0.217 3067      0.107
OGLE-LMC-LPV-43794  13.681 16.227  530.7    1.405  727.8    0.247 1631      0.159
OGLE-LMC-LPV-43801  15.680 18.692  403.7    1.438 2646      1.360 7634      0.738
OGLE-LMC-LPV-43824  14.600 17.159  306.5    0.929  878.0    0.113  136.11   0.081
OGLE-LMC-LPV-43860  14.141 16.256  244.1    0.830 1715      0.157  201.4    0.103
OGLE-LMC-LPV-44130  14.191 16.102  227.2    1.352 6536      0.481  286.7    0.105
OGLE-LMC-LPV-44171  14.055 15.989  218.5    0.832  258.3    0.097  371.9    0.076
OGLE-LMC-LPV-44229  14.087 16.402  303.1    0.957 1695      0.174 3745      0.110
OGLE-LMC-LPV-44276  15.290 17.928  288.9    1.440 3546      0.635  252.1    0.213
OGLE-LMC-LPV-44284  15.687 18.600  397.5    1.196 2353      1.281  391.4    0.359
OGLE-LMC-LPV-44302  14.740 17.080  119.91   1.142  425.5    0.242  292.4    0.195
OGLE-LMC-LPV-44353  16.921 20.658  466.9    1.504 6579      0.938 1312      0.321
OGLE-LMC-LPV-44504  17.298    -    438.8    1.413 7042      2.991  438.4    0.856
OGLE-LMC-LPV-44587  17.292 21.301  484.7    1.305 4032      0.933  244.1    0.471
OGLE-LMC-LPV-44753  19.062    -    499.8    1.601 5025      0.643  503.3    0.446
OGLE-LMC-LPV-44769  17.287 20.945  375.1    1.167 4525      1.014  367.4    0.618
OGLE-LMC-LPV-44941  14.556 17.073  268.2    0.834 6536      0.439  828.5    0.172
OGLE-LMC-LPV-45003  14.479 17.049  199.94   0.967  210.4    0.393 4167      0.184
OGLE-LMC-LPV-45009  14.718 17.985  355.2    1.157 1323      0.452 1669      0.234
OGLE-LMC-LPV-45094  14.811 16.843  213.3    1.223 7143      0.287  594.9    0.151
OGLE-LMC-LPV-45102  17.113 20.982  518.9    1.340 4032      2.124  250.7    0.521
OGLE-LMC-LPV-45108  16.150 19.250  420.8    1.383 2688      0.506  740.7    0.395
OGLE-LMC-LPV-45127  14.672 17.495  326.5    0.922 1085      0.144  657.5    0.100
OGLE-LMC-LPV-45132  13.691 16.806  336.7    1.639 6369      0.583  331.8    0.177
OGLE-LMC-LPV-45149  16.393 19.292  435.5    1.538 3891      1.464  145.37   0.246
OGLE-LMC-LPV-45185  18.493 21.864  454.3    1.609 4505      0.394 1155      0.138
OGLE-LMC-LPV-45306  16.860 21.165  500.8    1.608 1686      1.341 5882      1.159
OGLE-LMC-LPV-45322  18.295    -    485.6    1.734 4184      0.884  482.6    0.233
OGLE-LMC-LPV-45350  14.236 16.383  163.69   1.144  382.7    0.279  517.9    0.185
OGLE-LMC-LPV-45434  14.418 17.764  480.1    0.935 3876      0.702  463.4    0.189
OGLE-LMC-LPV-45450  15.029 18.112  206.4    2.102 6667      0.265  383.1    0.178
OGLE-LMC-LPV-45571  18.530    -    536.7    1.693 2273      0.770  235.3    0.172
OGLE-LMC-LPV-45595  15.643 19.537  398.9    1.510 1370      0.605  583.8    0.203
OGLE-LMC-LPV-45680  15.918 18.880  390.7    1.570 1344      1.334 6993      0.811
OGLE-LMC-LPV-45789  14.173 17.070  362.8    0.962 2257      0.172  488.3    0.133
OGLE-LMC-LPV-45790  15.213 17.776  263.9    1.306 3846      0.284  560.9    0.229
OGLE-LMC-LPV-45845  14.393 17.386  223.5    1.248 2681      0.350  243.2    0.260
OGLE-LMC-LPV-45877  17.941    -    388.7    1.855 1312      0.499  330.7    0.269
OGLE-LMC-LPV-45893  15.546 18.225  300.5    1.097 4386      1.069 1166      0.600
OGLE-LMC-LPV-45906  17.977 22.465  548.2    1.117 3690      2.960  269.3    0.717
OGLE-LMC-LPV-45956  18.646 21.369  570.3    1.446 5236      0.525 1019      0.132
OGLE-LMC-LPV-45977  17.254 20.769  443.4    1.393 1122      0.344 2755      0.294
OGLE-LMC-LPV-46036  16.643 20.103  386.0    1.473 1294      0.769 1015      0.342
OGLE-LMC-LPV-46120  14.269 17.260  298.6    2.005  400.2    0.227  674.8    0.150
OGLE-LMC-LPV-46154  15.208 18.180  363.6    0.859 1148      0.616  960.6    0.410
OGLE-LMC-LPV-46158  14.836 16.901  108.60   0.931  343.6    0.178  230.9    0.130
OGLE-LMC-LPV-46191  14.426 17.297  323.2    0.829  166.03   0.171 6579      0.145
OGLE-LMC-LPV-46228  19.172    -    516.0    2.202 4464      1.064  498.8    0.528
OGLE-LMC-LPV-46399  14.197 17.023  254.3    0.846  121.74   0.129  135.03   0.100
OGLE-LMC-LPV-46492  15.456 18.238  270.9    1.101 2976      1.043  294.1    0.197
OGLE-LMC-LPV-46511  14.217 17.279  397.9    0.841  428.6    0.192 1361      0.192
OGLE-LMC-LPV-46712  18.393 21.408  580.4    2.265 4444      3.268  290.3    2.516
OGLE-LMC-LPV-46857  14.163 17.481  269.8    1.355 7092      0.675  284.5    0.381
OGLE-LMC-LPV-46903  16.008 19.327  390.7    1.519 1934      0.860 1143      0.611
OGLE-LMC-LPV-46972  19.105    -    544.9    1.556 2625      0.972  270.8    0.416
OGLE-LMC-LPV-46987  17.196 20.742  419.8    1.830 1923      0.787  440.7    0.636
OGLE-LMC-LPV-47030  16.709 19.111  374.4    1.588 4545      1.319  367.8    0.493
OGLE-LMC-LPV-47038  14.190 17.034  246.2    1.515 1447      0.333 5435      0.159
OGLE-LMC-LPV-47039  14.381 16.720  185.79   1.163 1300      0.167   86.13   0.092
OGLE-LMC-LPV-47074  15.725 19.643  478.5    1.212 5525      0.580 1294      0.255
OGLE-LMC-LPV-47090  14.118 16.940  241.3    1.359  269.9    0.214  501.0    0.169
OGLE-LMC-LPV-47121  17.317 21.186  505.6    1.611 3831      2.495 1071      0.496
OGLE-LMC-LPV-47229  14.188 16.905  445.1    1.467 2809      0.342 5714      0.242
OGLE-LMC-LPV-47240  18.552    -    430.4    1.752 5102      0.542  422.1    0.368
OGLE-LMC-LPV-47249  15.553 18.407  480.5    1.183 2755      0.978 1100      0.300
OGLE-LMC-LPV-47339  14.311 18.593  222.8    1.668 5025      0.404  253.0    0.190
OGLE-LMC-LPV-47565  14.437 17.405  219.4    0.898 1314      0.166  124.32   0.110
OGLE-LMC-LPV-47584  14.245 16.594  302.6    0.807  613.1    0.125 2370      0.084
OGLE-LMC-LPV-47631  17.458    -    434.5    1.351 2066      0.603  466.4    0.421
OGLE-LMC-LPV-47678  14.362 16.627  258.7    0.915  136.04   0.086  304.9    0.068
OGLE-LMC-LPV-47846  14.232 17.184  239.1    1.717 1416      0.315  268.0    0.208
OGLE-LMC-LPV-47849  19.735    -    618.9    0.890 1828      0.120  165.34   0.095
OGLE-LMC-LPV-47888  17.441 20.011  416.5    1.510 3067      0.300  450.0    0.188
OGLE-LMC-LPV-47926  19.338    -    566.1    1.863 1447      0.384  218.7    0.277
OGLE-LMC-LPV-47938  14.031 15.959  160.91   0.907  418.9    0.134  185.39   0.101
OGLE-LMC-LPV-47973  14.391 17.091  351.2    1.030 1883      0.261  508.9    0.114
OGLE-LMC-LPV-48027  14.792 17.492  319.6    1.354  559.0    0.351 2967      0.241
OGLE-LMC-LPV-48035  14.768 17.918  395.6    1.115 7752      0.864  388.5    0.255
OGLE-LMC-LPV-48133  14.427 16.898  174.22   0.854  159.92   0.177 2817      0.131
OGLE-LMC-LPV-48156  14.626 17.669  242.6    2.042 7042      0.606  255.6    0.247
OGLE-LMC-LPV-48159  14.612 17.215  303.4    1.139  518.7    0.260  290.7    0.098
OGLE-LMC-LPV-48196  14.278 16.388  258.3    0.970 7092      0.426  294.2    0.235
OGLE-LMC-LPV-48235  16.579 19.921  481.0    1.180 1348      0.917 4464      0.707
OGLE-LMC-LPV-48261  15.969 19.159  327.7    1.568 2786      1.255  741.8    0.320
OGLE-LMC-LPV-48376  14.687 17.800  208.3    0.963 6944      0.287  920.0    0.103
OGLE-LMC-LPV-48470  14.823 17.114  231.5    1.296 4032      0.824  225.9    0.293
OGLE-LMC-LPV-48532  14.460    -    314.5    1.399 3106      0.318  323.8    0.165
OGLE-LMC-LPV-48538  17.484 21.176  479.8    1.514 3021      1.599  942.5    0.620
OGLE-LMC-LPV-48565  16.250 18.602  242.5    1.222 1984      0.412 3676      0.126
OGLE-LMC-LPV-48627  14.241 16.593  182.08   0.995  451.7    0.128   85.08   0.103
OGLE-LMC-LPV-48641  14.268 16.756  326.9    1.149 7299      0.659  173.16   0.224
OGLE-LMC-LPV-48647  15.077 17.638  113.45   1.363  325.9    0.429  225.4    0.189
OGLE-LMC-LPV-48686  16.326 19.360  428.4    1.609 3367      1.093  430.5    0.430
OGLE-LMC-LPV-48755  14.363 17.735  473.5    1.308 2137      0.449  477.6    0.205
OGLE-LMC-LPV-48879  14.608 17.748  381.5    0.874 3021      0.281 1232      0.195
OGLE-LMC-LPV-48923  16.777 21.967  438.6    1.552 6623      1.585  440.1    0.324
OGLE-LMC-LPV-48926  19.816    -    542.4    0.903  580.0    0.374  718.4    0.346
OGLE-LMC-LPV-48966  13.503 17.461  715.3    2.607 2092      0.594  239.9    0.144
OGLE-LMC-LPV-48970  17.553    -    426.2    1.681 2410      1.198  436.7    0.481
OGLE-LMC-LPV-49052  18.656    -    416.7    1.591 1041      0.200  714.3    0.151
OGLE-LMC-LPV-49150  14.138 16.922  254.4    1.627 6494      0.623 1304      0.185
OGLE-LMC-LPV-49175  14.622 17.880  253.8    1.994 2128      0.167  526.9    0.121
OGLE-LMC-LPV-49215  16.511    -    456.5    1.885 3802      0.664  429.0    0.306
OGLE-LMC-LPV-49260  14.877 18.460  410.5    1.231 1088      0.142 3135      0.145
OGLE-LMC-LPV-49266  14.095 16.415  172.17   1.030  377.4    0.224  510.7    0.182
OGLE-LMC-LPV-49294  14.730 17.320  148.02   0.971  154.39   0.169 3401      0.157
OGLE-LMC-LPV-49447  20.200    -    586.2    1.799 1248      0.309    2.1242 0.169
OGLE-LMC-LPV-49450  14.004 16.092  252.7    1.003  271.7    0.169 4878      0.137
OGLE-LMC-LPV-49560  14.322 16.809  304.4    1.153 1587      0.193  640.6    0.125
OGLE-LMC-LPV-49589  13.072 16.615  413.7    2.918 2445      0.168  103.40   0.129
OGLE-LMC-LPV-49631  16.474 19.014  459.2    1.300 1832      0.642  386.5    0.382
OGLE-LMC-LPV-49642  14.204 16.441  207.1    1.364 5291      0.466 1053      0.179
OGLE-LMC-LPV-49706  14.755 17.233  161.40   1.837 6536      0.353  213.9    0.229
OGLE-LMC-LPV-49724  15.959 18.481  533.6    1.805 4630      2.422  561.2    0.316
OGLE-LMC-LPV-49777  18.249    -    505.0    1.827 4016      1.010  486.1    0.613
OGLE-LMC-LPV-49886  14.196 16.619  326.5    1.002  975.6    0.158 5464      0.173
OGLE-LMC-LPV-49955  19.411 21.310  590.4    1.758 2882      0.479 1229      0.270
OGLE-LMC-LPV-50038  14.918 18.175  411.9    0.932 1567      0.522 4219      0.164
OGLE-LMC-LPV-50080  14.392 16.736  186.87   1.772  745.2    0.278 1274      0.153
OGLE-LMC-LPV-50125  14.906 17.797  333.2    1.406 1425      0.478 3650      0.219
OGLE-LMC-LPV-50221  14.781 18.029  343.2    0.862  395.1    0.270 1408      0.227
OGLE-LMC-LPV-50294  14.566 17.553  377.4    0.914 2398      0.490  333.9    0.240
OGLE-LMC-LPV-50304  16.956 20.401  361.8    1.633 2488      1.220  570.1    0.184
OGLE-LMC-LPV-50418  14.328 16.892  202.7    1.564 7194      0.241  479.2    0.215
OGLE-LMC-LPV-50426  15.295 18.412  378.0    1.344 3610      0.473  990.1    0.210
OGLE-LMC-LPV-50495  14.154 16.775  343.9    0.976  197.55   0.092  235.3    0.069
OGLE-LMC-LPV-50570  14.213 17.095  260.4    1.225  532.2    0.533  716.8    0.191
OGLE-LMC-LPV-50584  12.577 16.088  570.1    2.176 1880      0.262  155.33   0.154
OGLE-LMC-LPV-50634  15.184 18.907  414.3    2.935 3774      1.035  733.7    0.454
OGLE-LMC-LPV-50728  16.380 19.844  443.6    1.428 4049      0.516  483.6    0.233
OGLE-LMC-LPV-50733  15.282 17.890  275.2    1.010 2604      0.754  567.9    0.295
OGLE-LMC-LPV-50815  13.739 16.371  300.2    1.732 6410      0.328  358.7    0.153
OGLE-LMC-LPV-50927  18.738 21.723  482.2    1.329 2681      0.621  244.3    0.306
OGLE-LMC-LPV-50928  16.019 19.317  450.0    1.651 1825      0.731  207.4    0.274
OGLE-LMC-LPV-50966  14.197 16.787  181.09   1.238  726.2    0.269  490.4    0.252
OGLE-LMC-LPV-50988  16.995 20.563  329.5    1.232 4292      1.846  363.4    0.490
OGLE-LMC-LPV-51000  16.134 19.402  409.7    1.915 4673      0.429  402.6    0.235
OGLE-LMC-LPV-51008  16.165 18.979  465.5    1.303 2273      1.987 7692      1.669
OGLE-LMC-LPV-51054  13.188 15.220  370.8    1.841  726.2    0.348 1681      0.209
OGLE-LMC-LPV-51067  16.279 19.363  349.1    1.407 4902      0.629  348.3    0.324
OGLE-LMC-LPV-51082  15.086 19.393  333.6    2.377  946.1    0.806  531.9    0.267
OGLE-LMC-LPV-51116  17.488    -    527.1    1.251 2193      2.939 6289      1.880
OGLE-LMC-LPV-51136  15.688 18.107  302.8    1.230 2232      1.316 3333      0.342
OGLE-LMC-LPV-51140  14.905 17.022  219.7    1.224 4115      0.913  721.5    0.339
OGLE-LMC-LPV-51188  16.515 20.223  562.3    1.596 3968      0.694  187.58   0.206
OGLE-LMC-LPV-51203  14.489 16.964  167.51   1.442  930.2    0.306  296.1    0.211
OGLE-LMC-LPV-51480  14.464 18.311  358.5    2.257  194.25   0.221 1120      0.186
OGLE-LMC-LPV-51632  14.399 16.669  268.7    1.025  430.7    0.291  636.9    0.180
OGLE-LMC-LPV-51682  17.600 20.346  592.0    2.022 3861      5.374  939.8    1.047
OGLE-LMC-LPV-51735  16.289 19.140  323.4    1.023 2288      1.526  322.7    0.519
OGLE-LMC-LPV-51768  14.964 17.974  394.8    1.392 5650      0.362 1224      0.249
OGLE-LMC-LPV-51804  14.204 16.892  208.8    1.098  238.9    0.220 1585      0.123
OGLE-LMC-LPV-51844  16.650 18.927  317.1    1.516 4695      1.446  312.2    0.360
OGLE-LMC-LPV-51845  16.583 20.619  456.4    0.867 1244      0.873 2427      0.340
OGLE-LMC-LPV-51872  15.895 18.721  350.2    1.181 7812      1.036  350.6    0.254
OGLE-LMC-LPV-51945  14.012 16.561  420.0    1.397  463.6    0.187 7246      0.231
OGLE-LMC-LPV-51998  12.976 16.349  643.7    2.673 3636      0.506  223.0    0.263
OGLE-LMC-LPV-52011  14.272 16.256  125.33   0.850  752.4    0.139  322.1    0.113
OGLE-LMC-LPV-52090  14.207 16.590  183.84   0.955  228.6    0.130  403.1    0.095
OGLE-LMC-LPV-52125  15.632 18.523  398.4    1.700 3401      1.362  392.8    0.210
OGLE-LMC-LPV-52196  17.083 20.562  487.3    1.290 2755      1.051  478.5    0.885
OGLE-LMC-LPV-52291  15.036 18.315  280.4    2.035  293.5    0.356  581.7    0.334
OGLE-LMC-LPV-52298  14.151 17.958  378.0    2.753 6803      0.677  370.4    0.365
OGLE-LMC-LPV-52351  16.171 19.397  416.0    1.122  328.4    0.865 1264      0.439
OGLE-LMC-LPV-52367  16.397 21.151  408.1    1.411 1297      0.885 2347      0.426
OGLE-LMC-LPV-52434  15.815 18.632  402.8    1.488 2278      0.449 1466      0.285
OGLE-LMC-LPV-52578  14.437 17.737  302.5    2.393  451.5    0.185  876.4    0.147
OGLE-LMC-LPV-52616  17.149 20.845  508.6    1.938 2500      1.601 4525      0.960
OGLE-LMC-LPV-52687  14.242 17.278  272.7    1.624  401.4    0.202 1603      0.147
OGLE-LMC-LPV-52708  14.160 16.732  340.3    1.029 1019      0.348  704.2    0.172
OGLE-LMC-LPV-52713  14.187 17.030  242.7    1.416 1527      0.210  637.3    0.128
OGLE-LMC-LPV-52722  16.534 19.831  361.2    1.193 1721      0.510  966.2    0.369
OGLE-LMC-LPV-52723  16.939 20.248  403.9    0.994 2506      1.889  402.6    0.527
OGLE-LMC-LPV-52753  15.681 19.023  396.5    1.644 2907      1.504  740.7    0.672
OGLE-LMC-LPV-52765  14.341 16.955  413.6    1.212 2096      0.362 4525      0.342
OGLE-LMC-LPV-52816  15.577 18.541  390.1    1.242 7194      1.280  393.7    0.450
OGLE-LMC-LPV-52848  14.137 16.677  247.7    1.056  228.9    0.120 2375      0.063
OGLE-LMC-LPV-52872  15.720 18.892  302.9    1.555 3205      0.666  732.1    0.347
OGLE-LMC-LPV-52940  14.807 17.735  153.87   1.495 1786      0.301  321.2    0.181
OGLE-LMC-LPV-52944  17.882 20.865  450.5    1.521 2950      0.836  464.3    0.347
OGLE-LMC-LPV-52958  14.538 17.417  196.43   0.947  517.3    0.218  188.54   0.155
OGLE-LMC-LPV-53238  14.242 16.721  292.9    1.028 7042      0.308  533.6    0.100
OGLE-LMC-LPV-53248  16.259 19.677  479.4    1.619 3322      0.625  238.0    0.343
OGLE-LMC-LPV-53270  14.754 17.484  304.2    1.010 2381      0.422 4484      0.200
OGLE-LMC-LPV-53299  15.294 17.832  304.7    1.349 1745      0.326 4831      0.311
OGLE-LMC-LPV-53339  17.155 20.664  488.3    1.230 1767      2.593 5650      1.194
OGLE-LMC-LPV-53457  15.912 17.973  387.2    1.626 7812      0.864 1104      0.330
OGLE-LMC-LPV-53478  14.396 16.632  358.7    2.924  535.9    0.203  408.2    0.165
OGLE-LMC-LPV-53502  14.554 17.409  362.7    0.897 1462      0.628 3650      0.434
OGLE-LMC-LPV-53606  18.487    -    557.4    1.391 1938      2.123 3268      0.787
OGLE-LMC-LPV-53643  12.896 16.228  546.7    2.502 2092      0.372 4630      0.340
OGLE-LMC-LPV-53658  15.250 17.896  297.2    1.148 3390      1.400  474.8    0.229
OGLE-LMC-LPV-53681  18.557    -    540.5    1.833 1616      1.590 2028      1.396
OGLE-LMC-LPV-53711  16.771    -    480.1    1.459 2370      2.343  238.5    0.243
OGLE-LMC-LPV-53808  14.164 16.082  147.76   0.866  319.4    0.149  223.4    0.083
OGLE-LMC-LPV-53886  15.778 18.758  410.5    1.092 1585      1.182 3390      0.435
OGLE-LMC-LPV-53890  16.472 19.411  318.0    1.023 1742      1.236  169.92   0.721
OGLE-LMC-LPV-53902  15.966 19.601  468.8    0.986 2247      1.335  606.1    0.577
OGLE-LMC-LPV-53992  15.035 18.306  420.3    1.218 1391      0.407 3861      0.412
OGLE-LMC-LPV-54032  15.090 18.098  160.68   0.908 2008      0.145  174.98   0.152
OGLE-LMC-LPV-54156  16.699 19.388  492.4    1.578 1751      1.611  483.6    0.367
OGLE-LMC-LPV-54167  14.806 18.212  203.8    1.053 8000      0.516  206.3    0.259
OGLE-LMC-LPV-54218  15.097 17.677  147.96   0.811 2273      0.314  139.04   0.284
OGLE-LMC-LPV-54240  13.108 16.103  448.1    1.961 1689      0.478  970.9    0.200
OGLE-LMC-LPV-54339  17.932 21.431  531.5    1.579 2128      0.470  511.0    0.237
OGLE-LMC-LPV-54407  14.851 17.877  321.2    1.078 1155      0.413 3155      0.190
OGLE-LMC-LPV-54581  14.717 17.975  233.3    2.117 1590      0.701  402.6    0.280
OGLE-LMC-LPV-54635  19.313    -    641.9    1.824 1715      1.571 3676      0.677
OGLE-LMC-LPV-54676  14.637 16.802  216.7    1.221 4184      0.236  819.7    0.190
OGLE-LMC-LPV-54834  15.358 18.725  497.0    1.281 1664      0.844 4098      0.477
OGLE-LMC-LPV-54903  14.111 16.521  202.2    1.146 4717      0.314  268.0    0.163
OGLE-LMC-LPV-54954  14.412 17.518  217.4    1.247  234.5    0.314 4950      0.199
OGLE-LMC-LPV-54990  18.651    -    437.5    1.438 4082      2.243  447.2    0.517
OGLE-LMC-LPV-55087  14.288 17.966  316.6    2.658  724.1    0.632   79.81   0.182
OGLE-LMC-LPV-55137  14.818 17.963  275.2    2.514 3597      0.449  786.2    0.253
OGLE-LMC-LPV-55202  14.122 16.518  209.3    0.982 7576      0.285  220.3    0.140
OGLE-LMC-LPV-55479  15.406 18.747  352.6    1.206 1101      0.899 3390      0.388
OGLE-LMC-LPV-55492  16.029 19.868  560.0    1.726 3205      1.356  278.2    0.253
OGLE-LMC-LPV-55498  14.068 17.106  359.1    0.951 3413      0.140  185.29   0.129
OGLE-LMC-LPV-55553  14.217 16.768  314.3    0.892 6711      0.420  915.8    0.135
OGLE-LMC-LPV-55560  14.657 17.196  174.31   0.863 2387      0.224  161.08   0.180
OGLE-LMC-LPV-55701  14.657 18.310  436.0    0.826 1712      0.184 1181      0.149
OGLE-LMC-LPV-55838  15.352 17.536  185.36   1.107 1681      1.284 1016      0.406
OGLE-LMC-LPV-55966  16.959 19.872  537.0    1.583 2066      1.984  529.1    0.347
OGLE-LMC-LPV-56020  14.251 16.522  158.26   0.902  181.75   0.260  712.8    0.195
OGLE-LMC-LPV-56055  17.456    -    485.9    1.708 1570      0.633  203.2    0.245
OGLE-LMC-LPV-56092  14.728 17.061  319.9    1.086  875.7    0.297  155.28   0.280
OGLE-LMC-LPV-56126  14.770 17.152  308.6    1.290 4695      0.552  813.7    0.194
OGLE-LMC-LPV-56234  14.084 16.297  246.7    1.153 1565      0.483 4065      0.159
OGLE-LMC-LPV-56243  14.601 17.717  265.6    2.176 1647      0.331  333.6    0.165
OGLE-LMC-LPV-56458  18.984    -    524.7    1.248 2020      1.267  176.03   0.425
OGLE-LMC-LPV-56589  18.126    -    550.4    2.380 2778      3.404 1770      1.825
OGLE-LMC-LPV-56616  14.409 16.971  346.3    1.410  920.0    0.308  400.5    0.200
OGLE-LMC-LPV-56634  14.302 16.701  258.3    0.999 7246      0.435 1035      0.135
OGLE-LMC-LPV-56785  14.520 17.199  264.0    0.832 2865      0.207  466.9    0.120
OGLE-LMC-LPV-56842  13.061 16.642  602.1    2.914 3003      0.372  161.39   0.270
OGLE-LMC-LPV-56911  16.509 18.814  227.3    1.324 4219      0.887  225.2    0.312
OGLE-LMC-LPV-57044  17.761    -    581.1    1.676 3774      1.623  558.0    0.457
OGLE-LMC-LPV-57061  15.154 18.241  403.2    1.129 2762      1.144 5435      0.385
OGLE-LMC-LPV-57093  14.165 16.610  309.0    0.909  573.4    0.138  460.6    0.084
OGLE-LMC-LPV-57162  14.337 16.956  324.9    1.161 1236      0.298 2208      0.187
OGLE-LMC-LPV-57235  18.809    -    422.4    1.609  604.6    0.208 1362      0.187
OGLE-LMC-LPV-57267  14.229 17.125  276.7    2.019 6757      0.996  279.8    0.256
OGLE-LMC-LPV-57270  16.721 19.282  438.0    1.083 7299      3.408  220.7    0.447
OGLE-LMC-LPV-57382  16.083 19.352  358.4    1.275  909.1    0.576 4464      0.485
OGLE-LMC-LPV-57383  18.353    -    514.7    1.524 2667      1.200 1923      0.562
OGLE-LMC-LPV-57386  20.500    -    509.1    1.157 1513      0.241 4237      0.306
OGLE-LMC-LPV-57626  17.747    -    390.2    1.044 2433      3.035 3891      0.633
OGLE-LMC-LPV-57675  14.209 16.580  274.0    0.886  329.8    0.168  392.5    0.137
OGLE-LMC-LPV-57842  16.940 20.772  405.0    1.239 3650      0.969  410.7    0.344
OGLE-LMC-LPV-57845  14.632 17.016  265.4    1.286 1916      0.441  152.30   0.195
OGLE-LMC-LPV-57872  16.638 20.115  432.9    1.532 7937      0.625  426.6    0.429
OGLE-LMC-LPV-57884  14.356 16.436  151.21   0.819 6897      0.268  169.20   0.186
OGLE-LMC-LPV-57960  15.479 17.952  116.68   1.159  307.9    0.192  185.91   0.177
OGLE-LMC-LPV-57963  17.214    -    462.5    1.743 2320      1.504  435.9    0.479
OGLE-LMC-LPV-57982  18.710 21.911  511.0    1.583 3390      1.362 6452      0.420
OGLE-LMC-LPV-58005  14.257 16.567  177.58   0.852   99.51   0.157  187.79   0.100
OGLE-LMC-LPV-58017  12.421 15.708  522.5    0.967  238.7    0.266  534.8    0.185
OGLE-LMC-LPV-58035  14.186 16.616  224.2    1.882  248.6    0.159  505.8    0.138
OGLE-LMC-LPV-58127  19.387    -    505.1    2.195 3584      1.239  245.1    0.410
OGLE-LMC-LPV-58163  18.298 22.186  531.2    1.605 2674      1.641  267.7    0.491
OGLE-LMC-LPV-58264  15.218 18.374  343.1    1.353 3663      1.001  351.7    0.234
OGLE-LMC-LPV-58330  15.661 18.385  438.8    1.196 2155      0.782 4878      0.524
OGLE-LMC-LPV-58385  16.931 19.251  238.5    1.277 4902      0.377  817.7    0.209
OGLE-LMC-LPV-58456  15.759 18.969  358.2    1.347 1669      0.356  183.15   0.178
OGLE-LMC-LPV-58509  14.629 16.803  251.7    1.084  668.9    0.187  151.08   0.124
OGLE-LMC-LPV-58581  14.232 16.677  189.22   1.194  436.5    0.234  326.5    0.160
OGLE-LMC-LPV-58609  14.281 15.832  113.58   0.842  303.5    0.192  187.16   0.113
OGLE-LMC-LPV-58655  14.347 16.901  230.6    1.553 6211      0.332  224.6    0.206
OGLE-LMC-LPV-58951  14.718 17.767  327.6    1.010 3155      0.339  319.6    0.208
OGLE-LMC-LPV-59047  17.677 21.191  373.4    1.489 3096      0.853  366.7    0.298
OGLE-LMC-LPV-59143  14.338 17.891  476.3    0.808 5747      0.459 1295      0.171
OGLE-LMC-LPV-59224  16.240 20.068  363.8    1.517 4132      1.656  339.1    0.193
OGLE-LMC-LPV-59233  15.690 18.959  331.2    1.144 1027      0.373 1969      0.222
OGLE-LMC-LPV-59249  15.311 17.873  307.5    1.229 4167      0.703  349.3    0.162
OGLE-LMC-LPV-59250  16.352 18.833  248.6    1.256 2257      1.609 1515      1.134
OGLE-LMC-LPV-59313  15.346 18.440  354.0    0.934 1060      0.439  724.6    0.380
OGLE-LMC-LPV-59349  17.291    -    467.3    1.267 1905      0.664  463.2    0.324
OGLE-LMC-LPV-59372  17.120 22.004  483.6    1.353 3268      3.229  476.4    0.722
OGLE-LMC-LPV-59451  18.166    -    609.2    1.801 6369      0.949 6410      0.545
OGLE-LMC-LPV-59547  18.463 22.023  433.9    1.644 2681      0.238  315.6    0.121
OGLE-LMC-LPV-59560  16.792 20.080  444.4    1.515 1513      0.599 4065      0.399
OGLE-LMC-LPV-59566  15.150 17.832  323.2    1.198 1672      0.894  394.3    0.174
OGLE-LMC-LPV-59620  15.324 18.540  348.2    1.356 2833      0.733  733.7    0.367
OGLE-LMC-LPV-59728  14.582 17.335  303.2    1.258 1742      0.109  177.34   0.082
OGLE-LMC-LPV-59775  14.629 17.518  231.0    1.419 1466      0.236  271.2    0.158
OGLE-LMC-LPV-59825  15.370 18.722  397.6    1.203 2950      0.708  401.9    0.276
OGLE-LMC-LPV-59855  14.286 16.294  144.78   0.888  334.3    0.275  255.2    0.191
OGLE-LMC-LPV-59877  16.327 19.136  364.6    1.457 2874      1.466 7463      0.602
OGLE-LMC-LPV-59930  14.192 16.355  163.73   1.077  182.42   0.197 1225      0.202
OGLE-LMC-LPV-60059  16.483 20.296  481.5    1.506 1276      1.610  472.8    0.896
OGLE-LMC-LPV-60072  14.828 18.002  205.4    1.659 6849      0.687  204.3    0.221
OGLE-LMC-LPV-60109  14.062 16.725  219.3    0.853  250.0    0.149  115.49   0.135
OGLE-LMC-LPV-60189  12.178 15.114  604.9    2.451  709.7    0.353  121.23   0.198
OGLE-LMC-LPV-60366  14.751 18.790  319.7    2.506 3311      0.212  347.7    0.160
OGLE-LMC-LPV-60398  17.784 20.453  473.5    1.655 5988      1.559  476.0    0.795
OGLE-LMC-LPV-60402  15.723 18.265  374.9    1.522 1639      0.433  403.2    0.329
OGLE-LMC-LPV-60438  14.788    -    182.38   1.092  419.3    0.180    2.3120 0.120
OGLE-LMC-LPV-60465  14.220 16.497  165.14   0.922 3876      0.293  179.15   0.149
OGLE-LMC-LPV-60501  14.863 17.687  253.1    1.089 1548      0.290 4444      0.265
OGLE-LMC-LPV-60517  20.624    -    642.5    1.413 4115      0.275  170.10   0.179
OGLE-LMC-LPV-60560  15.472    -   1137      3.675 1451      0.196  651.5    0.221
OGLE-LMC-LPV-60616  16.084 19.366  390.3    1.148 4587      0.703  375.7    0.491
OGLE-LMC-LPV-60626  19.824    -    496.1    1.556 3663      0.786  212.7    0.141
OGLE-LMC-LPV-60649  14.331 17.787  468.9    1.127 3226      0.217  220.8    0.154
OGLE-LMC-LPV-60693  13.045 15.932  534.8    1.314 6711      0.175  206.1    0.141
OGLE-LMC-LPV-60779  14.144 16.824  224.2    0.829 1233      0.172  241.7    0.163
OGLE-LMC-LPV-61047  14.549 17.620  385.1    0.826 1751      0.299  183.92   0.211
OGLE-LMC-LPV-61115  12.397 15.692  650.1    2.278 2463      0.275  332.3    0.199
OGLE-LMC-LPV-61179  14.311 16.581  175.74   1.040 1073      0.197  242.8    0.163
OGLE-LMC-LPV-61181  14.416 17.757  413.2    0.823 1608      0.280  195.54   0.187
OGLE-LMC-LPV-61200  15.365 18.411  353.1    1.325 1292      0.555 3236      0.189
OGLE-LMC-LPV-61389  15.589 18.197  282.8    1.159  994.0    0.462 1757      0.350
OGLE-LMC-LPV-61398  15.504 19.451  488.3    1.337 1894      0.586 3610      0.263
OGLE-LMC-LPV-61420  14.315 16.862  282.2    1.129 4310      0.128  197.43   0.113
OGLE-LMC-LPV-61422  14.380 16.764  172.10   0.902  204.1    0.101   93.34   0.090
OGLE-LMC-LPV-61446  14.447 17.659  366.3    1.014  424.6    0.309  174.31   0.161
OGLE-LMC-LPV-61481  14.830 17.330  337.1    1.086 1083      0.815 1866      0.528
OGLE-LMC-LPV-61554  14.206 17.172  240.1    1.536 6849      0.717  239.6    0.211
OGLE-LMC-LPV-61654  14.598 17.693  272.3    2.380 4184      0.493  265.3    0.320
OGLE-LMC-LPV-61723  16.073    -    537.3    1.777 1901      2.045  268.0    0.352
OGLE-LMC-LPV-61745  14.423 17.401  206.0    1.062 5988      0.452  218.3    0.191
OGLE-LMC-LPV-61844  14.739 17.446  182.78   1.622 6579      0.551  121.05   0.209
OGLE-LMC-LPV-61903  16.519 19.069  316.6    1.566 5814      0.891  319.7    0.283
OGLE-LMC-LPV-61969  14.319 16.802  174.20   1.088  375.2    0.179  208.9    0.150
OGLE-LMC-LPV-61981  15.001 17.891  378.1    1.428 4464      0.514  365.8    0.163
OGLE-LMC-LPV-62083  14.475 17.336  191.97   1.067 5650      0.448  211.4    0.161
OGLE-LMC-LPV-62279  15.751 19.254  494.0    1.295 4484      0.887  526.9    0.445
OGLE-LMC-LPV-62297  16.962 21.237  461.9    1.314 4386      2.524  282.9    0.452
OGLE-LMC-LPV-62344  15.931 19.019  321.1    0.818 1773      1.180 1383      0.766
OGLE-LMC-LPV-62355  14.437 17.147  285.9    1.040 2933      0.482  746.8    0.187
OGLE-LMC-LPV-62383  16.168 19.122  468.0    1.175 2336      1.473  202.5    0.402
OGLE-LMC-LPV-62401  14.309 17.060  338.0    1.093 5917      0.363  336.2    0.199
OGLE-LMC-LPV-62579  17.448 21.103  458.5    1.462 4132      1.289 3731      0.352
OGLE-LMC-LPV-62648  15.740 19.498  533.9    0.990 3096      1.171  730.5    0.323
OGLE-LMC-LPV-62650  18.202    -    531.6    1.438 2183      1.557  266.0    0.705
OGLE-LMC-LPV-62654  14.391 16.263  208.9    1.254 1342      0.223  132.42   0.106
OGLE-LMC-LPV-62740  14.986 18.488  403.7    1.257 7042      0.456 1328      0.287
OGLE-LMC-LPV-62756  14.367 17.113  181.76   0.898 3759      0.520  719.9    0.170
OGLE-LMC-LPV-62796  14.567 18.137  350.4    2.590 2092      0.319  862.1    0.176
OGLE-LMC-LPV-62961  14.770 17.355  308.6    1.138 4132      0.340  332.0    0.239
OGLE-LMC-LPV-62979  14.554 18.006  357.7    2.621  906.6    0.307  771.6    0.182
OGLE-LMC-LPV-63011  15.199 17.359  103.56   1.050  256.5    0.241  443.9    0.164
OGLE-LMC-LPV-63064  19.808 21.296  549.9    1.056  885.7    0.258 4348      0.237
OGLE-LMC-LPV-63090  15.673 18.796  369.4    1.359 2198      0.756 4902      0.619
OGLE-LMC-LPV-63211  18.247 20.640  806.9    2.562  723.1    0.397  719.9    0.460
OGLE-LMC-LPV-63344  20.222    -    544.6    1.632 5988      1.045  532.8    0.684
OGLE-LMC-LPV-63480  15.838 18.733  442.3    1.287 5291      1.661 1473      0.565
OGLE-LMC-LPV-63588  14.687 17.171  348.1    1.034  396.0    0.800 2632      0.429
OGLE-LMC-LPV-63658  15.804 19.527  553.4    1.226 2012      0.758 4630      0.450
OGLE-LMC-LPV-63682  14.349 17.134  277.4    1.057  321.4    0.183 1225      0.131
OGLE-LMC-LPV-63766  14.971 17.191  227.5    1.375  642.7    0.351 1460      0.181
OGLE-LMC-LPV-63816  14.398 17.243  213.5    1.523  550.4    0.299  210.7    0.171
OGLE-LMC-LPV-63850  14.233 16.989  226.1    1.208  774.0    0.107  488.8    0.081
OGLE-LMC-LPV-63863  14.312 17.329  421.5    0.989 5814      0.284  614.6    0.105
OGLE-LMC-LPV-63924  14.231 16.726  318.5    1.047  902.5    0.245  139.86   0.081
OGLE-LMC-LPV-64155  14.812 16.899  218.6    1.343  419.3    0.109  254.8    0.098
OGLE-LMC-LPV-64158  17.796 21.698  376.5    1.603 1686      0.378  383.7    0.128
OGLE-LMC-LPV-64180  17.996 20.808  454.8    1.553 7353      1.429 1401      0.349
OGLE-LMC-LPV-64246  15.414 18.280  293.1    1.128 4831      1.065 1267      0.419
OGLE-LMC-LPV-64310  14.741 17.493  393.3    1.200 2667      0.681 1086      0.342
OGLE-LMC-LPV-64345  16.320 19.660  425.5    1.694 1669      1.198  413.9    0.804
OGLE-LMC-LPV-64370  15.553 18.530  337.8    1.365 2375      0.731 4219      0.416
OGLE-LMC-LPV-64428  14.641 17.308  351.7    2.555  888.9    0.378  173.91   0.176
OGLE-LMC-LPV-64657  16.823 20.158  330.1    1.434 3650      2.529  328.8    0.706
OGLE-LMC-LPV-64770  17.173 20.677  394.0    1.355 2710      2.695  394.5    0.921
OGLE-LMC-LPV-64787  14.142 16.602  307.8    0.864  396.0    0.096  895.3    0.073
OGLE-LMC-LPV-64886  15.021 17.716  328.5    1.228 1116      0.475 2004      0.306
OGLE-LMC-LPV-64933  17.100    -    549.0    2.131 1845      0.834 1406      0.408
OGLE-LMC-LPV-65005  14.231 18.062  417.3    2.750  869.6    0.224  105.03   0.191
OGLE-LMC-LPV-65066  14.551 17.414  334.6    1.329 1629      0.197  378.2    0.106
OGLE-LMC-LPV-65461  16.078 19.021  378.6    0.968 7299      0.940 1515      0.382
OGLE-LMC-LPV-65505  17.621 20.656  128.70   0.875  922.5    1.295 1149      0.529
OGLE-LMC-LPV-65656  14.638 17.222  240.4    0.921  837.5    0.319 6711      0.157
OGLE-LMC-LPV-65706  18.510    -    573.8    1.547 3610      0.608  733.1    0.215
OGLE-LMC-LPV-65784  12.982 16.401  514.7    1.624 1379      0.144  407.5    0.114
OGLE-LMC-LPV-65806  14.841 16.974  112.49   1.149  226.0    0.247  282.2    0.186
OGLE-LMC-LPV-66035  19.939    -    626.5    1.861 4329      0.859  499.5    0.570
OGLE-LMC-LPV-66055  14.901 18.614  395.8    0.886 4065      0.862  375.9    0.248
OGLE-LMC-LPV-66099  14.663 17.295  326.2    1.123 1248      0.326 2817      0.117
OGLE-LMC-LPV-66108  18.460 20.299  573.7    1.702 4167      2.920  579.7    0.443
OGLE-LMC-LPV-66136  17.173 20.863  487.5    1.497 3953      3.317  526.9    0.494
OGLE-LMC-LPV-66242  14.924 18.265  204.2    1.794 5780      0.510  202.2    0.385
OGLE-LMC-LPV-66307  13.998 16.226  158.36   0.919  313.0    0.153  289.3    0.108
OGLE-LMC-LPV-66356  14.912 17.720  307.6    1.271  350.3    0.205  709.7    0.257
OGLE-LMC-LPV-66358  15.965 18.987  319.3    0.819 3300      1.625  319.5    0.543
OGLE-LMC-LPV-66417  15.409 18.263  332.8    1.135 2532      1.056 6135      0.394
OGLE-LMC-LPV-66454  15.724 19.547  374.9    1.078 3058      0.778 2183      0.499
OGLE-LMC-LPV-66470  16.661 20.297  383.9    0.917 1475      1.967 6944      1.090
OGLE-LMC-LPV-66534  14.988 17.924  169.29   0.823 5181      0.406  163.08   0.315
OGLE-LMC-LPV-66589  15.013 18.607  412.4    0.878 1437      1.040 1002      0.586
OGLE-LMC-LPV-66656  14.085 16.453  215.6    1.423 1610      0.227  243.5    0.147
OGLE-LMC-LPV-66660  16.501 20.419  492.9    1.637 1767      0.937 3802      0.819
OGLE-LMC-LPV-66662  14.810 17.805  334.2    0.822 4367      0.376  342.7    0.225
OGLE-LMC-LPV-66678  19.462    -    485.4    1.520 3861      0.617  159.85   0.326
OGLE-LMC-LPV-66698  14.669 18.592  255.3    2.247 1031      0.220  885.0    0.166
OGLE-LMC-LPV-66742  17.468 20.945  331.0    2.066 2294      0.721 4367      0.502
OGLE-LMC-LPV-66795  14.285 17.610  418.5    1.062 1825      0.308  724.1    0.188
OGLE-LMC-LPV-66842  14.667 17.409  326.4    1.269 3731      0.335  394.6    0.151
OGLE-LMC-LPV-66907  14.153 16.877  248.7    1.498 5405      0.129  275.0    0.103
OGLE-LMC-LPV-66916  14.650 18.780  331.2    0.899  268.0    0.134  306.7    0.085
OGLE-LMC-LPV-66969  14.425 17.185  248.9    1.808  285.1    0.354  905.0    0.181
OGLE-LMC-LPV-67018  14.728 17.610  224.7    0.919  175.22   0.250  244.9    0.183
OGLE-LMC-LPV-67169  15.630 18.839  340.9    1.103 5208      0.375  346.3    0.336
OGLE-LMC-LPV-67195  17.924 23.494  525.5    1.803 3497      3.784 3717      0.835
OGLE-LMC-LPV-67215  15.490 18.365  404.0    0.805 4505      0.662  189.29   0.424
OGLE-LMC-LPV-67326  15.504 18.648  300.2    0.989 3215      0.157  144.86   0.092
OGLE-LMC-LPV-67445  14.509 17.053  259.6    0.865 1642      0.207 3460      0.103
OGLE-LMC-LPV-67652  18.143    -    377.1    1.815 4329      1.192  342.6    0.274
OGLE-LMC-LPV-67673  18.715 22.366  539.1    1.522 2506      2.136  884.2    0.952
OGLE-LMC-LPV-67700  14.791 17.687  344.1    1.064 1585      0.343 6623      0.179
OGLE-LMC-LPV-67753  16.146 18.660  423.2    1.309 2370      1.025 1672      0.841
OGLE-LMC-LPV-67757  14.398 16.849  296.0    0.939 3584      0.346  158.73   0.136
OGLE-LMC-LPV-67890  17.295    -    549.0    1.557 2299      0.660 1468      0.572
OGLE-LMC-LPV-67969  16.055 19.535  425.1    1.729 2066      0.788 2874      0.225
OGLE-LMC-LPV-68041  15.989 19.498  323.3    1.573 1176      0.423 2160      0.214
OGLE-LMC-LPV-68127  18.346    -    517.8    1.639 2833      0.407  778.8    0.253
OGLE-LMC-LPV-68143  16.200 19.225  443.3    1.179 2128      1.940  582.8    0.486
OGLE-LMC-LPV-68154  16.312 20.412  281.5    0.810 2597      2.194  273.6    0.505
OGLE-LMC-LPV-68252  13.238 15.808  322.9    1.857  416.7    0.272 1183      0.139
OGLE-LMC-LPV-68292  18.966    -    552.0    1.249 5435      1.986  276.5    1.305
OGLE-LMC-LPV-68374  18.092 21.805  422.3    1.513 1410      1.632 1143      0.939
OGLE-LMC-LPV-68435  18.753    -    500.7    1.722 3731      0.583  445.6    0.222
OGLE-LMC-LPV-68460  14.788 17.149  133.73   1.308 1206      0.198  176.46   0.122
OGLE-LMC-LPV-68509  18.960    -    557.1    2.148 4167      2.262  555.9    0.889
OGLE-LMC-LPV-68600  14.520 17.188  378.0    1.361 4587      0.626 1100      0.290
OGLE-LMC-LPV-68637  14.667 17.779  311.4    0.959 1393      0.208  272.7    0.129
OGLE-LMC-LPV-68663  14.855 17.406  154.17   0.817  130.12   0.091   58.90   0.063
OGLE-LMC-LPV-68717  15.220 18.147  328.5    1.205 1764      0.530  164.91   0.154
OGLE-LMC-LPV-68972  14.128 16.353  178.11   1.055 1096      0.150  192.34   0.117
OGLE-LMC-LPV-68994  14.474 16.677  257.6    1.228  310.8    0.187  820.3    0.173
OGLE-LMC-LPV-69123  14.029 16.243  267.0    1.187  443.7    0.198 1325      0.108
OGLE-LMC-LPV-69195  14.426 17.202  226.9    1.061  241.7    0.353 3788      0.198
OGLE-LMC-LPV-69221  17.908 21.939  520.8    1.690 2247      1.660  262.4    0.488
OGLE-LMC-LPV-69274  14.215 16.865  224.7    1.475  316.5    0.271 1179      0.184
OGLE-LMC-LPV-69374  14.186 16.564  232.5    1.711  377.1    0.413  862.1    0.347
OGLE-LMC-LPV-69528  13.871 16.550  447.8    2.883  893.7    0.499 5051      0.408
OGLE-LMC-LPV-69571  15.479 18.508  361.0    1.403 2703      0.765  723.6    0.169
OGLE-LMC-LPV-69575  15.865 19.913  198.35   0.936 2833      0.534  222.1    0.362
OGLE-LMC-LPV-69592  15.099 17.586  221.7    0.817 1220      0.251  256.9    0.075
OGLE-LMC-LPV-69613  13.023 16.960  548.3    1.784 2273      0.179  258.1    0.141
OGLE-LMC-LPV-69616  15.322 18.248  348.5    1.316  958.8    0.707 1255      0.399
OGLE-LMC-LPV-69689  17.512    -    446.4    1.805 1350      0.332  540.8    0.257
OGLE-LMC-LPV-69742  14.359 16.709  285.2    0.972  596.7    0.221  414.4    0.119
OGLE-LMC-LPV-69981  14.859 16.878  123.99   0.844 1580      0.364  114.61   0.349
OGLE-LMC-LPV-69984  14.173 16.294  205.0    1.154  235.2    0.081   95.88   0.051
OGLE-LMC-LPV-70126  14.106 16.599  221.5    0.956  243.1    0.184 2232      0.165
OGLE-LMC-LPV-70183  14.154 16.488  190.41   0.824  205.7    0.218  313.8    0.190
OGLE-LMC-LPV-70417  14.431 16.748  271.5    1.278 2933      0.239  289.2    0.130
OGLE-LMC-LPV-70582  14.967 17.857  367.0    1.068 1250      0.623  872.6    0.225
OGLE-LMC-LPV-70688  14.688 16.370  213.0    1.264  472.1    0.269  856.2    0.200
OGLE-LMC-LPV-70710  14.733 16.876  358.9    1.953  875.7    0.397  235.3    0.132
OGLE-LMC-LPV-70894  14.254    -    286.5    1.234 5988      0.316  701.3    0.197
OGLE-LMC-LPV-70943  18.795 21.801  503.5    1.970 1597      1.137  168.10   0.245
OGLE-LMC-LPV-70979  19.237    -    464.3    1.537 2545      1.995 1848      0.902
OGLE-LMC-LPV-71009  18.247    -    514.1    1.970 2950      0.471  501.5    0.394
OGLE-LMC-LPV-71050  14.272 16.396  144.36   0.825  201.4    0.152  505.1    0.134
OGLE-LMC-LPV-71117  17.728 21.654  503.4    1.820 4566      2.123  210.2    0.925
OGLE-LMC-LPV-71223  17.488    -    332.7    1.434 7634      0.911 1495      0.334
OGLE-LMC-LPV-71295  14.343 16.856  331.0    1.214 1212      0.316  780.0    0.156
OGLE-LMC-LPV-71425  15.047 18.164  258.3    0.927 3040      0.377  765.7    0.221
OGLE-LMC-LPV-71465  14.558 17.250  727.3    1.705 3922      1.285  183.22   0.300
OGLE-LMC-LPV-71742  16.619 20.340  347.8    1.451 1577      0.559  362.8    0.147
OGLE-LMC-LPV-71763  19.382    -    558.1    1.629 2874      0.851 2049      0.446
OGLE-LMC-LPV-71772  18.019    -    512.3    2.240 3846      1.681  255.2    0.360
OGLE-LMC-LPV-71785  15.605 18.600  510.4    1.495 2079      0.660 6024      0.324
OGLE-LMC-LPV-71798  14.867 18.325  355.9    0.879 2033      0.469 4329      0.240
OGLE-LMC-LPV-71800  14.735 18.145  435.2    3.399 5000      1.016 1239      0.330
OGLE-LMC-LPV-71865  18.765    -    507.5    1.728 3636      0.583  985.2    0.244
OGLE-LMC-LPV-71954  16.279 19.950  485.4    1.105 5682      1.621  489.7    0.223
OGLE-LMC-LPV-71962  14.612 17.532  309.3    0.935 2639      0.228  245.8    0.141
OGLE-LMC-LPV-72062  17.319 21.098  503.8    1.728 3876      2.186  571.1    0.341
OGLE-LMC-LPV-72253  14.378 16.125  153.20   1.006  463.0    0.189 1036      0.113
OGLE-LMC-LPV-72370  17.691    -    541.4    1.353 1786      1.164 6289      0.882
OGLE-LMC-LPV-72373  14.938 17.883  285.5    1.632 2551      0.926  122.19   0.383
OGLE-LMC-LPV-72646  14.303 16.802  308.0    0.946 2841      0.081  229.1    0.063
OGLE-LMC-LPV-72700  18.421    -    555.1    1.574 3891      1.017 1575      0.362
OGLE-LMC-LPV-72729  14.608 18.214  260.6    0.807  125.58   0.176  242.3    0.170
OGLE-LMC-LPV-72749  15.831 19.113  468.8    0.897  940.7    1.051 3077      0.842
OGLE-LMC-LPV-72751  15.192 17.554  234.0    1.240 6897      0.207  248.1    0.170
OGLE-LMC-LPV-72777  14.597 16.464  190.27   1.314  855.4    0.519  495.5    0.198
OGLE-LMC-LPV-72912  14.209 16.528  266.4    0.878  337.7    0.117  149.39   0.095
OGLE-LMC-LPV-73049  14.078 16.715  204.9    0.848  108.37   0.144 1037      0.116
OGLE-LMC-LPV-73058  18.270 22.534  358.3    1.975 2801      1.129  186.25   0.198
OGLE-LMC-LPV-73100  15.373 19.354  302.6    1.961  534.8    0.307  165.98   0.189
OGLE-LMC-LPV-73125  14.686 16.655  229.7    1.272  712.3    0.385 3676      0.257
OGLE-LMC-LPV-73176  15.019 17.536  314.0    1.363  426.8    0.309 1060      0.314
OGLE-LMC-LPV-73241  13.367 19.148  763.5    2.931  192.42   0.335  733.7    0.296
OGLE-LMC-LPV-73242  16.807 20.171  335.4    1.942 2778      0.736  734.2    0.499
OGLE-LMC-LPV-73251  14.333 16.940  305.1    0.975  740.7    0.228  567.2    0.169
OGLE-LMC-LPV-73324  15.701 19.638  437.1    0.877 1302      0.490 3759      0.329
OGLE-LMC-LPV-73326  14.622 18.258  430.5    0.980 6369      0.343  198.85   0.158
OGLE-LMC-LPV-73344  15.276 18.741  399.8    0.995 1580      0.730  271.2    0.101
OGLE-LMC-LPV-73565  16.568 20.337  448.9    1.504 4425      1.405  199.00   0.340
OGLE-LMC-LPV-73600  14.796 18.036  425.9    0.875 4274      0.822  452.1    0.243
OGLE-LMC-LPV-73671  15.273 17.995  261.7    1.223 3509      0.399  699.3    0.111
OGLE-LMC-LPV-73762  14.021 15.848  160.37   1.032  250.8    0.113   73.86   0.081
OGLE-LMC-LPV-73785  14.275 16.714  171.99   1.004  179.95   0.167  632.9    0.154
OGLE-LMC-LPV-73831  16.495 20.285  507.4    1.279 2304      2.480  471.5    0.396
OGLE-LMC-LPV-73972  19.253    -    582.1    1.832 4739      0.670  235.6    0.186
OGLE-LMC-LPV-74002  14.286 16.242  146.95   0.825  210.0    0.199  198.29   0.163
OGLE-LMC-LPV-74022  17.861 22.334  532.3    1.691 2778      0.748 5181      0.327
OGLE-LMC-LPV-74095  15.429 18.218  420.7    0.985 4587      0.759  427.9    0.194
OGLE-LMC-LPV-74179  13.741 17.272  367.3    1.190  192.27   0.534 4049      0.375
OGLE-LMC-LPV-74368  14.403 16.929  319.7    1.141  663.1    0.255 3571      0.226
OGLE-LMC-LPV-74380  14.454 17.364  239.7    1.680  982.3    0.336  745.2    0.266
OGLE-LMC-LPV-74404  14.222 16.472  300.9    0.802  718.9    0.183  108.72   0.108
OGLE-LMC-LPV-74441  14.253 16.942  321.0    0.830  634.9    0.163  386.0    0.127
OGLE-LMC-LPV-74477  16.646 21.914  495.9    1.247 4310      1.459  522.7    0.740
OGLE-LMC-LPV-74641  14.124 17.158  240.0    1.163  881.8    0.156  128.37   0.096
OGLE-LMC-LPV-74660  14.337 16.590  258.6    1.141  556.8    0.131  336.1    0.120
OGLE-LMC-LPV-74777  16.905 20.877  422.1    1.262 1524      1.186 3509      0.297
OGLE-LMC-LPV-74968  16.496 20.528  494.6    1.462 1721      1.435 1142      0.509
OGLE-LMC-LPV-75063  16.820 19.561  527.5    1.417 2525      3.537 3802      1.106
OGLE-LMC-LPV-75301  17.579 22.061  426.3    1.607 1181      0.987 1692      0.787
OGLE-LMC-LPV-75325  16.120 19.286  269.1    1.312  664.0    0.263  409.8    0.177
OGLE-LMC-LPV-75330  13.970 16.222  204.2    1.185  224.7    0.238  178.06   0.123
OGLE-LMC-LPV-75539  20.194    -    584.2    1.590 2890      0.780  593.8    0.293
OGLE-LMC-LPV-75574  16.416 20.246  466.4    1.193 4651      1.067  865.1    0.524
OGLE-LMC-LPV-75577  16.390 19.636  312.5    1.022 3731      0.799  325.5    0.441
OGLE-LMC-LPV-75630  14.629 17.927  406.5    1.271 3322      0.701  389.6    0.246
OGLE-LMC-LPV-75669  17.003 21.720  399.2    1.583 2967      0.940  377.8    0.406
OGLE-LMC-LPV-75835  14.544 17.323  202.0    2.000  523.6    0.349  315.1    0.223
OGLE-LMC-LPV-75861  17.402 21.089  379.1    1.269 2874      0.557 7143      0.226
OGLE-LMC-LPV-75986  15.217 18.715  397.9    2.316  760.5    0.521 1543      0.421
OGLE-LMC-LPV-76079  13.621 18.080  561.6    1.178 2469      0.184  465.3    0.159
OGLE-LMC-LPV-76083  14.260 16.394  188.14   1.301  574.7    0.236  323.8    0.169
OGLE-LMC-LPV-76104  18.919    -    666.0    1.885 2571      0.576  331.9    0.372
OGLE-LMC-LPV-76207  16.084 18.876  275.3    1.165 2809      1.004  755.9    0.249
OGLE-LMC-LPV-76310  14.343 16.544  239.9    0.881  283.4    0.196 4310      0.080
OGLE-LMC-LPV-76317  15.023 18.118  178.01   0.881  184.54   0.209 4902      0.178
OGLE-LMC-LPV-76325  14.301 16.643  153.04   1.111  423.2    0.128  163.24   0.124
OGLE-LMC-LPV-76327  15.377 18.378  380.7    1.473 4098      0.798  370.1    0.190
OGLE-LMC-LPV-76335  15.193 17.787  354.4    1.232 2538      0.616 4167      0.347
OGLE-LMC-LPV-76489  15.749 19.008  370.1    1.545 1761      0.711 1103      0.255
OGLE-LMC-LPV-76538  18.893    -    372.0    1.451 3906      0.348  406.0    0.180
OGLE-LMC-LPV-76673  14.330 16.926  294.7    1.048  658.8    0.177  958.8    0.112
OGLE-LMC-LPV-76683  17.934    -    528.0    1.302 2755      3.069 2849      1.296
OGLE-LMC-LPV-76706  14.632 17.168  313.9    1.205 3049      0.273  319.9    0.164
OGLE-LMC-LPV-76711  17.589 21.134  350.3    0.902 1404      3.379  175.38   0.932
OGLE-LMC-LPV-76757  14.645 17.427  353.1    1.129 2591      0.338  160.26   0.111
OGLE-LMC-LPV-76826  15.516 18.510  443.5    1.080 2786      1.472  198.69   0.365
OGLE-LMC-LPV-77083  16.885 20.198  473.9    0.951 2242      1.689 4902      1.422
OGLE-LMC-LPV-77099  19.463    -    570.5    1.137 2481      1.700  476.9    0.729
OGLE-LMC-LPV-77184  14.610 17.213  290.0    1.074 7092      0.205  348.1    0.148
OGLE-LMC-LPV-77221  14.281 16.308  217.8    1.113  185.49   0.131 4484      0.114
OGLE-LMC-LPV-77228  14.990 17.896  313.3    1.348  747.4    0.443 4386      0.369
OGLE-LMC-LPV-77251  16.971 20.558  315.3    1.296  734.2    0.707 1311      0.498
OGLE-LMC-LPV-77253  15.192 18.720  209.7    0.967 1232      0.120  115.85   0.090
OGLE-LMC-LPV-77344  14.843 17.930  326.3    1.056 1140      0.250 1706      0.136
OGLE-LMC-LPV-77353  16.157 19.655  392.0    1.935 3546      1.447  375.4    0.629
OGLE-LMC-LPV-77553  14.855 17.455  268.3    1.323  574.1    0.260  802.6    0.146
OGLE-LMC-LPV-77575  14.691 17.075  284.1    1.267  747.4    0.373 2874      0.190
OGLE-LMC-LPV-77585  15.894 18.716  310.9    1.221 1006      0.509 1996      0.559
OGLE-LMC-LPV-77613  15.520 18.399  361.8    1.473 1203      0.752 2597      0.422
OGLE-LMC-LPV-77631  17.202 21.420  398.5    1.177 1136      0.764 3086      0.584
OGLE-LMC-LPV-77675  14.933 17.763  165.89   1.768  406.3    0.345  160.10   0.340
OGLE-LMC-LPV-77797  15.031 17.543  332.6    0.926 1704      1.359 2755      0.282
OGLE-LMC-LPV-77904  19.735    -   1352      5.695 2410      0.564  310.5    0.532
OGLE-LMC-LPV-78033  14.806 18.271  403.3    0.843 3509      0.407  399.2    0.250
OGLE-LMC-LPV-78051  15.313 18.482  296.5    1.221  565.0    0.231 2500      0.139
OGLE-LMC-LPV-78078  17.378    -    383.2    1.663 3289      0.826  439.9    0.406
OGLE-LMC-LPV-78102  17.084 22.753  420.3    1.292 1200      0.519 7042      0.487
OGLE-LMC-LPV-78118  14.088 16.516  323.7    1.090  600.6    0.252 3831      0.180
OGLE-LMC-LPV-78141  15.222 18.300  311.1    1.106  750.2    0.290  231.4    0.083
OGLE-LMC-LPV-78207  19.167    -    503.3    1.644 2591      0.981 5682      0.987
OGLE-LMC-LPV-78306  14.100 17.164  412.3    2.740 5952      0.517  868.1    0.310
OGLE-LMC-LPV-78336  14.732 17.770  342.3    1.302 1395      0.483 3067      0.385
OGLE-LMC-LPV-78377  14.102 16.555  284.1    1.251  326.9    0.176  257.3    0.091
OGLE-LMC-LPV-78617  14.345 16.771  245.1    1.933  615.0    0.447 1362      0.196
OGLE-LMC-LPV-78624  14.515 17.520  373.1    0.875 2242      0.342 4202      0.163
OGLE-LMC-LPV-78667  15.037 17.834  300.7    1.149  586.9    0.317  171.26   0.172
OGLE-LMC-LPV-78764  17.048 20.062  334.7    1.302 3922      2.249  889.7    0.654
OGLE-LMC-LPV-78834  15.125 17.997  513.8    1.256 4237      1.143  521.6    0.387
OGLE-LMC-LPV-78871  19.209 20.448  676.1    1.285 1481      0.331 2899      0.225
OGLE-LMC-LPV-78976  15.309 19.469  199.53   0.838  207.9    0.169 2315      0.177
OGLE-LMC-LPV-79030  15.850 19.828  449.6    0.887 1445      0.702 4184      0.425
OGLE-LMC-LPV-79097  14.390 16.924  291.1    0.868  154.63   0.205  739.6    0.199
OGLE-LMC-LPV-79120  14.920 17.742  138.01   1.483  301.3    0.278  600.6    0.243
OGLE-LMC-LPV-79206  17.474    -    458.0    1.470 4444      1.428  760.5    0.732
OGLE-LMC-LPV-79208  14.995 18.288  225.6    1.868  554.0    0.385  862.1    0.275
OGLE-LMC-LPV-79250  14.156 16.587  317.2    0.883  163.99   0.180  578.0    0.172
OGLE-LMC-LPV-79272  18.400    -    520.8    2.044 2703      1.162  548.2    0.200
OGLE-LMC-LPV-79341  13.627 16.853  708.9    2.958  176.46   0.360 2208      0.337
OGLE-LMC-LPV-79347  20.741    -    555.4    1.217 2268      0.351   43.624  0.173
OGLE-LMC-LPV-79583  15.108 17.461  119.54   1.105 1595      0.280  221.2    0.271
OGLE-LMC-LPV-79643  15.267 17.800  291.5    1.103 2364      0.633  913.2    0.349
OGLE-LMC-LPV-79671  18.785    -    394.7    1.691 1387      0.398 3344      0.279
OGLE-LMC-LPV-79837  14.539    -    326.8    2.453  868.8    0.451  540.8    0.345
OGLE-LMC-LPV-79841  15.525 18.745  265.4    1.245 2825      0.476 1838      0.298
OGLE-LMC-LPV-79884  14.651 18.098  400.0    0.806 1130      0.370 2506      0.273
OGLE-LMC-LPV-79889  16.528 20.071  300.3    1.339 5882      0.951  281.8    0.300
OGLE-LMC-LPV-79963  14.194 17.881  387.7    2.148  854.0    0.230  267.3    0.120
OGLE-LMC-LPV-80069  15.303 18.357  367.7    1.188 4115      0.370  255.0    0.153
OGLE-LMC-LPV-80101  15.094 17.967  329.4    1.214 5405      0.259  272.5    0.211
OGLE-LMC-LPV-80122  15.060 17.680  302.1    1.222 3937      1.111  693.5    0.196
OGLE-LMC-LPV-80277  14.365 16.365  212.2    1.117  729.4    0.169  895.3    0.082
OGLE-LMC-LPV-80311  14.324 16.563  180.34   1.078  750.8    0.247  610.5    0.225
OGLE-LMC-LPV-80320  15.066 18.344  398.1    1.016 1272      0.469  328.6    0.352
OGLE-LMC-LPV-80328  14.978 17.806  257.2    0.983  733.7    0.332 2415      0.290
OGLE-LMC-LPV-80331  19.220    -    470.4    1.687 3300      0.537  413.7    0.245
OGLE-LMC-LPV-80380  14.248 16.324  140.65   0.831  188.86   0.202  220.2    0.187
OGLE-LMC-LPV-80427  13.227 16.299  323.7    1.601 1305      0.350  571.4    0.216
OGLE-LMC-LPV-80467  15.322 18.265  384.2    1.306 2551      0.301  544.7    0.151
OGLE-LMC-LPV-80532  14.109 16.439  302.2    0.920  351.5    0.169  695.4    0.109
OGLE-LMC-LPV-80536  14.407 16.976  304.2    0.925 4367      0.288  665.8    0.197
OGLE-LMC-LPV-80606  13.975 17.380  321.5    1.274  181.03   0.202  254.8    0.178
OGLE-LMC-LPV-80640  15.758 18.052  244.9    1.384 5988      0.600  770.4    0.176
OGLE-LMC-LPV-80670  17.763 20.522  557.5    1.263 2451      2.302 3125      2.486
OGLE-LMC-LPV-80698  14.750 16.640  153.49   0.804  159.21   0.286 5208      0.242
OGLE-LMC-LPV-80716  14.781 17.383  302.4    1.171  344.8    0.271 2012      0.185
OGLE-LMC-LPV-80725  17.573 21.971  465.9    1.438 1170      0.637 2849      0.460
OGLE-LMC-LPV-80740  18.316    -    154.23   1.681  619.6    2.723 1709      2.078
OGLE-LMC-LPV-80756  15.760 19.151  415.0    1.098 2364      1.038 1486      0.510
OGLE-LMC-LPV-80803  14.130 16.501  310.8    0.931  395.9    0.101  169.66   0.088
OGLE-LMC-LPV-80810  14.431 17.247  165.42   1.304 2500      0.466  338.0    0.182
OGLE-LMC-LPV-80836  16.088 20.186  434.9    1.184 2890      0.719  622.7    0.234
OGLE-LMC-LPV-80849  19.114    -    528.6    1.617 3745      1.406  632.1    0.356
OGLE-LMC-LPV-80902  19.231    -    548.4    1.774 3788      0.366  241.0    0.091
OGLE-LMC-LPV-80935  14.280 17.208  198.15   0.901 1449      0.140 3817      0.108
OGLE-LMC-LPV-81060  14.776 17.867  320.5    0.846  910.7    0.235  419.1    0.130
OGLE-LMC-LPV-81113  17.708    -    539.3    1.814 3300      1.300 2188      0.578
OGLE-LMC-LPV-81164  15.308 18.612  334.4    1.198 2778      0.422  333.0    0.224
OGLE-LMC-LPV-81170  14.765 18.550  453.6    0.880 7576      0.408  669.3    0.192
OGLE-LMC-LPV-81220  13.557 16.794  568.0    0.903 1736      0.229  484.3    0.107
OGLE-LMC-LPV-81281  15.397 18.967  447.9    0.964 1328      0.954 1028      0.505
OGLE-LMC-LPV-81315  14.350 16.969  273.5    1.002 3717      0.244  191.35   0.090
OGLE-LMC-LPV-81321  14.806 17.531  299.6    1.176 1597      0.385  302.8    0.190
OGLE-LMC-LPV-81328  14.870 17.660  266.3    2.467  736.9    0.579  420.5    0.332
OGLE-LMC-LPV-81352  17.103 20.884  490.9    1.207 3460      1.553  476.0    0.588
OGLE-LMC-LPV-81372  15.987 20.346  421.6    1.045 2012      0.704  425.4    0.391
OGLE-LMC-LPV-81400  14.155 16.408  257.4    0.964  286.9    0.184 2695      0.144
OGLE-LMC-LPV-81419  16.504 19.338  326.5    0.993 3021      0.892  777.6    0.546
OGLE-LMC-LPV-81458  14.154 17.658  376.7    2.487 1664      0.306 1070      0.215
OGLE-LMC-LPV-81477  17.586    -    480.4    1.177 1802      0.703 3597      0.504
OGLE-LMC-LPV-81519  15.077 17.733  142.63   0.816  162.68   0.258 3175      0.196
OGLE-LMC-LPV-81655  14.488 16.613  147.54   0.855  428.6    0.209 1175      0.141
OGLE-LMC-LPV-81656  14.483 16.767  173.65   0.922  182.08   0.211 4082      0.181
OGLE-LMC-LPV-81677  16.753 21.214  442.9    1.257 4082      1.647  200.8    0.257
OGLE-LMC-LPV-81800  13.657 17.317  385.0    1.025  227.1    0.203  556.2    0.215
OGLE-LMC-LPV-81870  17.330 22.066  493.1    1.099 2342      1.494  208.3    0.456
OGLE-LMC-LPV-81885  14.270 16.670  232.3    1.541 1032      0.160  418.4    0.117
OGLE-LMC-LPV-81961  16.115 19.408  373.0    1.496 2398      1.265 1675      0.505
OGLE-LMC-LPV-81990  19.478    -    562.4    1.884 2681      0.940  157.46   0.425
OGLE-LMC-LPV-81991  14.400 16.544  148.47   0.940  789.9    0.167  208.8    0.109
OGLE-LMC-LPV-82026  14.218 16.179  152.85   1.016  507.4    0.186  669.8    0.129
OGLE-LMC-LPV-82039  14.395 17.099  296.2    1.051 3953      0.410  968.1    0.201
OGLE-LMC-LPV-82049  16.275 18.897  452.7    0.817 2577      2.472  588.9    0.346
OGLE-LMC-LPV-82105  13.544 16.941  532.2    1.279 4016      0.538  255.6    0.113
OGLE-LMC-LPV-82213  15.238    -    296.5    1.576  519.8    0.639 1263      0.245
OGLE-LMC-LPV-82230  18.425    -    499.2    1.550 2874      0.821  502.8    0.268
OGLE-LMC-LPV-82281  14.173 16.606  213.9    1.265  831.9    0.137  304.6    0.120
OGLE-LMC-LPV-82327  15.750 18.637  348.2    1.122 2347      0.760 5556      0.548
OGLE-LMC-LPV-82472  14.081 16.500  308.6    0.944  412.5    0.145 1642      0.104
OGLE-LMC-LPV-82475  14.255 17.156  367.8    0.952 3597      0.465  603.9    0.259
OGLE-LMC-LPV-82526  15.028 17.263  141.50   0.926  131.06   0.345 1629      0.178
OGLE-LMC-LPV-82583  18.126 22.142  410.4    1.174 1712      1.011 2710      0.548
OGLE-LMC-LPV-82609  16.845 21.313  393.0    0.947 1263      1.140 2278      0.341
OGLE-LMC-LPV-82614  14.726 17.692  301.9    1.110 6098      0.673 1297      0.262
OGLE-LMC-LPV-82727  17.696    -    426.9    1.420 4292      0.790  432.3    0.478
OGLE-LMC-LPV-82737  12.928 16.763  579.6    2.358 1401      0.509  527.7    0.288
OGLE-LMC-LPV-82816  14.117 16.305  163.63   0.919  541.7    0.138  232.7    0.117
OGLE-LMC-LPV-82868  14.554 16.688  228.8    1.239 1321      0.294  249.4    0.173
OGLE-LMC-LPV-82942  20.054    -    561.5    1.512 3937      2.704  581.4    0.632
OGLE-LMC-LPV-82982  17.563 20.722  468.3    1.501 2262      1.202 4329      0.598
OGLE-LMC-LPV-82988  17.693 21.191  532.9    1.866 3390      1.849 1453      0.474
OGLE-LMC-LPV-83027  15.947 19.448  355.5    1.669 2278      0.697  349.0    0.208
OGLE-LMC-LPV-83052  15.350 19.977  374.4    1.150 4505      1.070 1152      0.502
OGLE-LMC-LPV-83167  15.233 17.493  231.8    1.446 2653      0.333  245.7    0.159
OGLE-LMC-LPV-83176  16.531 20.490  440.1    1.679 1239      0.346 1764      0.219
OGLE-LMC-LPV-83320  16.936 21.126  428.5    1.870 3378      0.477  404.7    0.229
OGLE-LMC-LPV-83338  14.072 16.559  246.0    1.156  118.30   0.071 4386      0.061
OGLE-LMC-LPV-83464  14.272 16.975  369.3    0.918 1706      0.185  118.64   0.069
OGLE-LMC-LPV-83479  17.327    -    483.7    2.022 4425      0.604  839.6    0.514
OGLE-LMC-LPV-83533  18.013 21.815  473.7    1.690 3861      0.969  592.1    0.242
OGLE-LMC-LPV-83651  14.102 16.605  326.8    1.194 1391      0.175  177.65   0.103
OGLE-LMC-LPV-83736  16.205 19.678  377.9    1.350 2326      1.057  359.3    0.503
OGLE-LMC-LPV-83756  14.662 16.722  171.97   1.084  902.5    0.241  402.7    0.159
OGLE-LMC-LPV-83863  15.086 17.852  146.81   1.547  847.5    0.236  328.9    0.179
OGLE-LMC-LPV-83875  14.555 17.496  203.5    1.115   92.96   0.121 2088      0.117
OGLE-LMC-LPV-83882  13.790 18.144  617.2    2.110 1218      0.316  255.3    0.129
OGLE-LMC-LPV-83886  16.916    -    515.8    1.930 4367      1.000  173.58   0.203
OGLE-LMC-LPV-83900  15.821 19.078  357.5    1.295 1153      1.430 2370      0.745
OGLE-LMC-LPV-83965  15.885 19.239  393.4    1.410 2433      0.466 4926      0.292
OGLE-LMC-LPV-84032  15.211 18.699  378.9    0.967 3546      1.324  359.2    0.483
OGLE-LMC-LPV-84053  16.242 19.434  323.8    1.070  410.7    0.653 2538      0.392
OGLE-LMC-LPV-84063  13.394 16.991  576.1    2.326  722.5    0.730 3497      0.440
OGLE-LMC-LPV-84103  16.032 19.229  358.1    1.578  520.8    0.532 2865      0.356
OGLE-LMC-LPV-84246  20.431    -    626.4    1.583 3704      0.464  627.0    0.212
OGLE-LMC-LPV-84372  16.411 19.716  384.2    1.129 3367      1.948  370.0    0.830
OGLE-LMC-LPV-84387  14.624 17.254  193.16   1.362  729.9    0.300  648.5    0.164
OGLE-LMC-LPV-84421  16.597 19.529  275.6    1.278 2062      1.267 4000      0.873
OGLE-LMC-LPV-84474  16.129 20.190  524.6    1.384 2320      1.880  950.6    0.839
OGLE-LMC-LPV-84475  16.327 20.433  394.6    0.957 2273      0.938  900.1    0.402
OGLE-LMC-LPV-84494  16.909 21.764  488.8    1.131 1972      1.409 6897      0.766
OGLE-LMC-LPV-84509  18.310    -    492.9    1.306 1562      2.005 2119      1.201
OGLE-LMC-LPV-84577  19.389 21.690  713.0    1.842 3003      1.546  722.5    0.992
OGLE-LMC-LPV-84588  14.957 18.727  437.0    0.830 1488      0.433 1059      0.182
OGLE-LMC-LPV-84620  19.104 21.951  563.0    1.386 1961      0.472  284.2    0.293
OGLE-LMC-LPV-84678  16.911 20.934  530.5    1.803 2165      1.626  407.0    0.343
OGLE-LMC-LPV-84694  15.000 18.601  482.0    1.140 4329      0.488  205.5    0.181
OGLE-LMC-LPV-84790  16.034 19.728  466.6    1.278 2288      0.793  297.7    0.329
OGLE-LMC-LPV-84817  17.271 21.498  507.0    1.337 1776      3.793 2257      2.202
OGLE-LMC-LPV-84893  15.117 17.982  334.4    1.235 4673      0.507 1082      0.265
OGLE-LMC-LPV-85091  17.200 21.397  480.0    1.229 5181      2.692  819.0    0.529
OGLE-LMC-LPV-85097  14.284 17.145  237.7    1.602 1773      0.185  282.2    0.135
OGLE-LMC-LPV-85105  18.126    -    380.5    1.689 3344      2.003  370.8    0.601
OGLE-LMC-LPV-85181  17.714    -    528.5    2.196 3096      0.666  513.3    0.419
OGLE-LMC-LPV-85224  14.085 16.121  228.6    1.031  178.60   0.197  423.4    0.166
OGLE-LMC-LPV-85284  15.335 18.594  477.2    1.646 2262      0.333  122.97   0.150
OGLE-LMC-LPV-85309  20.566    -    537.9    1.938 4367      0.734  621.9    0.397
OGLE-LMC-LPV-85350  14.298 17.018  380.0    1.059 1019      0.201  705.7    0.148
OGLE-LMC-LPV-85374  17.699 21.725  470.8    1.171 3521      1.835  471.5    0.479
OGLE-LMC-LPV-85382  12.785 16.372  262.1    1.050  509.7    0.717  427.2    0.158
OGLE-LMC-LPV-85441  18.868    -    549.4    1.459 3774      1.205  501.8    0.147
OGLE-LMC-LPV-85456  15.062 19.325  316.8    2.510 1116      0.336  732.1    0.284
OGLE-LMC-LPV-85460  14.635 17.537  327.3    1.016  729.4    0.170 1302      0.131
OGLE-LMC-LPV-85475  14.795 17.972  384.7    1.211 1357      0.571  918.3    0.148
OGLE-LMC-LPV-85483  18.093    -    485.9    2.013  980.4    0.503 1718      0.417
OGLE-LMC-LPV-85520  16.758 20.513  494.1    1.328 3891      2.276  508.6    0.468
OGLE-LMC-LPV-85668  15.531 18.852  542.1    1.673 2481      0.767  204.2    0.136
OGLE-LMC-LPV-85751  18.623    -    552.0    1.720 4115      1.762  554.3    0.418
OGLE-LMC-LPV-85828  14.336 17.147  319.2    0.848  567.9    0.170  728.9    0.131
OGLE-LMC-LPV-85935  14.101 16.605  318.6    0.974  260.1    0.148 3135      0.087
OGLE-LMC-LPV-85940  16.438 20.276  390.8    1.244 2817      1.006  725.2    0.441
OGLE-LMC-LPV-85990  14.315    -    310.7    1.828  268.7    0.354  478.2    0.212
OGLE-LMC-LPV-86003  18.102    -    552.6    1.892 2564      0.602  484.5    0.298
OGLE-LMC-LPV-86024  14.271 16.517  177.23   1.042  396.4    0.192 1002      0.145
OGLE-LMC-LPV-86035  15.255 18.843  554.6    1.694 2660      1.783  218.2    0.264
OGLE-LMC-LPV-86040  16.556 20.571  487.3    1.410 1934      1.526  484.7    0.629
OGLE-LMC-LPV-86064  14.163 17.520  297.0    1.089 1256      0.193  141.36   0.125
OGLE-LMC-LPV-86133  17.204    -    394.2    1.270 2611      1.261  389.0    0.445
OGLE-LMC-LPV-86148  16.686 20.339  407.0    1.037 3300      1.778  191.64   0.672
OGLE-LMC-LPV-86186  17.405    -    474.4    1.408 2681      1.707  237.9    0.354
OGLE-LMC-LPV-86267  15.110 18.904  387.6    1.398 3003      0.622  361.7    0.166
OGLE-LMC-LPV-86284  15.438 18.060  272.7    1.160 3236      0.754  280.2    0.235
OGLE-LMC-LPV-86377  16.375 18.151  550.5    0.866 3436      0.649  505.1    0.223
OGLE-LMC-LPV-86477  14.386 17.167  357.2    2.792  710.2    0.757 3077      0.507
OGLE-LMC-LPV-86486  17.741    -    411.7    1.296 1555      1.128  620.0    0.631
OGLE-LMC-LPV-86586  14.273 16.342  141.25   0.822  520.0    0.148  196.16   0.139
OGLE-LMC-LPV-86646  15.603    -    176.00   0.839 1464      1.905  310.7    1.713
OGLE-LMC-LPV-86759  16.176 19.732  501.3    1.326 2370      1.431 1565      0.250
OGLE-LMC-LPV-86786  15.045 17.380  259.4    1.218 3922      0.829  273.7    0.217
OGLE-LMC-LPV-86927  20.545    -    617.7    1.304 3984      1.195  682.6    0.236
OGLE-LMC-LPV-86940  13.939 16.104  291.7    1.237  782.5    0.275 1572      0.182
OGLE-LMC-LPV-87021  15.990 19.494  368.4    1.435 4016      1.383  735.3    0.172
OGLE-LMC-LPV-87222  14.334 16.971  200.5    0.831 1026      0.106  107.24   0.094
OGLE-LMC-LPV-87238  14.461 17.231  326.6    2.868  716.3    0.233 1280      0.197
OGLE-LMC-LPV-87247  14.717 17.487  307.1    1.128 2710      0.348  408.7    0.140
OGLE-LMC-LPV-87264  16.227 20.010  405.4    1.263 1821      1.210  733.7    0.473
OGLE-LMC-LPV-87272  14.883 17.151  123.07   1.070  614.3    0.138  117.94   0.122
OGLE-LMC-LPV-87282  14.169 16.850  196.80   0.831  105.52   0.156  736.4    0.105
OGLE-LMC-LPV-87284  14.789 17.587  362.4    1.581 3378      0.808  194.97   0.147
OGLE-LMC-LPV-87319  18.037 21.986  312.1    1.365  908.3    0.472  170.39   0.294
OGLE-LMC-LPV-87363  14.154 16.123  148.49   0.878  756.4    0.175 1045      0.117
OGLE-LMC-LPV-87372  14.100 16.513  191.60   0.946  703.7    0.114 2062      0.101
OGLE-LMC-LPV-87402  12.660 16.662  620.5    3.034 1163      0.358  111.19   0.188
OGLE-LMC-LPV-87432  16.303    -    387.6    0.857 1675      1.493  358.7    0.701
OGLE-LMC-LPV-87498  14.492 17.066  334.1    1.527 4115      0.266  331.5    0.145
OGLE-LMC-LPV-87548  13.965 16.021  163.18   0.839  936.3    0.211  117.03   0.110
OGLE-LMC-LPV-87586  16.900 20.775  483.1    1.446 3096      1.788  479.4    0.268
OGLE-LMC-LPV-87703  14.468 17.042  241.4    1.944  488.0    0.586  904.2    0.254
OGLE-LMC-LPV-87705  14.930 18.215  322.7    0.918 1269      0.524 4367      0.259
OGLE-LMC-LPV-87725  14.293 17.052  194.40   1.134  504.5    0.178 3378      0.179
OGLE-LMC-LPV-87775  16.772    -    609.2    1.665 2604      3.524  476.6    0.703
OGLE-LMC-LPV-87798  15.169 19.444  348.9    1.593 3125      0.323  182.98   0.201
OGLE-LMC-LPV-87817  14.590 18.333  359.3    1.294 3731      0.652  192.20   0.179
OGLE-LMC-LPV-87856  17.273    -    521.4    1.713 4167      1.848  270.7    0.231
OGLE-LMC-LPV-87901  15.600 18.619  414.8    1.706 1364      0.596  321.8    0.338
OGLE-LMC-LPV-87928  15.431 18.014  357.2    1.385 3788      0.877  374.1    0.143
OGLE-LMC-LPV-88021  18.246    -    586.2    2.071 3145      3.972  304.4    0.548
OGLE-LMC-LPV-88301  14.586 17.195  302.1    1.163 1096      0.443 1608      0.249
OGLE-LMC-LPV-88351  18.657    -    516.3    1.701 3984      2.746  584.1    0.319
OGLE-LMC-LPV-88405  16.966    -    447.8    1.548 3831      3.505  444.6    1.064
OGLE-LMC-LPV-88443  16.804    -   1133      4.328  307.6    0.394  562.4    0.379
OGLE-LMC-LPV-88454  16.523 19.863  418.0    1.023 1876      1.036  328.0    0.684
OGLE-LMC-LPV-88567  14.310 17.118  318.2    0.985 4425      0.183  182.22   0.113
OGLE-LMC-LPV-88583  15.724 19.209  411.4    0.939 1513      0.932  329.2    0.269
OGLE-LMC-LPV-88629  14.141 17.255  359.9    0.801 1091      0.192 4115      0.144
OGLE-LMC-LPV-88633  15.814 20.237  376.2    1.285 2283      0.524  609.0    0.124
OGLE-LMC-LPV-88685  15.906 19.655  484.8    1.066 4566      2.007  202.7    0.467
OGLE-LMC-LPV-88792  14.932 17.871  327.2    1.309 3546      0.231  324.6    0.145
OGLE-LMC-LPV-88811  14.302 17.509  269.7    1.776 1869      0.113  128.19   0.090
OGLE-LMC-LPV-88880  14.131 15.920  178.99   1.307 1007      0.323  192.23   0.232
OGLE-LMC-LPV-88956  14.432 16.874  288.7    1.146 3636      0.918  298.4    0.196
OGLE-LMC-LPV-89216  14.324 17.544  319.3    2.507  687.3    0.504  864.3    0.207
OGLE-LMC-LPV-89219  14.415 16.363  163.98   1.044  499.0    0.311  231.7    0.181
OGLE-LMC-LPV-89269  14.740 17.386  315.5    1.397 1855      0.571  406.0    0.341
OGLE-LMC-LPV-89272  16.353 19.852  335.6    1.887 3058      1.387  736.9    0.844
OGLE-LMC-LPV-89275  12.948 16.083  558.9    2.487 1815      0.592 3922      0.320
OGLE-LMC-LPV-89382  14.185 17.570  343.2    0.836  429.0    0.130  255.4    0.084
OGLE-LMC-LPV-89435  14.209 16.391  160.85   0.824  169.49   0.199 3922      0.156
OGLE-LMC-LPV-89468  14.158 16.407  185.31   0.914  595.6    0.255  139.65   0.181
OGLE-LMC-LPV-89671  15.716 19.797  466.5    1.164 4115      0.826  455.4    0.261
OGLE-LMC-LPV-89719  20.449    -    482.0    1.295 1422      0.313 3704      0.306
OGLE-LMC-LPV-89902  18.756    -    169.27   0.991 4310      0.491   92.62   0.359
OGLE-LMC-LPV-90025  14.668 16.728  217.8    1.214 2326      0.296  474.4    0.154
OGLE-LMC-LPV-90061  14.998 17.129  103.06   1.066  323.3    0.207 4566      0.181
OGLE-LMC-LPV-90085  13.783 16.498  267.2    1.530 1239      0.281  338.6    0.225
OGLE-LMC-LPV-90135  15.837 19.354  388.3    1.372 3509      0.785  187.30   0.288
OGLE-LMC-LPV-90199  15.171 18.970  470.6    1.279 3413      0.758  246.4    0.275
OGLE-LMC-LPV-90201  14.055 16.202  163.55   0.991  198.77   0.137  497.3    0.153
OGLE-LMC-LPV-90210  14.522 17.404  407.7    1.186 1802      0.733 1250      0.277
OGLE-LMC-LPV-90240  17.804    -    486.6    1.847 3185      3.341  463.6    0.445
OGLE-LMC-LPV-90327  14.216 16.615  207.4    1.055  244.6    0.196 1567      0.152
OGLE-LMC-LPV-90418  14.531 17.997  393.9    0.823 1333      0.259  311.6    0.141
OGLE-LMC-LPV-90432  16.211 19.308  460.6    0.968 3636      1.213  200.1    0.527
OGLE-LMC-LPV-90567  14.466 16.756  265.5    1.200 2469      0.177  188.61   0.100
OGLE-LMC-LPV-90579  14.230 16.963  277.6    2.199  550.1    0.418  249.3    0.188
OGLE-LMC-LPV-90623  19.896    -    404.5    1.645 1570      0.453  310.7    0.244
OGLE-LMC-LPV-90628  14.100 16.039  212.4    1.079  919.1    0.094  175.38   0.082
OGLE-LMC-LPV-90701  14.054 16.119  163.58   1.190  686.3    0.277  519.5    0.135
OGLE-LMC-LPV-90723  15.665 18.945  409.9    1.275 2012      0.568  339.2    0.274
OGLE-LMC-LPV-90737  14.192 16.478  181.28   1.160  523.6    0.276  103.37   0.114
OGLE-LMC-LPV-90761  15.041 18.049  169.12   1.690 1972      0.661  279.0    0.217
OGLE-LMC-LPV-90812  14.200 16.697  184.68   1.415 1033      0.291  228.6    0.160
OGLE-LMC-LPV-90895  14.095 16.574  203.7    1.182 1129      0.357  250.3    0.184
OGLE-LMC-LPV-90972  14.531 17.834  217.9    2.042  732.6    0.456  420.5    0.398
OGLE-LMC-LPV-90991  14.873 18.372  440.7    1.043 1348      0.758 2433      0.450
OGLE-LMC-LPV-90995  14.005 16.486  305.7    0.867 1120      0.395 3906      0.239
OGLE-LMC-LPV-91022  14.589 17.087  160.60   1.183  573.4    0.321  249.6    0.176
OGLE-LMC-LPV-91045  14.150 16.473  215.3    1.242  657.9    0.231  119.36   0.163
OGLE-LMC-LPV-91083  17.138    -    405.2    1.544 2278      1.266  284.3    0.189
OGLE-LMC-LPV-91087  15.988 19.212  467.3    1.506 2967      2.245  635.3    0.970
OGLE-LMC-LPV-91128  18.333    -    520.4    1.430 3571      1.227  520.0    0.253
OGLE-LMC-LPV-91174  14.740 17.765  334.0    1.211  715.3    0.487 1449      0.226
OGLE-LMC-LPV-91243  14.026    -    395.1    3.918  803.9    0.262  329.3    0.141
OGLE-LMC-LPV-91244  15.570 18.471  384.7    1.417 3165      1.386  363.1    0.290
OGLE-LMC-LPV-91308  14.292 17.180  243.4    1.666  911.6    0.355 3788      0.217
OGLE-LMC-LPV-91322  14.375 16.907  281.4    0.912 4149      0.285  136.71   0.098
OGLE-LMC-LPV-91341  17.504    -    359.0    1.448 4149      1.466  388.8    0.316
OGLE-LMC-LPV-91612  16.815 20.723  451.3    1.139 1032      1.464  401.3    0.601
OGLE-LMC-LPV-91758  14.417 17.179  235.5    2.201 1862      0.670  120.03   0.197
OGLE-LMC-LPV-91877  14.124 17.064  230.3    1.016  457.5    0.161  211.4    0.102
OGLE-LMC-LPV-91878  15.196 18.308  319.4    1.636  352.0    0.259  686.3    0.212
OGLE-LMC-LPV-91916  18.140    -    500.8    1.474 3448      1.363  533.0    0.457
OGLE-LMC-LPV-91928  17.366 21.239  372.4    1.443 1779      0.645  395.7    0.325
