OGLE-LMC-LPV-00017  14.504 17.121   82.04   0.097   80.09   0.057   86.66   0.052
OGLE-LMC-LPV-00020  14.471 17.047  271.3    0.243 1618      0.117 4000      0.090
OGLE-LMC-LPV-00034  14.170 17.004  158.40   0.103  518.1    0.091   89.57   0.065
OGLE-LMC-LPV-00035  14.298 17.289   95.62   0.085  102.08   0.079  157.43   0.074
OGLE-LMC-LPV-00038  14.628 16.835   67.81   0.031  135.08   0.036  112.80   0.031
OGLE-LMC-LPV-00043  14.676 16.543   58.74   0.046  735.3    0.078   84.33   0.040
OGLE-LMC-LPV-00045  14.075 16.680  242.6    0.147 1238      0.218  150.69   0.081
OGLE-LMC-LPV-00047  14.374 17.202  142.23   0.141  242.5    0.089  150.85   0.073
OGLE-LMC-LPV-00054  14.094 16.522   89.92   0.103  396.4    0.070  105.06   0.062
OGLE-LMC-LPV-00063  14.166 16.880   93.00   0.088 2242      0.085  150.94   0.061
OGLE-LMC-LPV-00072  14.190 17.113   98.69   0.135  268.7    0.087  114.30   0.060
OGLE-LMC-LPV-00073  14.748 16.972   52.30   0.048  542.6    0.053   76.28   0.051
OGLE-LMC-LPV-00074  14.075 17.193  320.6    0.219 1086      0.187  193.01   0.125
OGLE-LMC-LPV-00085  14.086 16.660   97.68   0.087 3846      0.099   94.25   0.065
OGLE-LMC-LPV-00086  14.297 16.893  194.57   0.192  182.52   0.147  105.57   0.077
OGLE-LMC-LPV-00087  14.132 16.625  253.9    0.134 1577      0.110  134.05   0.094
OGLE-LMC-LPV-00111  13.948 17.113  119.05   0.234 1350      0.182  123.46   0.105
OGLE-LMC-LPV-00117  14.325 16.829   85.87   0.125  884.2    0.149   81.28   0.073
OGLE-LMC-LPV-00123  14.930 16.753   46.685  0.030  400.5    0.029   47.492  0.024
OGLE-LMC-LPV-00143  14.490 16.238  112.64   0.256 4348      0.164  109.73   0.092
OGLE-LMC-LPV-00158  14.319 16.574  113.69   0.079   72.24   0.045  148.88   0.041
OGLE-LMC-LPV-00162  14.205 16.399  210.3    0.512  224.9    0.130 4000      0.074
OGLE-LMC-LPV-00171  15.118 17.174   47.140  0.088   48.281  0.079   81.31   0.071
OGLE-LMC-LPV-00172  13.927 16.588   94.59   0.047 1326      0.091   86.90   0.038
OGLE-LMC-LPV-00174  14.202 17.518  345.9    0.305  191.02   0.189 2315      0.096
OGLE-LMC-LPV-00176  14.191 16.835  103.73   0.136   94.99   0.080 1221      0.071
OGLE-LMC-LPV-00179  14.377 16.709   85.75   0.092  755.9    0.049 1309      0.044
OGLE-LMC-LPV-00180  14.290 16.291  162.23   0.425  139.22   0.222  148.21   0.116
OGLE-LMC-LPV-00190  14.210 16.666   89.82   0.127  160.57   0.122   84.39   0.077
OGLE-LMC-LPV-00209  14.136 16.662  133.20   0.103 4274      0.113  859.8    0.077
OGLE-LMC-LPV-00210  14.962 16.732  101.75   0.318  667.6    0.137   93.14   0.111
OGLE-LMC-LPV-00228  14.979 17.643   66.48   0.151  112.94   0.099  880.3    0.082
OGLE-LMC-LPV-00229  14.629 17.248  181.23   0.697 4000      0.186  195.08   0.127
OGLE-LMC-LPV-00230  14.650 16.632  104.31   0.050  482.6    0.048   76.07   0.040
OGLE-LMC-LPV-00231  14.163 16.584   83.42   0.059  550.4    0.047  211.5    0.055
OGLE-LMC-LPV-00232  14.633 16.328   66.89   0.042   39.150  0.025  218.1    0.018
OGLE-LMC-LPV-00250  14.504 16.401  115.86   0.127  488.0    0.117  125.25   0.088
OGLE-LMC-LPV-00251  13.992 16.128  208.9    0.542 4167      0.206  196.66   0.157
OGLE-LMC-LPV-00263  14.448 16.713  115.16   0.078  471.5    0.057  327.5    0.038
OGLE-LMC-LPV-00270  15.055 17.686   68.45   0.080  123.30   0.067   70.52   0.061
OGLE-LMC-LPV-00274  14.864 16.771   50.14   0.041 2208      0.085   75.87   0.033
OGLE-LMC-LPV-00275  13.883 16.612  183.82   0.158 4255      0.266  354.6    0.105
OGLE-LMC-LPV-00278  14.023 16.202   83.06   0.050 3663      0.149  257.0    0.088
OGLE-LMC-LPV-00281  13.861 16.062  103.97   0.088  660.5    0.137 1656      0.098
OGLE-LMC-LPV-00293  14.959 16.775   57.83   0.037  139.88   0.026  108.17   0.023
OGLE-LMC-LPV-00297  14.498 17.032  181.92   0.148 3195      0.327  749.1    0.308
OGLE-LMC-LPV-00308  14.133 16.626  138.99   0.075  402.7    0.074  574.4    0.056
OGLE-LMC-LPV-00310  14.108 16.853  169.52   0.107 1022      0.120  157.58   0.076
OGLE-LMC-LPV-00313  14.136 16.178  162.09   0.793 1672      0.140  177.53   0.130
OGLE-LMC-LPV-00319  14.103 17.514  143.43   0.131  259.5    0.106  214.5    0.083
OGLE-LMC-LPV-00325  14.298 16.347  141.76   0.397  130.94   0.338 1656      0.170
OGLE-LMC-LPV-00332  14.284 16.876  185.74   0.107 1385      0.118  330.6    0.071
OGLE-LMC-LPV-00341  14.217 17.688  111.67   0.237  179.50   0.108  881.1    0.103
OGLE-LMC-LPV-00357  14.177 16.664  154.93   0.098 1536      0.064  103.62   0.049
OGLE-LMC-LPV-00366  14.203 17.257   97.00   0.067  878.7    0.080   94.19   0.048
OGLE-LMC-LPV-00376  14.381 16.836  106.96   0.173  193.95   0.197  991.1    0.196
OGLE-LMC-LPV-00388  14.200 17.082  159.82   0.131 1009      0.093   97.29   0.074
OGLE-LMC-LPV-00407  14.198 17.416  186.43   0.166  413.4    0.153  922.5    0.129
OGLE-LMC-LPV-00414  14.156    -    102.47   0.051    4.0788 0.018    6.6137 0.014
OGLE-LMC-LPV-00415  14.317 17.193  110.53   0.242  216.2    0.276  190.55   0.101
OGLE-LMC-LPV-00418  14.190 16.717  243.3    0.151  141.84   0.093  200.7    0.070
OGLE-LMC-LPV-00422  14.794 17.607  229.1    0.559  741.3    0.196  121.21   0.111
OGLE-LMC-LPV-00430  14.314 16.637   94.47   0.102 1274      0.145  150.15   0.066
OGLE-LMC-LPV-00433  14.565 16.183   79.25   0.085  586.2    0.072   83.67   0.072
OGLE-LMC-LPV-00454  14.273 17.787  212.6    0.166 1355      0.250  193.12   0.132
OGLE-LMC-LPV-00455  14.031 16.584  264.8    0.078 4545      0.118  219.0    0.065
OGLE-LMC-LPV-00456  13.888 16.694  107.41   0.104  880.3    0.097  100.04   0.061
OGLE-LMC-LPV-00459  14.267 16.887  100.91   0.070  118.91   0.074  741.8    0.070
OGLE-LMC-LPV-00465  14.042 16.557  140.37   0.072 1036      0.116  255.4    0.066
OGLE-LMC-LPV-00483  13.327 15.393  940.7    0.117  126.29   0.080  740.7    0.041
OGLE-LMC-LPV-00486  14.455 16.820   93.07   0.049  432.9    0.074  181.32   0.067
OGLE-LMC-LPV-00495  14.020    -    135.56   0.334  294.6    0.157  602.0    0.114
OGLE-LMC-LPV-00501  14.165 16.675  135.14   0.073 1517      0.145  126.04   0.050
OGLE-LMC-LPV-00502  14.769 16.926   85.02   0.042  283.4    0.029   78.75   0.026
OGLE-LMC-LPV-00510  13.856 16.607  111.47   0.082  590.0    0.100  103.50   0.068
OGLE-LMC-LPV-00519  14.013 17.073  359.7    0.544  435.2    0.161 1052      0.142
OGLE-LMC-LPV-00533  14.123 16.655  153.02   0.089 1186      0.096   93.89   0.047
OGLE-LMC-LPV-00553  14.497 16.211   55.96   0.047  402.4    0.044   47.156  0.034
OGLE-LMC-LPV-00562  14.127 17.279  106.50   0.122  521.1    0.162  702.7    0.082
OGLE-LMC-LPV-00569  14.310 16.393  148.46   0.178  140.21   0.082   79.36   0.072
OGLE-LMC-LPV-00575  14.076 17.479  128.37   0.144  123.06   0.138  411.4    0.075
OGLE-LMC-LPV-00581  14.074 17.389  106.81   0.083  611.6    0.130  110.84   0.089
OGLE-LMC-LPV-00588  14.055 17.316  116.37   0.127 1506      0.168  193.24   0.104
OGLE-LMC-LPV-00590  14.307 16.470   67.78   0.037  405.7    0.061  733.1    0.056
OGLE-LMC-LPV-00607  14.323 17.281  178.49   0.173  311.2    0.156  470.1    0.065
OGLE-LMC-LPV-00618  14.710 16.945   81.87   0.081  452.3    0.079  129.02   0.038
OGLE-LMC-LPV-00623  14.299 17.736  203.0    0.167  533.6    0.181 1838      0.149
OGLE-LMC-LPV-00629  14.393 16.507  131.90   0.154  512.3    0.104  181.29   0.085
OGLE-LMC-LPV-00634  14.144 17.087  214.2    0.316  201.4    0.080  112.44   0.051
OGLE-LMC-LPV-00663  14.717 17.089  252.2    0.114  306.5    0.051   70.37   0.046
OGLE-LMC-LPV-00666  14.050 16.673  223.6    0.216  154.20   0.121 1233      0.116
OGLE-LMC-LPV-00667  13.961 17.013  184.84   0.128 3058      0.323  164.47   0.077
OGLE-LMC-LPV-00669  14.893 17.825  173.80   0.456  162.73   0.310  185.70   0.217
OGLE-LMC-LPV-00675  14.132 17.299  165.09   0.072  329.8    0.133  600.2    0.111
OGLE-LMC-LPV-00686  14.159 17.029  143.35   0.077  163.19   0.061  118.84   0.035
OGLE-LMC-LPV-00689  14.468 18.072  467.5    0.784 1562      0.282  448.6    0.139
OGLE-LMC-LPV-00702  14.639 16.397   92.08   0.124  701.3    0.061   54.13   0.054
OGLE-LMC-LPV-00705  14.318 17.759  415.6    0.317 1965      0.131  246.7    0.079
OGLE-LMC-LPV-00715  14.051 16.636  303.5    0.231 1193      0.151  175.56   0.070
OGLE-LMC-LPV-00721  14.844 17.081   58.30   0.050   55.35   0.045  377.6    0.045
OGLE-LMC-LPV-00731  14.279 17.350  173.00   0.286   96.71   0.148  192.23   0.080
OGLE-LMC-LPV-00738  14.046 17.102   97.00   0.068  541.7    0.096  189.11   0.086
OGLE-LMC-LPV-00740  14.672 16.490  106.43   0.418   55.84   0.091   90.60   0.080
OGLE-LMC-LPV-00749  13.985 16.623  100.76   0.057  244.1    0.063  407.8    0.042
OGLE-LMC-LPV-00756  14.195 16.681   96.63   0.221  187.02   0.207  206.1    0.101
OGLE-LMC-LPV-00758  15.154 17.160   49.145  0.110   79.57   0.078   93.60   0.063
OGLE-LMC-LPV-00759  14.136 17.180  107.52   0.080  676.1    0.147  100.48   0.075
OGLE-LMC-LPV-00762  14.501 16.131   79.00   0.088   48.344  0.045   73.00   0.038
OGLE-LMC-LPV-00763  13.502 16.595  210.7    0.089 1783      0.064  190.51   0.054
OGLE-LMC-LPV-00767  14.105 16.802  137.32   0.093  556.8    0.111  682.6    0.080
OGLE-LMC-LPV-00770  14.750 17.469  148.35   0.131 3891      0.425  409.0    0.141
OGLE-LMC-LPV-00772  14.363 16.970  224.4    0.087 3311      0.196  181.98   0.087
OGLE-LMC-LPV-00807  13.970 16.628  146.69   0.138   96.42   0.099   90.16   0.059
OGLE-LMC-LPV-00810  14.596 16.994   84.57   0.054 1570      0.093   87.80   0.058
OGLE-LMC-LPV-00827  14.106 16.891  308.8    0.337 1232      0.118  262.4    0.074
OGLE-LMC-LPV-00832  14.230 16.972  147.34   0.161  226.1    0.115  253.9    0.128
OGLE-LMC-LPV-00833  14.911 17.273   63.19   0.070  643.9    0.053   71.08   0.046
OGLE-LMC-LPV-00847  14.431 15.983   88.66   0.187  110.04   0.064   47.488  0.047
OGLE-LMC-LPV-00873  14.218 16.451  158.09   0.506  171.20   0.242 2882      0.171
OGLE-LMC-LPV-00875  14.377 16.930  162.03   0.207   91.71   0.183  260.5    0.087
OGLE-LMC-LPV-00876  14.203 17.153  177.53   0.171 3891      0.142  256.9    0.091
OGLE-LMC-LPV-00878  13.325 14.312   80.04   0.010 2809      0.021  103.27   0.009
OGLE-LMC-LPV-00879  14.529 17.735  415.9    0.767  362.7    0.197 1183      0.175
OGLE-LMC-LPV-00880  13.955 16.888  188.61   0.086 1721      0.165  242.1    0.081
OGLE-LMC-LPV-00886  14.150 16.225   82.82   0.190  144.95   0.094  824.4    0.086
OGLE-LMC-LPV-00893  14.161 17.252  394.6    0.373 2667      0.241  455.8    0.132
OGLE-LMC-LPV-00908  14.158 16.662  139.86   0.076  753.6    0.203  488.5    0.106
OGLE-LMC-LPV-00913  13.937 16.575  129.89   0.097 1225      0.097  121.88   0.049
OGLE-LMC-LPV-00919  13.946 17.008  210.6    0.191  227.9    0.162  432.0    0.133
OGLE-LMC-LPV-00920  14.696 16.343   57.08   0.124  641.8    0.109   55.08   0.060
OGLE-LMC-LPV-00936  14.362 18.393  131.29   0.133  182.72   0.090  863.6    0.070
OGLE-LMC-LPV-00941  14.012 16.472  109.93   0.039  432.9    0.099  259.5    0.047
OGLE-LMC-LPV-00952  15.241 18.464  130.50   0.143  860.6    0.277 1445      0.079
OGLE-LMC-LPV-00953  14.159 17.427  353.7    0.235  402.3    0.159 2604      0.085
OGLE-LMC-LPV-00957  14.008 16.645  180.25   0.129 1120      0.158  334.8    0.128
OGLE-LMC-LPV-00962  14.164 17.563  123.08   0.110 1006      0.108  404.5    0.085
OGLE-LMC-LPV-00964  14.946 16.445   54.03   0.039  263.9    0.031   52.59   0.022
OGLE-LMC-LPV-00972  14.432 17.068  156.65   0.265   89.31   0.154  150.53   0.079
OGLE-LMC-LPV-00978  13.985 16.538  168.70   0.185 1086      0.099  196.08   0.076
OGLE-LMC-LPV-00985  14.147 17.601  467.5    0.453  308.5    0.185  419.5    0.126
OGLE-LMC-LPV-00986  14.090 16.941  157.51   0.102  587.5    0.088  492.1    0.079
OGLE-LMC-LPV-01001  14.009 17.367  204.9    0.143  120.89   0.111 1259      0.085
OGLE-LMC-LPV-01003  14.007 17.413  224.3    0.173  951.5    0.242 2924      0.099
OGLE-LMC-LPV-01020  14.053 17.185  246.2    0.283  415.1    0.075  302.8    0.056
OGLE-LMC-LPV-01023  14.922 17.608  165.71   0.732  155.16   0.211  212.4    0.162
OGLE-LMC-LPV-01031  14.449 16.076  114.65   0.725  185.29   0.190  148.68   0.201
OGLE-LMC-LPV-01039  13.935 16.384  123.96   0.112  781.9    0.127 1350      0.103
OGLE-LMC-LPV-01042  13.881    -    162.18   0.083  518.1    0.094  140.35   0.054
OGLE-LMC-LPV-01044  13.953 16.762  171.41   0.122 1565      0.138  206.6    0.087
OGLE-LMC-LPV-01047  14.079 16.622  101.05   0.185  174.43   0.094 1271      0.073
OGLE-LMC-LPV-01057  14.761 17.393  759.9    0.564  920.0    0.142  151.77   0.098
OGLE-LMC-LPV-01062  14.666 16.845  137.59   0.145  148.81   0.104   79.78   0.094
OGLE-LMC-LPV-01070  12.810 14.030   83.58   0.051   79.10   0.033  127.75   0.026
OGLE-LMC-LPV-01071  15.126 17.427  115.13   0.320  119.19   0.218 1577      0.120
OGLE-LMC-LPV-01092  14.125 16.927   96.67   0.061  299.0    0.068   92.80   0.061
OGLE-LMC-LPV-01094  14.201 16.810  140.73   0.119  260.3    0.084 3344      0.065
OGLE-LMC-LPV-01098  14.331 16.652  109.52   0.082   69.92   0.063  539.4    0.053
OGLE-LMC-LPV-01099  14.107 16.535  985.7    0.465  197.67   0.094  244.1    0.082
OGLE-LMC-LPV-01100  14.744 16.419   51.23   0.075  752.4    0.078   46.997  0.040
OGLE-LMC-LPV-01109  13.678 16.613   99.58   0.090  807.8    0.112   95.82   0.038
OGLE-LMC-LPV-01110  14.053 16.643  185.43   0.418  197.82   0.205  724.1    0.084
OGLE-LMC-LPV-01129  14.230 16.923  103.82   0.162  182.35   0.118  193.39   0.070
OGLE-LMC-LPV-01141  14.431 16.979   69.82   0.056  688.2    0.058   71.99   0.046
OGLE-LMC-LPV-01144  14.252 16.613   99.10   0.059  247.0    0.078  398.7    0.072
OGLE-LMC-LPV-01147  15.313 16.483   38.272  0.676   37.573  0.185   39.093  0.150
OGLE-LMC-LPV-01175  13.718 16.100  332.0    0.202  285.7    0.136  414.4    0.059
OGLE-LMC-LPV-01184  14.181 17.413  106.83   0.114 4587      0.140  179.66   0.114
OGLE-LMC-LPV-01187  14.229 16.661  133.27   0.280  127.98   0.091  582.1    0.086
OGLE-LMC-LPV-01193  14.332 16.610   75.93   0.080   66.11   0.046  120.93   0.039
OGLE-LMC-LPV-01215  14.415 16.496   65.15   0.063  295.4    0.091  100.92   0.055
OGLE-LMC-LPV-01216  14.150 16.563   91.07   0.275  279.3    0.111   81.69   0.109
OGLE-LMC-LPV-01217  14.701 16.394   43.638  0.031  190.95   0.030   67.31   0.024
OGLE-LMC-LPV-01219  14.709 16.389   65.27   0.040   61.90   0.033   44.735  0.029
OGLE-LMC-LPV-01228  13.948 16.485  131.70   0.073  912.4    0.219 1259      0.115
OGLE-LMC-LPV-01230  14.213 16.956  159.06   0.138  316.6    0.170  175.99   0.107
OGLE-LMC-LPV-01240  14.057 16.506  180.02   0.092 1280      0.159  201.2    0.065
OGLE-LMC-LPV-01243  14.533 17.965  346.3    0.386  211.9    0.141  856.2    0.095
OGLE-LMC-LPV-01245  14.082 16.973  207.4    0.217  100.59   0.099  112.26   0.086
OGLE-LMC-LPV-01248  14.553 17.151  110.51   0.081  848.9    0.088  104.10   0.058
OGLE-LMC-LPV-01251  14.089 16.803   98.87   0.184   91.54   0.111  906.6    0.101
OGLE-LMC-LPV-01260  14.267 17.418  176.77   0.187  269.7    0.223  325.7    0.152
OGLE-LMC-LPV-01268  13.984 16.528  129.67   0.071 1073      0.130  649.4    0.046
OGLE-LMC-LPV-01269  14.567 17.211   78.87   0.084  441.5    0.120  182.38   0.065
OGLE-LMC-LPV-01281  14.219 17.308  188.92   0.312  342.6    0.160 2463      0.105
OGLE-LMC-LPV-01282  14.041 16.712  272.0    0.118 2849      0.197  341.1    0.132
OGLE-LMC-LPV-01286  14.484 17.408  127.56   0.148  205.7    0.129  771.0    0.086
OGLE-LMC-LPV-01296  14.732 17.183   96.83   0.064  735.3    0.130  929.4    0.096
OGLE-LMC-LPV-01298  13.948 16.193  203.3    0.428  109.46   0.106  181.52   0.089
OGLE-LMC-LPV-01313  14.592 17.221  248.0    0.234 1623      0.150  229.7    0.130
OGLE-LMC-LPV-01327  14.418 16.428  103.59   0.065  304.0    0.100  245.2    0.064
OGLE-LMC-LPV-01348  15.405 18.660  118.32   0.107 3584      0.169  225.9    0.109
OGLE-LMC-LPV-01349  14.456 16.613  163.57   0.625  180.12   0.156   85.52   0.115
OGLE-LMC-LPV-01351  14.688 17.140  126.17   0.043  913.2    0.041  138.22   0.033
OGLE-LMC-LPV-01354  14.291 17.627  191.94   0.155  109.36   0.132  688.7    0.101
OGLE-LMC-LPV-01381  14.706 16.411   45.156  0.033  327.5    0.031   43.412  0.025
OGLE-LMC-LPV-01387  14.784 16.604  103.40   0.143   54.81   0.059   51.02   0.034
OGLE-LMC-LPV-01400  14.505 16.564   96.96   0.040  269.8    0.054  340.3    0.037
OGLE-LMC-LPV-01412  14.369 16.095  101.14   0.497  134.90   0.093  153.05   0.086
OGLE-LMC-LPV-01413  14.468 16.613  149.51   0.270  155.67   0.135  129.67   0.071
OGLE-LMC-LPV-01414  13.952 16.934  287.6    0.217  185.49   0.144  482.2    0.049
OGLE-LMC-LPV-01431  14.346 16.813  261.6    0.248  140.19   0.177  126.07   0.067
OGLE-LMC-LPV-01441  14.096 16.538 1015      0.299  103.04   0.071  764.5    0.058
OGLE-LMC-LPV-01452  14.756 16.680   46.153  0.058   47.877  0.034  476.9    0.031
OGLE-LMC-LPV-01456  14.212 17.516  384.7    0.581 1159      0.211  740.2    0.105
OGLE-LMC-LPV-01457  14.218 16.916  197.12   0.075 4367      0.151  414.1    0.036
OGLE-LMC-LPV-01460  14.278 17.872  153.61   0.098  458.3    0.184  310.8    0.148
OGLE-LMC-LPV-01508  14.747 16.312   59.22   0.031  287.4    0.031   68.08   0.024
OGLE-LMC-LPV-01519  14.228 16.814  154.16   0.113  296.0    0.113  961.5    0.067
OGLE-LMC-LPV-01540  14.733 16.848  108.06   0.635  112.07   0.213  171.91   0.189
OGLE-LMC-LPV-01543  14.251 16.546   79.42   0.066  430.5    0.092  364.8    0.043
OGLE-LMC-LPV-01547  13.897 16.389  150.90   0.142 1164      0.263  161.50   0.075
OGLE-LMC-LPV-01557  14.114 16.413  106.41   0.061  639.4    0.115 2865      0.064
OGLE-LMC-LPV-01558  14.284 16.828  140.60   0.113  304.0    0.109  838.2    0.089
OGLE-LMC-LPV-01561  14.312 16.818  198.29   0.416  208.0    0.267  223.6    0.167
OGLE-LMC-LPV-01567  14.705 17.041   56.79   0.050 3484      0.067  262.4    0.037
OGLE-LMC-LPV-01578  14.613 16.888   83.72   0.048 1067      0.079   78.78   0.043
OGLE-LMC-LPV-01579  14.238 16.771  225.2    0.140  133.73   0.086  310.9    0.080
OGLE-LMC-LPV-01583  14.235 18.022  131.70   0.170  215.5    0.147  143.82   0.130
OGLE-LMC-LPV-01585  14.281 17.131  168.98   0.102 2625      0.182  111.41   0.055
OGLE-LMC-LPV-01601  14.299 17.988  243.2    0.231  127.31   0.195  259.7    0.084
OGLE-LMC-LPV-01605  13.980 16.355  125.25   0.056 1062      0.131  396.7    0.077
OGLE-LMC-LPV-01607  14.273 16.891  117.65   0.079 4425      0.136  110.90   0.052
OGLE-LMC-LPV-01610  14.305 16.976  294.3    0.308  322.1    0.155  263.6    0.100
OGLE-LMC-LPV-01612  14.638 16.847  130.70   0.781 4167      0.181  152.30   0.134
OGLE-LMC-LPV-01624  14.017 16.289  978.5    0.176  140.31   0.115  576.4    0.059
OGLE-LMC-LPV-01627  13.163 15.772  422.8    0.224 3215      0.200  195.24   0.129
OGLE-LMC-LPV-01628  14.235 17.505  105.73   0.143  572.4    0.147 3115      0.098
OGLE-LMC-LPV-01630  14.253 16.355   71.70   0.083  142.96   0.071 1256      0.060
OGLE-LMC-LPV-01636  15.284 17.045   47.688  0.048   49.441  0.028  197.63   0.027
OGLE-LMC-LPV-01642  15.143 16.760   36.921  0.047   48.631  0.034   57.62   0.029
OGLE-LMC-LPV-01647  13.608 16.138  108.34   0.084  757.6    0.096  170.85   0.049
OGLE-LMC-LPV-01673  13.953 16.407  291.0    0.353  152.88   0.185 1117      0.141
OGLE-LMC-LPV-01676  14.396 16.660   68.32   0.053  676.6    0.100  117.47   0.051
OGLE-LMC-LPV-01678  15.620 18.472  753.6    0.498 1368      0.382 3922      0.302
OGLE-LMC-LPV-01682  14.161 16.905  142.29   0.103 1245      0.369  342.9    0.132
OGLE-LMC-LPV-01690  14.651 17.278  174.52   0.179  497.5    0.165  156.47   0.083
OGLE-LMC-LPV-01691  14.499 18.347  121.87   0.177  199.88   0.135  408.8    0.075
OGLE-LMC-LPV-01700  12.395 15.649  432.2    0.689  717.9    0.166 3831      0.175
OGLE-LMC-LPV-01711  14.190 17.274  181.03   0.131  314.8    0.144  419.1    0.118
OGLE-LMC-LPV-01719  14.004 16.784  839.6    0.314  150.49   0.091  237.7    0.078
OGLE-LMC-LPV-01720  14.329 17.724  121.27   0.176  224.4    0.166  208.9    0.148
OGLE-LMC-LPV-01721  13.486 15.729  123.96   0.041 1277      0.095  553.1    0.030
OGLE-LMC-LPV-01725  14.260 16.596  160.56   0.675  213.9    0.128  591.0    0.112
OGLE-LMC-LPV-01743  14.040 16.600  160.24   0.196 1159      0.090  153.35   0.079
OGLE-LMC-LPV-01755  14.385 17.012  121.82   0.063  528.0    0.149  450.7    0.110
OGLE-LMC-LPV-01759  14.661 16.657   89.80   0.044  255.3    0.081  240.8    0.053
OGLE-LMC-LPV-01770  14.948 17.519  116.32   0.126 1357      0.266  946.1    0.098
OGLE-LMC-LPV-01771  14.325 16.360  145.10   0.295 4082      0.108   74.53   0.090
OGLE-LMC-LPV-01780  15.255 16.733   47.966  0.046  263.6    0.053   29.243  0.029
OGLE-LMC-LPV-01801  14.038 16.667  147.60   0.131 1706      0.139  238.1    0.066
OGLE-LMC-LPV-01802  14.584 16.486  107.29   0.290  455.8    0.112  113.30   0.076
OGLE-LMC-LPV-01803  14.304 17.730  204.7    0.177 1064      0.247 4202      0.192
OGLE-LMC-LPV-01822  15.503 18.334   61.15   0.105  501.5    0.175  105.85   0.146
OGLE-LMC-LPV-01824  13.676 16.131  980.4    0.118  139.00   0.053  243.2    0.046
OGLE-LMC-LPV-01826  14.528 16.590   66.41   0.113   64.85   0.083  955.1    0.079
OGLE-LMC-LPV-01845  15.007 16.579   59.58   0.031   52.97   0.026  255.9    0.023
OGLE-LMC-LPV-01858  14.081 16.847  352.7    0.392 1821      0.069  156.94   0.062
OGLE-LMC-LPV-01859  14.250 17.129  157.04   0.114 1608      0.263  299.4    0.108
OGLE-LMC-LPV-01874  14.121 17.191  424.3    0.286  616.1    0.145 1292      0.062
OGLE-LMC-LPV-01875  14.275 16.857  234.2    0.216 1456      0.153 1021      0.098
OGLE-LMC-LPV-01887  14.234 16.639  128.65   0.127 1133      0.177  177.59   0.088
OGLE-LMC-LPV-01890  14.689 16.383   43.420  0.043 2545      0.050  208.0    0.029
OGLE-LMC-LPV-01892  14.538 17.384   84.70   0.127  861.3    0.109  142.71   0.075
OGLE-LMC-LPV-01908  14.172 17.304  110.72   0.167  741.8    0.132  507.9    0.064
OGLE-LMC-LPV-01911  14.176 16.662   74.70   0.063 1862      0.098  747.9    0.078
OGLE-LMC-LPV-01930  14.182 17.607  108.37   0.087  747.4    0.212  573.7    0.152
OGLE-LMC-LPV-01948  14.202 17.301  386.7    0.307 1980      0.242  172.18   0.085
OGLE-LMC-LPV-01955  14.366 17.502  103.45   0.244  178.70   0.153  131.37   0.076
OGLE-LMC-LPV-01965  14.286 15.974  116.11   0.729  295.5    0.107  141.20   0.081
OGLE-LMC-LPV-01991  14.141 17.012  163.96   0.130  798.7    0.143  457.9    0.050
OGLE-LMC-LPV-02008  14.356 17.355  162.90   0.191  272.3    0.121 4032      0.066
OGLE-LMC-LPV-02014  14.445 17.437  152.17   0.124  863.6    0.124 4049      0.078
OGLE-LMC-LPV-02017  14.332 16.631  196.15   0.569  179.18   0.184 2639      0.149
OGLE-LMC-LPV-02032  14.248 18.359  194.93   0.231  181.49   0.183  164.85   0.122
OGLE-LMC-LPV-02040  14.784 16.669   45.854  0.040  157.23   0.032  337.5    0.028
OGLE-LMC-LPV-02053  14.042 16.832  182.38   0.135 1637      0.147  417.4    0.090
OGLE-LMC-LPV-02072  14.042 16.399  226.9    0.165 1792      0.081  242.1    0.061
OGLE-LMC-LPV-02075  14.213 16.653  146.16   0.113 3922      0.139  159.52   0.080
OGLE-LMC-LPV-02084  14.287 16.215   99.47   0.063  327.3    0.045   64.30   0.035
OGLE-LMC-LPV-02112  15.552 19.010  345.4    0.754 2519      0.732  486.9    0.276
OGLE-LMC-LPV-02124  14.864 17.474  102.19   0.036 1642      0.175  205.3    0.073
OGLE-LMC-LPV-02133  14.356 16.613   77.31   0.124 1064      0.104  133.28   0.086
OGLE-LMC-LPV-02140  13.724 16.885  244.2    0.316  450.5    0.217 1285      0.126
OGLE-LMC-LPV-02141  14.156 16.474  122.07   0.065  769.2    0.128 1176      0.055
OGLE-LMC-LPV-02149  13.999 16.235   79.04   0.062 3968      0.095  675.2    0.050
OGLE-LMC-LPV-02158  14.496 17.378  312.7    0.193 1271      0.288  162.34   0.092
OGLE-LMC-LPV-02162  14.636 16.835  135.29   0.266  144.09   0.119   77.95   0.092
OGLE-LMC-LPV-02163  14.327 17.132  273.2    0.282 3650      0.159  651.0    0.070
OGLE-LMC-LPV-02174  14.601 17.548  337.7    0.387  184.30   0.127 1637      0.103
OGLE-LMC-LPV-02175  14.344 16.737  132.16   0.086   84.11   0.059   73.82   0.051
OGLE-LMC-LPV-02178  14.652 16.441   52.58   0.040   75.21   0.034   78.37   0.029
OGLE-LMC-LPV-02186  14.433 17.024  172.03   0.192 1106      0.762 2740      0.511
OGLE-LMC-LPV-02192  13.967 17.030  171.94   0.083 1969      0.251  286.2    0.089
OGLE-LMC-LPV-02193  14.518 16.844   71.18   0.070  495.8    0.148 3906      0.111
OGLE-LMC-LPV-02198  13.832 16.229   98.45   0.153  103.09   0.073 1087      0.070
OGLE-LMC-LPV-02201  14.337 17.886  772.8    0.398  106.29   0.103 2203      0.078
OGLE-LMC-LPV-02204  15.189 18.351  266.1    0.214  645.6    0.137 1447      0.101
OGLE-LMC-LPV-02208  14.507 16.960   77.37   0.121  129.00   0.103   73.90   0.078
OGLE-LMC-LPV-02217  15.204 16.828   36.672  0.059  499.3    0.078   86.45   0.039
OGLE-LMC-LPV-02218  14.169 17.130  166.61   0.156 1064      0.170  176.03   0.086
OGLE-LMC-LPV-02219  14.031 16.626  155.64   0.074 1148      0.197  147.21   0.074
OGLE-LMC-LPV-02237  13.957 16.829  157.04   0.078 1506      0.219  117.84   0.054
OGLE-LMC-LPV-02241  14.470 17.184  391.1    0.503 1919      0.188  180.64   0.090
OGLE-LMC-LPV-02246  14.362 16.564   61.48   0.044 1661      0.099  198.26   0.052
OGLE-LMC-LPV-02253  14.308 16.688   81.77   0.073  128.39   0.060  358.0    0.050
OGLE-LMC-LPV-02255  13.302 15.701  191.99   0.209 1529      0.117  176.24   0.077
OGLE-LMC-LPV-02274  15.219 17.563   54.50   0.152   98.87   0.113  616.1    0.109
OGLE-LMC-LPV-02278  14.509 16.957   77.56   0.135 1098      0.124  127.71   0.067
OGLE-LMC-LPV-02282  14.983 17.164   55.85   0.053  282.2    0.047  420.5    0.032
OGLE-LMC-LPV-02283  14.177 16.909   82.95   0.085  482.4    0.162  140.67   0.067
OGLE-LMC-LPV-02287  14.928 16.818   96.02   0.047  336.6    0.050  186.92   0.033
OGLE-LMC-LPV-02305  14.910 16.876   46.683  0.034  345.9    0.044   67.76   0.038
OGLE-LMC-LPV-02308  14.012 17.193  216.4    0.218 1346      0.279  386.1    0.114
OGLE-LMC-LPV-02310  14.451 16.288  142.76   0.493  136.67   0.107 4608      0.099
OGLE-LMC-LPV-02312  13.937 16.549  304.8    0.200  174.92   0.093  841.0    0.056
OGLE-LMC-LPV-02321  13.857 16.867  441.6    0.235 1346      0.180 4032      0.081
OGLE-LMC-LPV-02322  14.078 16.642  260.6    0.164 1439      0.121 2299      0.068
OGLE-LMC-LPV-02349  14.281 17.599  129.57   0.216  239.3    0.196  266.8    0.178
OGLE-LMC-LPV-02351  14.151 16.891  101.82   0.071  563.7    0.101  744.6    0.065
OGLE-LMC-LPV-02365  15.058 17.009   95.79   0.026  513.6    0.035   80.47   0.033
OGLE-LMC-LPV-02370  14.341 17.925  377.3    0.222 1042      0.179  202.8    0.157
OGLE-LMC-LPV-02372  14.454 17.000  229.3    0.171 1018      0.262  720.5    0.126
OGLE-LMC-LPV-02375  14.268 17.398  104.61   0.091  517.1    0.156  613.9    0.099
OGLE-LMC-LPV-02377  14.508 16.542  143.70   0.214  135.57   0.122  155.81   0.123
OGLE-LMC-LPV-02381  14.228 17.407  197.64   0.108  211.5    0.078  325.8    0.054
OGLE-LMC-LPV-02382  14.557 16.524   73.69   0.070  709.2    0.046  938.1    0.035
OGLE-LMC-LPV-02405  14.024 16.825  168.97   0.098 4695      0.094  123.98   0.045
OGLE-LMC-LPV-02416  14.213 17.788  129.50   0.295  137.80   0.182  234.2    0.108
OGLE-LMC-LPV-02425  15.168 18.581  200.7    0.202 3215      1.109  221.4    0.140
OGLE-LMC-LPV-02449  14.827 17.433   74.08   0.134  727.8    0.155  131.51   0.113
OGLE-LMC-LPV-02452  13.568 17.159 1197      0.545  247.2    0.135  136.22   0.062
OGLE-LMC-LPV-02463  14.736 16.393   44.139  0.044   44.912  0.047   89.22   0.041
OGLE-LMC-LPV-02467  14.935 16.522   85.37   0.220   92.58   0.086   44.555  0.087
OGLE-LMC-LPV-02472  14.469 16.983   80.42   0.051  726.2    0.083  117.66   0.048
OGLE-LMC-LPV-02475  13.921 17.055  203.5    0.200 1890      0.111  144.34   0.085
OGLE-LMC-LPV-02483  14.001 16.358  112.08   0.121  871.8    0.078  118.64   0.051
OGLE-LMC-LPV-02490  13.615 16.569  360.4    0.204  211.6    0.166 2299      0.145
OGLE-LMC-LPV-02494  14.102 16.657  130.14   0.095  798.1    0.240  242.0    0.095
OGLE-LMC-LPV-02510  13.475 13.954   37.355  0.016 2358      0.038  183.08   0.025
OGLE-LMC-LPV-02512  14.236 16.796  136.67   0.128 1225      0.128  220.4    0.062
OGLE-LMC-LPV-02519  14.513 16.898   68.78   0.063  440.5    0.075  109.23   0.037
OGLE-LMC-LPV-02535  13.753 16.097  142.96   0.087  809.1    0.075  306.5    0.065
OGLE-LMC-LPV-02538  14.621 16.687   81.49   0.135  733.7    0.149   83.42   0.080
OGLE-LMC-LPV-02544  15.094 16.627   58.08   0.070   37.614  0.043   59.26   0.041
OGLE-LMC-LPV-02560  14.367 17.666  448.9    0.705 1015      0.173  714.3    0.100
OGLE-LMC-LPV-02565  14.404 16.705  135.69   0.190  232.0    0.098  130.92   0.071
OGLE-LMC-LPV-02571  13.956 16.845  191.42   0.084 1101      0.307 3891      0.213
OGLE-LMC-LPV-02586  14.443 16.709  140.90   0.137  998.0    0.102  132.89   0.073
OGLE-LMC-LPV-02589  14.043 16.501  175.51   0.231   97.68   0.119  150.58   0.068
OGLE-LMC-LPV-02595  14.416 16.459  131.46   0.138   73.08   0.088  139.33   0.074
OGLE-LMC-LPV-02605  14.369 16.326  140.05   0.678 1626      0.212  126.33   0.217
OGLE-LMC-LPV-02619  14.474 17.852  221.1    0.481  268.2    0.147  738.6    0.123
OGLE-LMC-LPV-02622  14.145 17.195  185.24   0.274 1258      0.277  318.4    0.141
OGLE-LMC-LPV-02626  14.416 17.086   78.24   0.047  787.4    0.087  508.1    0.077
OGLE-LMC-LPV-02628  14.184 16.943   97.38   0.184  995.0    0.108   93.91   0.076
OGLE-LMC-LPV-02631  14.187 17.817  123.52   0.135 1451      0.148  580.0    0.104
OGLE-LMC-LPV-02633  13.326 15.893  191.64   0.097 1167      0.148  205.5    0.067
OGLE-LMC-LPV-02637  14.586 16.394  110.37   0.079   59.48   0.061   57.96   0.053
OGLE-LMC-LPV-02649  13.877 16.557  133.28   0.084 3906      0.120  233.3    0.076
OGLE-LMC-LPV-02664  14.226 17.719  761.0    0.459  198.14   0.105  238.2    0.090
OGLE-LMC-LPV-02669  14.299 16.525   78.16   0.031  492.4    0.051 4000      0.029
OGLE-LMC-LPV-02673  14.291 17.487  101.80   0.078 3876      0.181  234.9    0.105
OGLE-LMC-LPV-02674  14.077 16.564  120.86   0.045 1139      0.242 2976      0.079
OGLE-LMC-LPV-02688  14.186 17.218  186.67   0.215  334.4    0.185  268.2    0.064
OGLE-LMC-LPV-02716  15.486 17.618   44.714  0.117  616.9    0.106   46.933  0.082
OGLE-LMC-LPV-02719  14.298 17.336  335.8    0.280  218.3    0.090  699.8    0.083
OGLE-LMC-LPV-02733  14.516 16.841   99.40   0.086 1277      0.069   93.29   0.052
OGLE-LMC-LPV-02748  15.061 17.308   49.082  0.059 3759      0.097   71.68   0.045
OGLE-LMC-LPV-02752  14.188 17.313  111.38   0.157  195.96   0.118 3597      0.087
OGLE-LMC-LPV-02753  14.672 18.063  227.0    0.234 2959      0.414  216.5    0.105
OGLE-LMC-LPV-02764  14.184 17.462  198.74   0.093  711.2    0.113  170.30   0.073
OGLE-LMC-LPV-02777  14.342 17.395  103.68   0.177  165.23   0.120   99.70   0.094
OGLE-LMC-LPV-02783  14.108 17.545  115.94   0.185 1267      0.109  107.94   0.077
OGLE-LMC-LPV-02787  14.028 16.569  135.69   0.107 2703      0.152  233.3    0.088
OGLE-LMC-LPV-02790  13.980    -    404.1    0.298 1015      0.165 2160      0.075
OGLE-LMC-LPV-02791  14.131 17.226  305.6    0.162 1479      0.099  368.5    0.074
OGLE-LMC-LPV-02792  14.529 17.021   96.57   0.072  562.4    0.200 3636      0.150
OGLE-LMC-LPV-02803  13.764 16.504  337.5    0.106 1145      0.197  248.6    0.053
OGLE-LMC-LPV-02804  14.504 17.398  121.11   0.092  959.7    0.189  410.3    0.095
OGLE-LMC-LPV-02812  14.183 16.924  135.15   0.238 1222      0.261  241.6    0.079
OGLE-LMC-LPV-02813  14.510 16.936   79.79   0.065  521.9    0.093  389.0    0.066
OGLE-LMC-LPV-02819  14.151 17.036  132.77   0.129 1403      0.159  165.86   0.120
OGLE-LMC-LPV-02839  14.542 16.997  149.21   0.192  849.6    0.096   80.57   0.075
OGLE-LMC-LPV-02843  14.335 16.240  150.90   0.419  135.32   0.350 1294      0.179
OGLE-LMC-LPV-02844  14.639 17.265  120.51   0.095  935.5    0.066   77.69   0.061
OGLE-LMC-LPV-02847  14.544 16.980  129.31   0.144   74.83   0.062  122.01   0.060
OGLE-LMC-LPV-02858  13.888 17.053  196.75   0.149 1295      0.126  212.5    0.085
OGLE-LMC-LPV-02864  14.224 16.775   84.26   0.051  568.5    0.089  127.78   0.048
OGLE-LMC-LPV-02871  14.486 17.434  106.55   0.099  170.10   0.079  188.01   0.065
OGLE-LMC-LPV-02894  14.270 17.211  158.08   0.087  521.9    0.106  190.51   0.056
OGLE-LMC-LPV-02897  14.345 17.684  102.76   0.084  113.20   0.073   99.11   0.071
OGLE-LMC-LPV-02899  14.517 16.803   59.76   0.035  408.5    0.053  265.4    0.041
OGLE-LMC-LPV-02908  15.541 18.242  247.8    0.618 3279      0.887  769.2    0.142
OGLE-LMC-LPV-02910  14.216 16.139  151.75   0.231 3497      0.196  145.88   0.133
OGLE-LMC-LPV-02933  13.864 16.579  226.1    0.116 2717      0.127  367.9    0.100
OGLE-LMC-LPV-02938  14.346 17.292  335.9    0.418 1515      0.112  993.0    0.073
OGLE-LMC-LPV-02943  14.064 16.575  112.02   0.058 3968      0.132  213.1    0.071
OGLE-LMC-LPV-02949  14.466 16.612   65.21   0.046  338.9    0.049  101.29   0.039
OGLE-LMC-LPV-02957  14.431 17.776  108.47   0.140 1855      0.118  146.33   0.107
OGLE-LMC-LPV-02971  13.903 16.436  135.01   0.142 1111      0.186  232.2    0.084
OGLE-LMC-LPV-02972  15.683 18.023   43.578  0.123  523.3    0.108   44.362  0.057
OGLE-LMC-LPV-02984  14.019 17.202  195.93   0.159  507.9    0.079  363.5    0.055
OGLE-LMC-LPV-02986  14.381 17.551  310.6    0.317  396.0    0.142 1585      0.141
OGLE-LMC-LPV-02992  14.072    -     99.00   0.061 3788      0.165  689.2    0.089
OGLE-LMC-LPV-02993  15.059 17.027   50.55   0.029  229.2    0.030   80.60   0.022
OGLE-LMC-LPV-03011  14.034 16.390  393.8    0.158  609.0    0.076 1362      0.052
OGLE-LMC-LPV-03013  14.360 17.465   99.42   0.086 1271      0.147  162.02   0.100
OGLE-LMC-LPV-03014  13.714 16.581  181.98   0.203 1590      0.276  200.5    0.077
OGLE-LMC-LPV-03015  14.558 16.749  301.0    0.147  239.8    0.070  448.6    0.057
OGLE-LMC-LPV-03018  14.170 17.534   89.10   0.089 1259      0.119  107.35   0.067
OGLE-LMC-LPV-03021  14.636 16.415   86.70   0.096   82.04   0.074  244.0    0.044
OGLE-LMC-LPV-03032  14.051 17.573  114.76   0.171  737.5    0.159  196.39   0.109
OGLE-LMC-LPV-03039  14.316 17.291  303.2    0.208  145.67   0.131 2933      0.139
OGLE-LMC-LPV-03041  14.102 16.779  202.4    0.301  110.44   0.126  216.5    0.078
OGLE-LMC-LPV-03042  14.090 16.600  145.40   0.098  209.6    0.068 1202      0.053
OGLE-LMC-LPV-03050  14.464 16.856   77.46   0.102  126.50   0.060   74.53   0.049
OGLE-LMC-LPV-03051  14.810 17.467  146.20   0.124 1333      0.208  211.3    0.109
OGLE-LMC-LPV-03056  14.185 17.814  215.4    0.135 1869      0.099  119.42   0.075
OGLE-LMC-LPV-03073  14.122 17.148  177.49   0.111  201.3    0.118  235.7    0.099
OGLE-LMC-LPV-03078  13.851    -    119.27   0.087  952.4    0.113  129.94   0.043
OGLE-LMC-LPV-03079  14.287 16.269  142.72   0.469 1272      0.218  160.85   0.185
OGLE-LMC-LPV-03082  14.650 17.140  137.61   0.158 1996      0.326  212.5    0.082
OGLE-LMC-LPV-03085  14.947 17.076   71.75   0.040  317.3    0.037  395.3    0.030
OGLE-LMC-LPV-03103  13.767 16.263 1183      0.357  821.7    0.078  213.2    0.061
OGLE-LMC-LPV-03107  14.187 16.651  122.88   0.062  630.9    0.130  249.9    0.085
OGLE-LMC-LPV-03113  14.121 17.491  353.6    0.253  199.08   0.128 1642      0.092
OGLE-LMC-LPV-03114  14.515 16.579  144.09   0.313  126.81   0.111 3704      0.098
OGLE-LMC-LPV-03128  14.408 17.343  148.56   0.117 1718      0.093   95.48   0.077
OGLE-LMC-LPV-03131  14.434 17.012  253.4    0.264  233.3    0.132  299.2    0.121
OGLE-LMC-LPV-03139  14.144 17.271  118.46   0.128  588.6    0.138  124.47   0.075
OGLE-LMC-LPV-03151  15.253 17.115   45.461  0.056   77.50   0.048  367.1    0.042
OGLE-LMC-LPV-03152  14.121 16.709  138.95   0.126  868.8    0.155  706.2    0.107
OGLE-LMC-LPV-03154  13.935 16.159  183.66   0.141  149.50   0.080   98.80   0.056
OGLE-LMC-LPV-03155  14.769 16.508   74.45   0.042  183.35   0.047   45.771  0.044
OGLE-LMC-LPV-03158  12.889 14.753  183.76   0.040  247.5    0.026 1748      0.020
OGLE-LMC-LPV-03164  13.996 16.983  188.39   0.146 1678      0.188  177.40   0.075
OGLE-LMC-LPV-03171  15.152 17.223  113.94   0.448   83.24   0.068  157.33   0.053
OGLE-LMC-LPV-03178  14.255 17.642  116.02   0.152  562.1    0.155  199.28   0.113
OGLE-LMC-LPV-03208  14.679 16.685   53.95   0.034  481.5    0.051   59.96   0.039
OGLE-LMC-LPV-03209  14.863 16.748   76.94   0.022  191.31   0.032 2500      0.028
OGLE-LMC-LPV-03213  13.984 17.290  417.9    0.302  363.0    0.126  821.0    0.118
OGLE-LMC-LPV-03214  14.437 16.686   84.48   0.097  169.38   0.069   80.59   0.056
OGLE-LMC-LPV-03215  13.446 15.858  180.61   0.071  288.5    0.066  721.5    0.047
OGLE-LMC-LPV-03223  14.402 16.922  103.50   0.038 1357      0.131  106.50   0.059
OGLE-LMC-LPV-03227  13.999 16.874  171.93   0.205  157.63   0.114  328.3    0.097
OGLE-LMC-LPV-03234  14.878 16.963   66.26   0.096  708.7    0.192  116.47   0.085
OGLE-LMC-LPV-03238  14.014 16.354  144.51   0.178  138.26   0.111  250.4    0.103
OGLE-LMC-LPV-03251  13.738 16.081  137.48   0.115  711.7    0.151  260.9    0.088
OGLE-LMC-LPV-03255  14.075 16.833  317.7    0.215  186.36   0.108  167.48   0.107
OGLE-LMC-LPV-03256  14.103 16.114   79.96   0.073  154.18   0.065  392.3    0.052
OGLE-LMC-LPV-03278  13.894 16.172  946.1    0.236  129.00   0.083  214.9    0.064
OGLE-LMC-LPV-03288  14.210 15.822   99.79   0.271   84.70   0.058   95.82   0.048
OGLE-LMC-LPV-03296  14.484 16.175   96.33   0.123   99.18   0.066   88.38   0.046
OGLE-LMC-LPV-03307  14.881 17.400   69.61   0.055  416.3    0.053  537.9    0.048
OGLE-LMC-LPV-03310  15.478 17.083   40.384  0.175   43.958  0.052   24.117  0.042
OGLE-LMC-LPV-03315  14.334 17.440  154.06   0.124 2433      0.113  161.03   0.108
OGLE-LMC-LPV-03326  14.252 16.639  158.79   0.172   84.55   0.093  716.8    0.071
OGLE-LMC-LPV-03338  14.279 16.070  120.52   0.109  125.20   0.083  114.18   0.077
OGLE-LMC-LPV-03346  14.070 17.335  109.70   0.051  715.8    0.246  400.6    0.125
OGLE-LMC-LPV-03352  14.350 16.968  206.5    0.195 4630      0.107  115.70   0.074
OGLE-LMC-LPV-03363  14.593 16.662   60.08   0.065  233.7    0.087  779.4    0.035
OGLE-LMC-LPV-03375  14.330 16.482  150.49   0.412   78.33   0.066   73.57   0.052
OGLE-LMC-LPV-03376  14.152 17.493  184.64   0.098  621.9    0.128  113.08   0.080
OGLE-LMC-LPV-03378  14.203 16.946  107.55   0.097  184.09   0.087  168.38   0.089
OGLE-LMC-LPV-03386  13.088 15.748  251.8    0.256  412.0    0.211  510.2    0.173
OGLE-LMC-LPV-03389  14.674 16.633   62.58   0.066  113.56   0.064   82.47   0.054
OGLE-LMC-LPV-03398  14.856 16.643   84.04   0.125  661.4    0.072   78.65   0.062
OGLE-LMC-LPV-03414  14.704 17.111   69.41   0.045  370.6    0.077  501.0    0.061
OGLE-LMC-LPV-03417  15.735 17.907   69.89   0.080 4425      1.024  576.7    0.070
OGLE-LMC-LPV-03423  13.274 16.011  186.19   0.044 1414      0.072  119.45   0.039
OGLE-LMC-LPV-03426  14.386 16.571  102.44   0.058  456.6    0.099  383.6    0.080
OGLE-LMC-LPV-03442  14.674 17.092   69.69   0.123   61.21   0.068 1057      0.062
OGLE-LMC-LPV-03443  14.372 16.555  156.38   0.572 3086      0.196  147.38   0.204
OGLE-LMC-LPV-03455  14.740 17.429   77.12   0.119  887.3    0.144   73.05   0.095
OGLE-LMC-LPV-03464  14.197 17.330  325.0    0.221 1623      0.150  187.30   0.128
OGLE-LMC-LPV-03482  14.440 17.428  281.6    0.277 2427      0.121  157.21   0.088
OGLE-LMC-LPV-03488  14.193 17.428  420.6    0.403 1076      0.243 2331      0.133
OGLE-LMC-LPV-03499  15.144 17.537  119.24   0.287   63.42   0.116   56.82   0.092
OGLE-LMC-LPV-03500  14.340 17.245  274.3    0.177 2137      0.075  146.69   0.068
OGLE-LMC-LPV-03501  15.222 16.943   60.84   0.290   75.37   0.100   64.08   0.097
OGLE-LMC-LPV-03529  13.340 16.050  216.4    0.230 3155      0.144  201.1    0.090
OGLE-LMC-LPV-03534  14.320 17.119   97.12   0.098  449.4    0.122 2688      0.085
OGLE-LMC-LPV-03537  14.492 16.487  117.48   0.184  552.8    0.087   64.90   0.059
OGLE-LMC-LPV-03541  14.227 16.758  167.42   0.736   93.36   0.160 1198      0.134
OGLE-LMC-LPV-03552  13.897 15.979  115.98   0.101  593.1    0.103  109.88   0.075
OGLE-LMC-LPV-03570  13.718 16.882  237.2    0.244 2252      0.147  264.9    0.100
OGLE-LMC-LPV-03581  14.041 17.293  118.13   0.207  124.75   0.114  163.13   0.085
OGLE-LMC-LPV-03599  14.161 16.629  255.4    0.303  136.22   0.114  291.7    0.107
OGLE-LMC-LPV-03600  14.096 17.225  744.6    0.288  105.39   0.066  168.75   0.060
OGLE-LMC-LPV-03612  14.096 16.876  160.17   0.178 1629      0.156  269.4    0.094
OGLE-LMC-LPV-03623  15.291 17.077   61.36   0.077   36.789  0.048  694.4    0.037
OGLE-LMC-LPV-03629  14.020 17.320  923.4    0.268  150.13   0.070   98.63   0.071
OGLE-LMC-LPV-03630  14.124 16.424   95.35   0.036  762.2    0.078   66.58   0.027
OGLE-LMC-LPV-03641  14.749 17.471  128.53   0.099  616.9    0.115   79.99   0.060
OGLE-LMC-LPV-03644  14.252 17.308  182.85   0.232 1055      0.132  188.82   0.101
OGLE-LMC-LPV-03648  14.431 17.238   91.83   0.102  147.49   0.095   95.40   0.054
OGLE-LMC-LPV-03652  14.268 17.128  161.45   0.154   97.04   0.099  896.9    0.089
OGLE-LMC-LPV-03664  14.266 17.974  147.51   0.215  283.9    0.175  933.7    0.113
OGLE-LMC-LPV-03674  14.082 17.014  228.5    0.369  110.14   0.117  241.0    0.104
OGLE-LMC-LPV-03675  13.768 15.753   86.83   0.120  149.72   0.064   90.65   0.057
OGLE-LMC-LPV-03681  14.181 17.642  238.3    0.533  126.61   0.144  280.7    0.143
OGLE-LMC-LPV-03684  13.881 16.003   94.86   0.063  888.1    0.074  102.57   0.049
OGLE-LMC-LPV-03687  13.940 16.530  152.67   0.091 1825      0.158  278.2    0.072
OGLE-LMC-LPV-03689  14.904 16.788   47.364  0.051  368.5    0.062   46.611  0.034
OGLE-LMC-LPV-03694  14.641 16.963   74.09   0.129  128.01   0.121   78.38   0.071
OGLE-LMC-LPV-03704  14.143 16.930   98.82   0.148  103.55   0.071   87.07   0.058
OGLE-LMC-LPV-03713  14.459 16.576   87.54   0.054  647.2    0.042  197.20   0.035
OGLE-LMC-LPV-03714  14.207 16.146  127.60   0.167  143.88   0.069   65.43   0.059
OGLE-LMC-LPV-03715  14.780 17.743  135.39   0.099 1376      0.162  214.4    0.087
OGLE-LMC-LPV-03717  14.006 17.583  130.48   0.258  126.21   0.168  134.54   0.087
OGLE-LMC-LPV-03721  14.163 17.306  323.8    0.145  465.8    0.150  180.83   0.093
OGLE-LMC-LPV-03735  14.863 17.113  131.70   0.090  118.54   0.066 1488      0.060
OGLE-LMC-LPV-03739  14.097 16.895  118.25   0.183  225.8    0.221  209.6    0.091
OGLE-LMC-LPV-03743  14.504 18.041  263.5    0.369  126.34   0.093  296.6    0.092
OGLE-LMC-LPV-03752  15.148 18.791  735.8    0.454 2283      0.566 4587      0.268
OGLE-LMC-LPV-03767  14.694 17.674  327.0    0.281  181.46   0.129 4587      0.088
OGLE-LMC-LPV-03768  14.703 16.745  116.09   0.204  112.16   0.133  108.11   0.086
OGLE-LMC-LPV-03772  14.687 17.437  269.0    0.174  726.7    0.153  301.3    0.061
OGLE-LMC-LPV-03789  14.153 17.430  107.26   0.196 1172      0.231  112.44   0.101
OGLE-LMC-LPV-03796  14.277 16.874   80.95   0.080  392.9    0.080  300.0    0.075
OGLE-LMC-LPV-03797  14.273 17.584  192.29   0.218  345.8    0.146 1412      0.082
OGLE-LMC-LPV-03800  14.039 16.231  107.39   0.097  263.9    0.042 3311      0.041
OGLE-LMC-LPV-03811  14.011 16.366  121.54   0.049  979.4    0.084  187.30   0.063
OGLE-LMC-LPV-03814  15.048 17.005   53.27   0.052  456.8    0.073  134.19   0.048
OGLE-LMC-LPV-03819  14.652 17.170  246.5    0.257  681.2    0.115  202.1    0.111
OGLE-LMC-LPV-03820  14.272 17.430   95.47   0.081  510.5    0.147  228.5    0.127
OGLE-LMC-LPV-03821  14.398 16.901  189.92   0.388   89.98   0.146   98.42   0.149
OGLE-LMC-LPV-03822  14.118 17.417  198.85   0.196 3003      0.327  372.6    0.131
OGLE-LMC-LPV-03828  14.653 16.753  118.22   0.264  123.93   0.071 3106      0.063
OGLE-LMC-LPV-03831  14.275 17.494  118.41   0.186 1621      0.194  130.60   0.111
OGLE-LMC-LPV-03833  14.493 17.321  267.2    0.261  147.23   0.131  386.8    0.084
OGLE-LMC-LPV-03834  14.105 16.634  255.4    0.306  225.6    0.119 2445      0.073
OGLE-LMC-LPV-03839  15.270 18.207  178.24   0.706  163.59   0.326 1919      0.254
OGLE-LMC-LPV-03842  17.538 21.752  388.3    0.673 1368      1.993 3690      1.201
OGLE-LMC-LPV-03853  14.342 16.106  129.92   0.558  118.47   0.151  122.55   0.116
OGLE-LMC-LPV-03857  13.880 16.596  163.21   0.144 1706      0.211  152.16   0.076
OGLE-LMC-LPV-03859  14.261 16.134   62.55   0.056  109.06   0.047   57.55   0.042
OGLE-LMC-LPV-03870  14.595 16.624   61.36   0.074  693.5    0.061   58.05   0.055
OGLE-LMC-LPV-03874  14.317 17.510  310.4    0.230 1050      0.120  188.11   0.095
OGLE-LMC-LPV-03877  15.061 17.696   86.93   0.062  536.8    0.094   90.93   0.049
OGLE-LMC-LPV-03878  14.041 16.916  181.20   0.101  775.2    0.080  624.2    0.047
OGLE-LMC-LPV-03882  13.824 16.714  165.76   0.116 2695      0.151  180.41   0.073
OGLE-LMC-LPV-03883  14.113 16.262   72.85   0.052  898.5    0.057   74.40   0.051
OGLE-LMC-LPV-03884  14.700 17.367  233.5    0.471  194.89   0.096  383.3    0.067
OGLE-LMC-LPV-03888  13.975 16.738  378.8    0.299 1603      0.174  276.2    0.080
OGLE-LMC-LPV-03893  14.046 16.822  165.11   0.071  131.91   0.041   89.84   0.032
OGLE-LMC-LPV-03894  14.142 16.787  195.85   0.159 3460      0.124  670.2    0.090
OGLE-LMC-LPV-03895  14.177 16.914  184.26   0.089 1032      0.162  224.0    0.045
OGLE-LMC-LPV-03901  13.232 16.126  397.6    0.262 1701      0.118  249.0    0.093
OGLE-LMC-LPV-03906  15.394 17.674   81.70   0.139   78.12   0.109   46.490  0.097
OGLE-LMC-LPV-03909  13.988 17.451  136.50   0.173  237.9    0.194 1101      0.080
OGLE-LMC-LPV-03915  13.559 16.479  244.7    0.170 1555      0.155  363.1    0.103
OGLE-LMC-LPV-03922  14.256 17.389  308.5    0.219 4405      0.223  181.32   0.089
OGLE-LMC-LPV-03938  14.437 16.809  165.90   0.110  785.5    0.065   93.67   0.055
OGLE-LMC-LPV-03943  14.530 17.679  106.99   0.189  185.74   0.138  973.7    0.128
OGLE-LMC-LPV-03955  14.594 16.176   69.91   0.031  878.0    0.041   66.53   0.025
OGLE-LMC-LPV-03963  14.168 17.919  474.8    0.494 2494      0.125  169.87   0.089
OGLE-LMC-LPV-03966  14.998 17.080   99.33   0.314  123.52   0.115  516.5    0.081
OGLE-LMC-LPV-03968  14.557 17.333  295.2    0.213  609.0    0.145  504.3    0.140
OGLE-LMC-LPV-03973  14.611 17.068   77.81   0.051 3774      0.077  593.1    0.056
OGLE-LMC-LPV-03988  14.817 16.928  109.12   0.199   60.30   0.114  112.89   0.069
OGLE-LMC-LPV-03990  14.607 16.235   43.204  0.050  697.8    0.040   60.46   0.037
OGLE-LMC-LPV-03998  14.085 16.550  234.6    0.121  809.7    0.094  215.7    0.082
OGLE-LMC-LPV-04010  13.988 17.250  191.46   0.145 1757      0.398  280.9    0.124
OGLE-LMC-LPV-04024  14.816 18.436  413.0    0.714  323.2    0.145  734.8    0.122
OGLE-LMC-LPV-04043  14.277 17.129  145.07   0.047 2994      0.132  153.92   0.057
OGLE-LMC-LPV-04051  14.343 16.800   77.12   0.061  344.1    0.081  524.9    0.068
OGLE-LMC-LPV-04053  12.953 15.319  206.2    0.159 1534      0.222 3876      0.117
OGLE-LMC-LPV-04076  14.573 16.965   59.15   0.057  251.4    0.063  228.7    0.059
OGLE-LMC-LPV-04077  14.042 17.237  223.2    0.207  208.3    0.142 3861      0.126
OGLE-LMC-LPV-04078  13.944 16.335  127.70   0.091 1019      0.113  738.0    0.073
OGLE-LMC-LPV-04081  14.112 16.847  160.62   0.101  702.7    0.092  539.4    0.058
OGLE-LMC-LPV-04086  14.111 16.731  280.3    0.142 2242      0.112  287.6    0.050
OGLE-LMC-LPV-04098  14.626 18.101  108.82   0.231  211.9    0.216  181.19   0.128
OGLE-LMC-LPV-04104  14.401 17.910  395.7    0.372  536.8    0.126 1883      0.096
OGLE-LMC-LPV-04107  15.412 17.505   71.43   0.035  395.4    0.053   92.65   0.036
OGLE-LMC-LPV-04111  14.050 16.830  178.29   0.157 1176      0.116  107.61   0.081
OGLE-LMC-LPV-04123  14.046 17.320  206.2    0.168 1582      0.326  196.35   0.131
OGLE-LMC-LPV-04125  14.202 16.465   91.28   0.045  701.3    0.040  132.66   0.033
OGLE-LMC-LPV-04127  14.562 17.641  293.1    0.337  152.91   0.137 3356      0.121
OGLE-LMC-LPV-04131  14.473 17.328  108.04   0.140   80.99   0.093 1017      0.076
OGLE-LMC-LPV-04150  14.641 16.433   88.69   0.244   83.00   0.081  648.5    0.070
OGLE-LMC-LPV-04153  14.071 16.456  119.43   0.179  277.2    0.091  115.18   0.080
OGLE-LMC-LPV-04158  14.668 16.716  140.10   0.070  354.9    0.056  472.4    0.032
OGLE-LMC-LPV-04165  14.097 16.873   91.79   0.101  525.5    0.119  144.80   0.054
OGLE-LMC-LPV-04178  14.205 16.248  151.07   0.719 1255      0.226  142.09   0.186
OGLE-LMC-LPV-04186  14.178 16.925  128.85   0.104 1477      0.300 3021      0.237
OGLE-LMC-LPV-04190  14.321 16.394  146.93   0.076  537.1    0.089 4348      0.034
OGLE-LMC-LPV-04206  14.531 17.083  136.82   0.133 1799      0.169  479.4    0.072
OGLE-LMC-LPV-04207  13.964 16.825 1087      0.380  171.73   0.107  294.6    0.088
OGLE-LMC-LPV-04210  14.452 16.593  130.66   0.208  601.3    0.115   76.52   0.073
OGLE-LMC-LPV-04213  14.240    -     77.94   0.083  668.0    0.133  126.69   0.076
OGLE-LMC-LPV-04217  14.075 17.119  197.71   0.153 1721      0.312  175.04   0.073
OGLE-LMC-LPV-04220  14.074 17.047  179.49   0.164 1000      0.151  419.8    0.125
OGLE-LMC-LPV-04231  14.130 17.140  390.9    0.240  726.2    0.097 1342      0.084
OGLE-LMC-LPV-04234  13.808 16.595  167.59   0.120 2028      0.279 4219      0.151
OGLE-LMC-LPV-04242  14.470 16.066   75.35   0.126   79.76   0.078   85.79   0.043
OGLE-LMC-LPV-04243  14.373 17.977  264.8    0.145 1230      0.208  740.2    0.112
OGLE-LMC-LPV-04245  15.117 16.856   46.609  0.019 3817      0.033  152.81   0.025
OGLE-LMC-LPV-04249  13.648 16.404 1201      0.510  292.4    0.089  714.8    0.076
OGLE-LMC-LPV-04252  14.124 17.154  179.83   0.186  892.1    0.177 4464      0.086
OGLE-LMC-LPV-04253  13.475 16.562  260.3    0.103  541.7    0.219  640.6    0.133
OGLE-LMC-LPV-04264  14.134 17.578  120.39   0.115  932.0    0.080  112.99   0.079
OGLE-LMC-LPV-04265  14.201 17.436  170.90   0.094  109.51   0.078  616.1    0.056
OGLE-LMC-LPV-04266  14.124 17.007  143.88   0.132  271.7    0.129 1541      0.125
OGLE-LMC-LPV-04269  14.387 16.666 1071      0.254 2571      0.077  461.0    0.055
OGLE-LMC-LPV-04276  14.398 16.499   74.06   0.045  586.9    0.065   71.71   0.051
OGLE-LMC-LPV-04282  14.282 17.188  112.01   0.145  187.37   0.089  104.32   0.083
OGLE-LMC-LPV-04290  14.636 17.232  153.89   0.320   85.49   0.177  165.26   0.126
OGLE-LMC-LPV-04293  14.014 16.387  877.5    0.200  103.75   0.087  259.0    0.051
OGLE-LMC-LPV-04298  14.384 17.949  211.7    0.167 2591      0.114  401.3    0.093
OGLE-LMC-LPV-04301  13.938 16.659  105.70   0.159 1340      0.143 4000      0.092
OGLE-LMC-LPV-04304  14.179 17.016  155.47   0.184 1493      0.256 2681      0.138
OGLE-LMC-LPV-04306  14.145 17.340  350.4    0.138  203.5    0.144  225.8    0.105
OGLE-LMC-LPV-04318  14.085 16.923  156.62   0.071 1534      0.279 3311      0.101
OGLE-LMC-LPV-04349  14.480 18.030  107.56   0.140 2155      0.101  113.19   0.089
OGLE-LMC-LPV-04353  14.948 17.075   75.88   0.041   50.76   0.035  242.2    0.033
OGLE-LMC-LPV-04364  14.260 17.064  333.4    0.529  849.6    0.175  161.89   0.087
OGLE-LMC-LPV-04365  14.913 16.780   61.36   0.029  382.8    0.029   40.596  0.019
OGLE-LMC-LPV-04370  14.401 17.146   94.55   0.142 1144      0.100   98.84   0.071
OGLE-LMC-LPV-04374  14.032 16.380  197.71   0.090  871.8    0.100  633.3    0.054
OGLE-LMC-LPV-04385  13.827 17.062  210.6    0.209 1972      0.182  349.8    0.109
OGLE-LMC-LPV-04389  14.499 16.674   68.45   0.070  625.8    0.074  109.09   0.060
OGLE-LMC-LPV-04392  14.648 16.464   51.66   0.028  231.7    0.051  100.21   0.049
OGLE-LMC-LPV-04393  14.144 17.115  329.4    0.286  366.0    0.146  452.5    0.159
OGLE-LMC-LPV-04394  14.231 17.577  182.45   0.143 1590      0.220  429.9    0.098
OGLE-LMC-LPV-04399  14.665 18.082  324.8    0.289 1098      0.523 1531      0.242
OGLE-LMC-LPV-04420  14.262 17.351  107.72   0.135  111.94   0.103  645.2    0.075
OGLE-LMC-LPV-04421  13.901 16.680   82.02   0.084  780.0    0.095  447.8    0.069
OGLE-LMC-LPV-04424  14.148 17.783  122.48   0.354  211.9    0.234 1536      0.183
OGLE-LMC-LPV-04431  14.034 17.484  143.31   0.354  134.86   0.156   93.51   0.112
OGLE-LMC-LPV-04433  14.641 16.882  110.51   0.061  902.5    0.083  214.7    0.064
OGLE-LMC-LPV-04434  14.161 17.061  105.51   0.245 1227      0.080  174.34   0.069
OGLE-LMC-LPV-04451  14.445 16.413   95.03   0.032  477.1    0.041   66.83   0.029
OGLE-LMC-LPV-04457  14.066 17.282  203.6    0.197 1047      0.210  397.5    0.095
OGLE-LMC-LPV-04458  14.466 16.970   76.46   0.065 1074      0.092  143.00   0.062
OGLE-LMC-LPV-04469  14.376 17.509  110.29   0.206  212.8    0.215  193.09   0.123
OGLE-LMC-LPV-04470  13.306 16.736  390.1    0.735  606.4    0.188 1241      0.139
OGLE-LMC-LPV-04472  14.219 16.251  128.21   0.084   75.93   0.049  523.8    0.046
OGLE-LMC-LPV-04481  14.310 17.608  201.8    0.241 2618      0.179  677.5    0.102
OGLE-LMC-LPV-04484  14.383 16.261   82.45   0.074   61.84   0.067  114.78   0.054
OGLE-LMC-LPV-04486  13.925 16.451   97.31   0.122  156.69   0.108  557.1    0.090
OGLE-LMC-LPV-04493  14.190 17.635  112.23   0.145  738.0    0.211  573.7    0.068
OGLE-LMC-LPV-04498  14.066 17.416  118.78   0.296 1292      0.136  127.32   0.098
OGLE-LMC-LPV-04499  14.477 17.336  136.41   0.125 1379      0.210  547.6    0.070
OGLE-LMC-LPV-04501  14.048 16.700  136.00   0.361  141.70   0.084  128.65   0.088
OGLE-LMC-LPV-04510  14.266 16.935  136.99   0.124 1374      0.126   95.05   0.063
OGLE-LMC-LPV-04525  14.140 16.443   96.09   0.040  656.6    0.050  103.53   0.034
OGLE-LMC-LPV-04533  14.404 16.927  147.34   0.153 4000      0.520  226.7    0.143
OGLE-LMC-LPV-04552  14.539 16.721   77.99   0.087  144.26   0.083  126.09   0.047
OGLE-LMC-LPV-04575  14.798 16.628   78.45   0.035 1818      0.041  402.4    0.037
OGLE-LMC-LPV-04586  13.191 16.154  156.12   0.126  314.5    0.068  246.6    0.073
OGLE-LMC-LPV-04593  14.274 17.903  119.98   0.172 1164      0.179  216.5    0.148
OGLE-LMC-LPV-04608  15.599 17.746   57.88   0.047   36.801  0.031   59.96   0.028
OGLE-LMC-LPV-04617  14.051 16.911  104.42   0.203  108.62   0.086  268.2    0.070
OGLE-LMC-LPV-04618  14.150 16.823  204.8    0.332  108.04   0.202  231.6    0.097
OGLE-LMC-LPV-04624  13.977 16.313  102.63   0.062 1057      0.083  753.0    0.060
OGLE-LMC-LPV-04625  14.702 16.656   48.991  0.030  527.7    0.027   48.082  0.023
OGLE-LMC-LPV-04631  14.090 17.002  178.76   0.168 3205      0.165  168.24   0.120
OGLE-LMC-LPV-04638  15.013 16.830   42.009  0.038   67.98   0.033  193.80   0.028
OGLE-LMC-LPV-04643  14.297 17.987  232.1    0.165  124.92   0.076  145.24   0.069
OGLE-LMC-LPV-04645  14.278 16.130  143.00   0.452  138.41   0.187  147.23   0.154
OGLE-LMC-LPV-04674  14.346 18.440  235.4    0.172  135.01   0.135  468.4    0.110
OGLE-LMC-LPV-04686  13.972 16.753  161.58   0.170 2208      0.210  347.6    0.122
OGLE-LMC-LPV-04693  14.322 17.436  106.99   0.167 1096      0.140  100.50   0.133
OGLE-LMC-LPV-04694  14.930 17.009   55.66   0.099  289.3    0.052   89.17   0.048
OGLE-LMC-LPV-04703  13.954 17.097  221.6    0.124 1166      0.214  343.1    0.074
OGLE-LMC-LPV-04704  13.931 17.337  216.2    0.175 1093      0.166  123.15   0.091
OGLE-LMC-LPV-04707  14.632 16.274   65.47   0.021   68.90   0.020   43.262  0.018
OGLE-LMC-LPV-04710  14.080 17.237  412.9    0.427 1316      0.152  263.4    0.072
OGLE-LMC-LPV-04714  15.024 16.324   61.30   0.075  278.3    0.075  479.8    0.058
OGLE-LMC-LPV-04721  14.244 17.937  123.56   0.127 1105      0.207  136.41   0.100
OGLE-LMC-LPV-04732  14.117 17.044  102.48   0.113 1344      0.143  167.73   0.104
OGLE-LMC-LPV-04751  14.299 16.745  274.6    0.281  685.4    0.109  551.3    0.068
OGLE-LMC-LPV-04770  14.342 17.749  174.24   0.176 3968      0.140  106.68   0.115
OGLE-LMC-LPV-04786  15.184 16.648   27.100  0.030 2882      0.030   27.735  0.020
OGLE-LMC-LPV-04790  14.073 16.484  164.97   0.156  236.0    0.113 1534      0.089
OGLE-LMC-LPV-04793  14.440 16.654  115.92   0.056 3745      0.112  197.12   0.070
OGLE-LMC-LPV-04797  14.137 17.230   87.34   0.081 1093      0.172  433.1    0.102
OGLE-LMC-LPV-04800  14.821 16.977   53.62   0.058  473.9    0.079  103.99   0.065
OGLE-LMC-LPV-04805  14.060 16.961  113.52   0.129 1088      0.122  104.47   0.088
OGLE-LMC-LPV-04828  14.695 16.616   55.32   0.073   49.039  0.046   95.43   0.032
OGLE-LMC-LPV-04841  14.232 17.285 1100      0.458 1621      0.117  128.16   0.107
OGLE-LMC-LPV-04845  14.369 16.777   83.94   0.102   79.94   0.084  131.58   0.098
OGLE-LMC-LPV-04847  14.001 16.569 1082      0.257  137.12   0.111  403.1    0.083
OGLE-LMC-LPV-04861  13.944 17.425  592.4    0.453 3546      0.761  650.2    0.180
OGLE-LMC-LPV-04876  14.014 16.754  287.0    0.127 1161      0.202  254.0    0.111
OGLE-LMC-LPV-04881  14.545 17.827  316.8    0.268 1130      0.174 2445      0.144
OGLE-LMC-LPV-04883  14.509 16.788  131.41   0.087  142.51   0.074  117.36   0.050
OGLE-LMC-LPV-04897  14.230 16.907  102.29   0.051  938.1    0.214  410.3    0.115
OGLE-LMC-LPV-04899  14.482 16.771  192.21   0.376  234.7    0.145  111.30   0.109
OGLE-LMC-LPV-04913  14.129 16.729   87.65   0.054  702.7    0.078   76.17   0.047
OGLE-LMC-LPV-04919  14.126 16.746  131.77   0.074 1299      0.172  270.1    0.104
OGLE-LMC-LPV-04920  14.445 17.295  119.12   0.094  997.0    0.235  418.4    0.103
OGLE-LMC-LPV-04921  14.432 17.395  216.8    0.173 1506      0.169 1044      0.135
OGLE-LMC-LPV-04931  14.045 16.947  191.42   0.111 1145      0.184  268.5    0.081
OGLE-LMC-LPV-04933  13.648 16.093  175.32   0.076 1083      0.078  196.00   0.071
OGLE-LMC-LPV-04944  14.013 16.599  184.95   0.148 1818      0.432  728.9    0.187
OGLE-LMC-LPV-04948  15.042 18.644  108.89   0.153 1379      0.142  202.6    0.098
OGLE-LMC-LPV-04959  14.779 17.266  340.7    0.166  519.2    0.067   69.42   0.059
OGLE-LMC-LPV-04971  14.357 16.938   92.21   0.311 1236      0.160   95.86   0.097
OGLE-LMC-LPV-04972  13.989 16.842  153.05   0.168 2062      0.323  286.5    0.095
OGLE-LMC-LPV-04975  15.108 17.719  153.28   0.117 3817      1.484  713.3    0.345
OGLE-LMC-LPV-04976  14.316 17.129  272.8    0.278 1689      0.086  157.43   0.061
OGLE-LMC-LPV-04983  13.761 16.735  201.9    0.239 2421      0.176  375.2    0.079
OGLE-LMC-LPV-04988  14.573 17.084 1214      0.472 2463      0.071  127.24   0.046
OGLE-LMC-LPV-04994  13.946 17.427  241.4    0.126  405.4    0.226  551.6    0.135
OGLE-LMC-LPV-05000  15.156 16.758   47.754  0.034   50.72   0.028  106.00   0.026
OGLE-LMC-LPV-05001  15.770 17.552   32.809  0.042  470.6    0.051   48.487  0.042
OGLE-LMC-LPV-05009  14.500 17.588  173.61   0.111 1276      0.137  102.20   0.082
OGLE-LMC-LPV-05014  13.082 15.601  276.2    0.073  183.59   0.025  504.0    0.025
OGLE-LMC-LPV-05019  14.840 17.085   60.07   0.161  670.7    0.081  103.70   0.068
OGLE-LMC-LPV-05022  13.896 16.623  150.94   0.084 1229      0.107  202.6    0.055
OGLE-LMC-LPV-05040  14.737 17.542  559.0    0.168  119.33   0.097   77.08   0.080
OGLE-LMC-LPV-05046  14.012 16.681  209.0    0.476  226.9    0.183  108.74   0.150
OGLE-LMC-LPV-05051  13.965 16.837  103.05   0.049  729.4    0.080 2770      0.041
OGLE-LMC-LPV-05059  14.755 16.917   56.56   0.029  314.4    0.067  274.3    0.035
OGLE-LMC-LPV-05068  14.216 16.725   90.59   0.101  145.73   0.094 3876      0.056
OGLE-LMC-LPV-05073  14.494 18.118  105.03   0.078  794.9    0.148  167.81   0.066
OGLE-LMC-LPV-05078  13.886 16.751  317.0    0.140  709.7    0.077 1486      0.063
OGLE-LMC-LPV-05083  14.646 17.170   80.35   0.088  128.87   0.082  509.2    0.071
OGLE-LMC-LPV-05089  13.861 17.529  283.7    0.422  998.0    0.108  116.95   0.095
OGLE-LMC-LPV-05098  14.105 16.627  166.21   0.184  177.84   0.070  954.2    0.065
OGLE-LMC-LPV-05117  13.403 15.908  204.2    0.206 1842      0.154  340.9    0.099
OGLE-LMC-LPV-05125  15.171 17.121   86.69   0.553  166.94   0.219  180.77   0.181
OGLE-LMC-LPV-05137  14.653 17.432  303.7    0.757  407.5    0.159  277.9    0.129
OGLE-LMC-LPV-05142  15.092 17.802  261.0    0.429  487.6    0.144  794.3    0.097
OGLE-LMC-LPV-05156  14.218 16.362  157.98   0.770  330.8    0.387  418.9    0.212
OGLE-LMC-LPV-05161  15.477 18.007   63.46   0.059  224.4    0.092  302.6    0.068
OGLE-LMC-LPV-05167  14.432 17.042  172.23   0.167   93.77   0.088  189.14   0.087
OGLE-LMC-LPV-05173  14.039 17.280  113.51   0.091  583.1    0.119  136.04   0.059
OGLE-LMC-LPV-05186  14.520 16.839  509.1    0.156   72.70   0.066  121.30   0.066
OGLE-LMC-LPV-05196  14.165 16.571 1005      0.515 1441      0.082 3650      0.057
OGLE-LMC-LPV-05201  14.278 16.039  115.25   0.280  132.33   0.048  105.60   0.043
OGLE-LMC-LPV-05206  13.358 16.232  483.6    0.502  266.0    0.229 3145      0.146
OGLE-LMC-LPV-05217  14.123 17.494  113.21   0.134  117.69   0.069  509.2    0.044
OGLE-LMC-LPV-05220  14.068 17.466  126.95   0.123  219.7    0.116 1209      0.088
OGLE-LMC-LPV-05229  14.644 17.500  155.69   0.092 3571      0.445  292.0    0.093
OGLE-LMC-LPV-05232  14.184 16.379  105.81   0.145 1221      0.121  112.22   0.084
OGLE-LMC-LPV-05238  13.967 17.240  444.6    0.417  651.5    0.141  205.1    0.067
OGLE-LMC-LPV-05262  13.929 16.764  163.61   0.099 3401      0.229  308.5    0.060
OGLE-LMC-LPV-05266  14.370 17.062  129.84   0.073  594.5    0.120  508.1    0.083
OGLE-LMC-LPV-05267  14.124 16.636  305.7    0.161  279.5    0.062 4367      0.057
OGLE-LMC-LPV-05276  14.274 16.574   90.18   0.099  175.78   0.067  544.4    0.057
OGLE-LMC-LPV-05281  14.215 17.816  111.67   0.172  593.1    0.176  876.4    0.095
OGLE-LMC-LPV-05286  14.363 16.778   84.05   0.055  453.1    0.078 1319      0.059
OGLE-LMC-LPV-05290  13.976 17.071  117.01   0.236  613.9    0.138  124.75   0.121
OGLE-LMC-LPV-05291  14.176 16.897  130.74   0.091 1074      0.104  212.9    0.061
OGLE-LMC-LPV-05293  14.223 16.916  217.4    0.130  196.27   0.155  572.7    0.107
OGLE-LMC-LPV-05301  14.909 16.428   67.15   0.037   71.27   0.029   40.616  0.025
OGLE-LMC-LPV-05304  13.936 16.412   91.58   0.170 1171      0.129  160.69   0.110
OGLE-LMC-LPV-05306  13.369 16.142  456.3    0.246  298.5    0.190  905.8    0.070
OGLE-LMC-LPV-05308  13.956 17.010  162.07   0.090  561.5    0.157  177.84   0.111
OGLE-LMC-LPV-05312  13.822 16.613  386.0    0.567 1274      0.232  180.83   0.097
OGLE-LMC-LPV-05317  13.958 16.480  277.9    0.172  154.01   0.078 4219      0.063
OGLE-LMC-LPV-05328  14.105 16.953   94.94   0.073  529.7    0.059   99.31   0.055
OGLE-LMC-LPV-05332  14.194 17.503  202.2    0.157 2532      0.339  191.06   0.101
OGLE-LMC-LPV-05333  14.223 16.887   94.24   0.108  166.17   0.076  135.14   0.058
OGLE-LMC-LPV-05338  14.066 16.620  252.9    0.162  154.85   0.073  139.65   0.057
OGLE-LMC-LPV-05353  13.642 15.512  113.95   0.050  169.55   0.036  738.6    0.036
OGLE-LMC-LPV-05354  14.169 16.637   79.16   0.053 1767      0.152  722.0    0.094
OGLE-LMC-LPV-05372  14.108 16.650  122.24   0.137  110.20   0.081  210.5    0.061
OGLE-LMC-LPV-05383  14.165 17.869  125.32   0.305  218.6    0.115  242.7    0.083
OGLE-LMC-LPV-05386  14.510    -    111.87   0.207   59.01   0.077  119.06   0.057
OGLE-LMC-LPV-05388  14.219 16.991  144.55   0.134 3067      0.242  580.0    0.097
OGLE-LMC-LPV-05390  14.240 16.667  323.3    0.205  240.8    0.163  135.59   0.114
OGLE-LMC-LPV-05396  14.447 16.543  179.13   0.480  155.13   0.215  888.9    0.101
OGLE-LMC-LPV-05404  14.110 17.668  128.78   0.153  237.2    0.131  134.46   0.107
OGLE-LMC-LPV-05416  14.077 17.188  116.99   0.121 2451      0.236  181.03   0.096
OGLE-LMC-LPV-05421  15.018 17.908  289.8    0.208  154.94   0.099  187.51   0.048
OGLE-LMC-LPV-05424  14.003 16.410  104.56   0.065  494.1    0.052  100.15   0.036
OGLE-LMC-LPV-05433  14.898 16.893   81.37   0.051  437.3    0.053   75.44   0.038
OGLE-LMC-LPV-05434  12.080 15.248  252.5    0.443 2703      0.179  161.92   0.162
OGLE-LMC-LPV-05447  14.605 16.720   85.83   0.052  773.4    0.065 1733      0.054
OGLE-LMC-LPV-05451  14.856 17.229   98.00   0.090  976.6    0.241 1715      0.077
OGLE-LMC-LPV-05457  14.419 16.551   65.39   0.047  121.70   0.030  158.23   0.030
OGLE-LMC-LPV-05461  14.132 16.840  144.97   0.196 1082      0.132  123.61   0.062
OGLE-LMC-LPV-05463  14.320 16.348  162.51   0.178   86.14   0.131  149.79   0.096
OGLE-LMC-LPV-05485  14.677 17.802   99.97   0.117 2203      0.086  106.61   0.060
OGLE-LMC-LPV-05493  14.360 16.606  108.80   0.117 1233      0.159  188.82   0.057
OGLE-LMC-LPV-05499  14.667 16.470   51.04   0.067  327.3    0.074  207.6    0.029
OGLE-LMC-LPV-05502  14.538 17.428  319.3    0.365  175.50   0.148  415.8    0.148
OGLE-LMC-LPV-05508  14.250 17.566  403.1    0.351  547.6    0.134 1536      0.088
OGLE-LMC-LPV-05510  14.289 16.919  291.5    0.178  328.2    0.119  391.5    0.091
OGLE-LMC-LPV-05514  14.703 16.712  109.17   0.056  622.7    0.054   69.92   0.039
OGLE-LMC-LPV-05524  14.297 16.927  162.12   0.277   92.70   0.099   97.97   0.085
OGLE-LMC-LPV-05536  15.018 17.612   63.12   0.065  317.9    0.096  390.2    0.060
OGLE-LMC-LPV-05559  12.678 15.300  237.7    0.115  101.71   0.059   94.05   0.057
OGLE-LMC-LPV-05560  13.563 16.758  265.0    0.171  516.0    0.217 1805      0.172
OGLE-LMC-LPV-05562  13.751 16.622  334.8    0.191 1923      0.212  219.2    0.085
OGLE-LMC-LPV-05566  14.104 16.771  147.82   0.156 1767      0.159  138.72   0.051
OGLE-LMC-LPV-05570  12.895 16.079 1135      0.302  194.51   0.136  170.07   0.103
OGLE-LMC-LPV-05581  14.280 16.925 1060      0.329  771.6    0.109  455.4    0.118
OGLE-LMC-LPV-05591  14.365 17.704  180.77   0.174  211.4    0.133  949.7    0.108
OGLE-LMC-LPV-05594  14.087 17.682  439.1    0.395 2747      0.182  704.2    0.180
OGLE-LMC-LPV-05596  14.694 16.805  121.20   0.116   66.12   0.057  157.68   0.051
OGLE-LMC-LPV-05598  14.295 16.797  352.6    0.314  423.9    0.158 1267      0.149
OGLE-LMC-LPV-05605  14.545 17.163   81.06   0.174  778.8    0.111  143.68   0.056
OGLE-LMC-LPV-05613  14.797 16.974   55.87   0.040  217.8    0.056   74.02   0.029
OGLE-LMC-LPV-05619  14.440 17.158 1298      0.231 3759      0.111  127.53   0.088
OGLE-LMC-LPV-05629  14.339 17.993  128.46   0.146  238.0    0.121  492.9    0.113
OGLE-LMC-LPV-05647  14.279 16.961  222.9    0.548  309.6    0.153  116.06   0.133
OGLE-LMC-LPV-05660  14.557 16.518   49.929  0.059   84.36   0.039  945.2    0.028
OGLE-LMC-LPV-05662  14.269 17.282  230.1    0.391  130.98   0.134  217.0    0.093
OGLE-LMC-LPV-05666  14.676 16.940   70.69   0.099  124.50   0.080  131.72   0.065
OGLE-LMC-LPV-05667  14.199 17.468  112.71   0.126 1299      0.129  219.0    0.100
OGLE-LMC-LPV-05672  14.054 17.089  155.69   0.084  498.0    0.078  103.62   0.064
OGLE-LMC-LPV-05673  14.662 17.036  591.0    0.223  134.08   0.070  728.9    0.061
OGLE-LMC-LPV-05687  14.068    -    209.8    0.231  118.68   0.109    2.0804 0.059
OGLE-LMC-LPV-05689  15.245 18.276   73.67   0.125  583.8    0.076   80.99   0.060
OGLE-LMC-LPV-05690  13.951 16.953  185.43   0.179 1672      0.223  324.0    0.093
OGLE-LMC-LPV-05701  14.574 17.384  271.9    0.302  745.7    0.142  300.8    0.103
OGLE-LMC-LPV-05709  14.175 16.381  152.38   0.556  146.20   0.080  164.18   0.051
OGLE-LMC-LPV-05715  14.065 16.799  212.6    0.246  199.92   0.110  165.29   0.105
OGLE-LMC-LPV-05717  15.042 18.582   96.98   0.075 4184      0.290  788.0    0.172
OGLE-LMC-LPV-05722  14.307 15.995  111.69   0.305  116.54   0.100   92.17   0.048
OGLE-LMC-LPV-05724  14.390 17.091 1030      0.575 3472      0.338  344.0    0.130
OGLE-LMC-LPV-05725  14.284 17.064  352.5    0.214  448.8    0.136  932.0    0.072
OGLE-LMC-LPV-05726  14.163 17.479  185.38   0.183  629.7    0.166 3861      0.117
OGLE-LMC-LPV-05732  14.510 16.573   65.08   0.167 1027      0.085   63.51   0.059
OGLE-LMC-LPV-05737  14.989 17.590  133.23   0.137  121.64   0.082   91.56   0.071
OGLE-LMC-LPV-05744  14.339 16.267  129.80   0.165  123.56   0.079  140.15   0.054
OGLE-LMC-LPV-05755  14.382 16.623   68.50   0.068  394.0    0.066  159.24   0.037
OGLE-LMC-LPV-05765  14.557 17.719  587.0    0.205   97.52   0.094  145.24   0.075
OGLE-LMC-LPV-05777  14.177 16.829  191.23   0.161 1013      0.106  133.67   0.065
OGLE-LMC-LPV-05780  14.035 16.703  129.45   0.074  878.7    0.111 1745      0.061
OGLE-LMC-LPV-05785  14.913 17.951  145.96   0.094 2933      0.159  775.8    0.091
OGLE-LMC-LPV-05790  15.211 16.453   40.851  0.322   40.370  0.120   41.437  0.108
OGLE-LMC-LPV-05798  14.642 16.778   58.85   0.038  286.0    0.067  247.2    0.062
OGLE-LMC-LPV-05799  14.276 17.360  106.32   0.327  191.06   0.165  231.4    0.104
OGLE-LMC-LPV-05809  14.881 17.150   58.96   0.101  109.16   0.092  102.52   0.071
OGLE-LMC-LPV-05831  14.699 16.745   82.84   0.050   49.111  0.046  232.6    0.031
OGLE-LMC-LPV-05835  14.756 16.472   46.004  0.047   68.09   0.032   43.264  0.027
OGLE-LMC-LPV-05842  14.387 16.757   75.71   0.056  136.18   0.066  121.80   0.064
OGLE-LMC-LPV-05847  14.055 17.062  186.88   0.148 2667      0.181  329.6    0.112
OGLE-LMC-LPV-05853  13.982 16.513  141.59   0.143  565.3    0.088  152.37   0.096
OGLE-LMC-LPV-05859  13.121 15.917  390.6    0.166 2500      0.098  236.5    0.085
OGLE-LMC-LPV-05882  14.016 17.231  214.4    0.283 2660      0.119  238.3    0.064
OGLE-LMC-LPV-05886  14.087 16.706  191.23   0.223  105.25   0.147  134.55   0.083
OGLE-LMC-LPV-05887  14.192 17.418  210.6    0.183  413.1    0.204  241.5    0.112
OGLE-LMC-LPV-05892  13.824 16.351  140.63   0.076 4405      0.468  711.2    0.080
OGLE-LMC-LPV-05893  13.386 15.984  199.08   0.166 2545      0.328  189.61   0.068
OGLE-LMC-LPV-05895  14.823 17.512   80.12   0.084 2008      0.442  410.0    0.109
OGLE-LMC-LPV-05909  14.091 17.401  106.24   0.110  830.6    0.208  239.4    0.111
OGLE-LMC-LPV-05911  14.287 17.196   98.66   0.107  334.1    0.125 1003      0.090
OGLE-LMC-LPV-05913  14.104 16.578   90.28   0.122 1502      0.114  156.08   0.086
OGLE-LMC-LPV-05917  12.707 15.765  461.5    0.482  195.66   0.203 1151      0.153
OGLE-LMC-LPV-05921  13.429 16.099  410.0    0.290 1656      0.328  350.8    0.068
OGLE-LMC-LPV-05935  14.156 17.500  327.7    0.247  195.81   0.112  937.2    0.077
OGLE-LMC-LPV-05936  15.080 17.046   79.31   0.047  531.3    0.036  440.5    0.030
OGLE-LMC-LPV-05943  14.458 16.691  197.52   0.220  218.2    0.134 2740      0.120
OGLE-LMC-LPV-05958  14.232 17.423  178.05   0.089 1238      0.266  302.5    0.111
OGLE-LMC-LPV-05965  14.665 16.826  119.25   0.063 1656      0.088 3509      0.059
OGLE-LMC-LPV-05988  14.013 16.689   79.87   0.075  250.3    0.081  380.8    0.057
OGLE-LMC-LPV-05995  14.270 16.957  312.0    0.224  162.13   0.095 3802      0.084
OGLE-LMC-LPV-05998  13.983 17.058  193.65   0.145 2725      0.196  165.40   0.096
OGLE-LMC-LPV-06016  17.385 20.358  182.18   0.117 2545      1.227  215.7    0.121
OGLE-LMC-LPV-06023  14.433 16.889  257.7    0.205  135.80   0.129  416.1    0.075
OGLE-LMC-LPV-06025  16.139 18.722  167.89   0.074 4115      0.884  113.87   0.135
OGLE-LMC-LPV-06026  14.358 16.698  117.83   0.076  425.9    0.152  702.7    0.077
OGLE-LMC-LPV-06027  14.196 17.020   99.22   0.085  424.4    0.075  316.0    0.061
OGLE-LMC-LPV-06039  14.787 16.799   56.53   0.026   54.98   0.029  578.4    0.028
OGLE-LMC-LPV-06044  14.274 17.045   97.09   0.172 1284      0.135  171.03   0.104
OGLE-LMC-LPV-06057  14.424 16.880  124.56   0.143  221.6    0.104 1245      0.057
OGLE-LMC-LPV-06058  14.725 16.546   53.89   0.035  602.8    0.059   80.21   0.030
OGLE-LMC-LPV-06067  14.576 16.316   90.18   0.187 4032      0.058   86.88   0.052
OGLE-LMC-LPV-06068  14.398 17.047  126.26   0.101 1661      0.204  240.5    0.079
OGLE-LMC-LPV-06072  14.396 16.851  144.01   0.044 1289      0.068  387.1    0.037
OGLE-LMC-LPV-06091  14.392 17.523  371.6    0.418  927.6    0.190  283.9    0.103
OGLE-LMC-LPV-06092  13.696 16.217  155.91   0.106 1055      0.194  250.6    0.080
OGLE-LMC-LPV-06094  13.898 16.227  128.88   0.028  682.1    0.104  502.3    0.057
OGLE-LMC-LPV-06105  14.889 17.056  146.13   0.142   83.62   0.118  593.5    0.103
OGLE-LMC-LPV-06109  14.637 17.249  114.57   0.067 2538      0.204  648.1    0.081
OGLE-LMC-LPV-06111  14.501 17.463  322.3    0.366  273.0    0.130  173.55   0.068
OGLE-LMC-LPV-06112  14.555 17.222  147.71   0.143 1002      0.147 1946      0.122
OGLE-LMC-LPV-06116  14.482 17.304  183.44   0.257  103.42   0.128   88.83   0.084
OGLE-LMC-LPV-06118  14.218 17.395  122.03   0.121  714.8    0.190 1631      0.160
OGLE-LMC-LPV-06129  14.032 16.907  164.10   0.234  250.9    0.091  175.25   0.082
OGLE-LMC-LPV-06130  14.117 17.146  117.76   0.212  221.4    0.204  245.0    0.093
OGLE-LMC-LPV-06135  12.305 13.630  284.3    0.088 4000      0.038  333.1    0.030
OGLE-LMC-LPV-06160  14.380 16.808  232.5    0.216  128.40   0.082  279.6    0.077
OGLE-LMC-LPV-06161  14.281 17.566  188.71   0.148 1330      0.461  320.7    0.111
OGLE-LMC-LPV-06169  14.595 16.720   83.31   0.071 1873      0.119  120.39   0.069
OGLE-LMC-LPV-06180  14.198 16.328  161.40   0.160   85.21   0.099  107.17   0.064
OGLE-LMC-LPV-06184  14.903 16.507   70.69   0.060   36.447  0.055  317.9    0.046
OGLE-LMC-LPV-06194  13.694 16.263  147.16   0.109  270.0    0.103  740.2    0.053
OGLE-LMC-LPV-06216  14.554 16.990   73.46   0.088  925.9    0.092  120.69   0.061
OGLE-LMC-LPV-06218  12.883    -    452.9    0.102  875.7    0.047  713.8    0.036
OGLE-LMC-LPV-06224  14.665 17.481  170.59   0.083 3891      0.113  124.46   0.059
OGLE-LMC-LPV-06226  13.878 16.789 1245      0.307  183.69   0.124  312.1    0.099
OGLE-LMC-LPV-06228  15.196 17.757  129.25   0.110  540.5    0.199  420.0    0.114
OGLE-LMC-LPV-06230  14.277 17.318  236.4    0.714  122.68   0.206  112.52   0.140
OGLE-LMC-LPV-06233  14.199 17.301  211.0    0.285  941.6    0.104  163.40   0.086
OGLE-LMC-LPV-06234  13.928 16.571  168.98   0.111 2551      0.152  158.03   0.104
OGLE-LMC-LPV-06236  14.175 16.537  131.51   0.045  843.9    0.113  482.9    0.074
OGLE-LMC-LPV-06259  13.862 17.070  112.04   0.089  641.8    0.132 1385      0.058
OGLE-LMC-LPV-06261  13.694 15.776   93.69   0.043  578.7    0.042   66.62   0.037
OGLE-LMC-LPV-06281  14.533 16.508  114.91   0.204  101.90   0.110  915.8    0.089
OGLE-LMC-LPV-06283  14.545 16.797   92.94   0.074   96.37   0.072 3584      0.058
OGLE-LMC-LPV-06284  14.755 16.821   59.84   0.112  759.9    0.095  105.36   0.067
OGLE-LMC-LPV-06286  14.258 17.478  213.0    0.105 1015      0.126  407.0    0.101
OGLE-LMC-LPV-06297  14.106 17.269  240.9    0.257  129.20   0.161  123.96   0.084
OGLE-LMC-LPV-06300  14.150 17.356  107.18   0.131  155.09   0.062   95.68   0.059
OGLE-LMC-LPV-06304  14.299 17.434  174.56   0.289 1397      0.167  350.3    0.105
OGLE-LMC-LPV-06311  14.390 16.719   98.38   0.039 4167      0.066  184.16   0.041
OGLE-LMC-LPV-06324  14.220 17.818  125.67   0.210 1484      0.153  225.6    0.136
OGLE-LMC-LPV-06328  15.105 17.308   84.06   0.064   54.28   0.057   86.33   0.046
OGLE-LMC-LPV-06330  14.473 17.979  195.57   0.240  206.9    0.123 1176      0.114
OGLE-LMC-LPV-06334  15.181 17.416  103.44   0.107  734.8    0.087   62.16   0.045
OGLE-LMC-LPV-06335  15.061 17.229   58.80   0.080   96.53   0.054   53.42   0.048
OGLE-LMC-LPV-06344  14.537 17.184  136.86   0.052 1499      0.316 2710      0.137
OGLE-LMC-LPV-06346  14.121 16.751  188.08   0.154  105.64   0.091  320.6    0.059
OGLE-LMC-LPV-06349  14.219 17.095   96.22   0.077  728.9    0.090  597.0    0.079
OGLE-LMC-LPV-06362  14.600 16.664   61.65   0.068  623.8    0.086   62.74   0.050
OGLE-LMC-LPV-06364  14.740 16.591   52.89   0.052  722.0    0.047   88.80   0.044
OGLE-LMC-LPV-06365  14.081 15.696  149.86   0.410  140.21   0.119 2092      0.088
OGLE-LMC-LPV-06367  14.391    -    161.01   0.372  171.64   0.248  106.50   0.099
OGLE-LMC-LPV-06379  14.058 16.855  152.91   0.140 1724      0.264  313.2    0.087
OGLE-LMC-LPV-06387  14.445 16.695  104.06   0.116 1073      0.069  191.06   0.061
OGLE-LMC-LPV-06388  14.585 17.816  121.48   0.182  192.34   0.063  137.68   0.055
OGLE-LMC-LPV-06399  14.092 16.618  295.4    0.251  179.08   0.082  780.0    0.047
OGLE-LMC-LPV-06402  13.925 17.387  147.41   0.196  291.7    0.234  153.21   0.164
OGLE-LMC-LPV-06406  14.326 17.169   99.50   0.085  105.10   0.071   90.29   0.053
OGLE-LMC-LPV-06419  15.366 17.879  186.52   0.555  101.09   0.156 3040      0.117
OGLE-LMC-LPV-06423  13.879 17.094  197.98   0.121 1916      0.212  402.3    0.119
OGLE-LMC-LPV-06425  14.901 17.303   66.51   0.138   68.25   0.083  920.0    0.071
OGLE-LMC-LPV-06426  14.135 16.918  140.02   0.126 1748      0.231 3876      0.061
OGLE-LMC-LPV-06431  14.510    -    107.12   0.069  550.7    0.060   37.968  0.040
OGLE-LMC-LPV-06459  14.558 16.124   71.03   0.049  295.9    0.040   58.25   0.029
OGLE-LMC-LPV-06463  14.538 17.438  255.6    0.141  221.5    0.123 1645      0.119
OGLE-LMC-LPV-06488  14.420 17.920  229.1    0.276  213.8    0.137  121.76   0.094
OGLE-LMC-LPV-06494  14.553 16.633   78.63   0.050  423.9    0.080  592.8    0.047
OGLE-LMC-LPV-06510  14.189 17.052  149.95   0.091  481.5    0.086  322.2    0.058
OGLE-LMC-LPV-06526  13.293 16.157  190.19   0.263  121.57   0.082  414.1    0.078
OGLE-LMC-LPV-06544  14.786 16.833  122.84   0.076  506.3    0.144   68.88   0.060
OGLE-LMC-LPV-06546  14.199 16.933  130.86   0.116 1241      0.246 2500      0.147
OGLE-LMC-LPV-06547  14.206 16.923   90.07   0.139  618.4    0.086  402.4    0.073
OGLE-LMC-LPV-06556  14.240 16.383  150.58   0.246   84.11   0.164  172.62   0.097
OGLE-LMC-LPV-06563  14.178 17.205  317.8    0.242 1078      0.078  120.74   0.061
OGLE-LMC-LPV-06574  14.410 17.122  152.09   0.263 1057      0.118  304.4    0.084
OGLE-LMC-LPV-06577  14.102 17.083  105.58   0.202 1284      0.153  177.40   0.101
OGLE-LMC-LPV-06579  14.828 17.337   66.12   0.210  791.8    0.166  113.86   0.104
OGLE-LMC-LPV-06581  14.227 16.477  269.7    0.795  129.74   0.113  396.5    0.090
OGLE-LMC-LPV-06583  14.175 17.141  170.94   0.194 2653      0.567  723.1    0.136
OGLE-LMC-LPV-06594  13.976 16.594  136.00   0.150 1433      0.155  145.31   0.061
OGLE-LMC-LPV-06595  14.156 17.624  171.79   0.076  753.6    0.260  439.4    0.136
OGLE-LMC-LPV-06610  13.988 16.478  139.53   0.071  648.1    0.130  104.60   0.064
OGLE-LMC-LPV-06636  14.168 17.174   93.88   0.118  523.6    0.118  683.5    0.088
OGLE-LMC-LPV-06661  13.944 16.417  125.11   0.071  935.5    0.096  717.4    0.054
OGLE-LMC-LPV-06662  14.358 16.770  148.45   0.234  138.64   0.098  131.67   0.073
OGLE-LMC-LPV-06670  14.489 17.133  236.8    0.199  762.2    0.521  636.1    0.194
OGLE-LMC-LPV-06671  14.351 16.242   81.63   0.052  567.5    0.063  133.60   0.043
OGLE-LMC-LPV-06678  14.112 17.567  238.5    0.270  470.1    0.262  294.2    0.121
OGLE-LMC-LPV-06689  14.004 16.360  126.72   0.091  590.7    0.070  211.0    0.051
OGLE-LMC-LPV-06690  14.762 17.584  192.42   0.174  235.1    0.120  755.9    0.076
OGLE-LMC-LPV-06706  13.907 16.640  171.20   0.120 3311      0.144  184.95   0.099
OGLE-LMC-LPV-06714  14.840 16.727   51.26   0.052  523.0    0.061   54.93   0.039
OGLE-LMC-LPV-06720  14.503 16.780   75.49   0.085 3846      0.097  168.92   0.050
OGLE-LMC-LPV-06721  14.263 16.485   82.34   0.058 1368      0.099  396.5    0.094
OGLE-LMC-LPV-06728  12.801 15.373  203.3    0.051 1621      0.067  125.33   0.051
OGLE-LMC-LPV-06731  14.258 16.536  219.9    0.307  122.93   0.167  242.7    0.133
OGLE-LMC-LPV-06741  14.259 16.723  168.77   0.442  218.0    0.127   94.56   0.105
OGLE-LMC-LPV-06745  14.334 16.948   87.37   0.049  878.7    0.074  149.52   0.048
OGLE-LMC-LPV-06755  14.008 17.149  189.20   0.180  335.0    0.111 1404      0.079
OGLE-LMC-LPV-06758  13.999 16.774  337.7    0.268  181.09   0.062  523.8    0.058
OGLE-LMC-LPV-06766  14.743 16.226   64.84   0.112   74.55   0.087   61.38   0.084
OGLE-LMC-LPV-06783  14.654 16.823   59.76   0.073  481.9    0.050   96.36   0.047
OGLE-LMC-LPV-06784  14.131 17.334  335.5    0.190  442.7    0.207  289.7    0.122
OGLE-LMC-LPV-06786  14.307 17.640  110.97   0.228  189.86   0.132  118.19   0.141
OGLE-LMC-LPV-06793  14.422 17.170  272.0    0.719 4065      0.176  130.58   0.126
OGLE-LMC-LPV-06813  14.852 16.652   88.80   0.287  132.45   0.127   93.45   0.093
OGLE-LMC-LPV-06816  15.289 17.044   39.076  0.041  142.73   0.035   38.398  0.028
OGLE-LMC-LPV-06831  14.135 16.521  115.07   0.051  605.7    0.070 3802      0.059
OGLE-LMC-LPV-06835  14.672 16.505   50.78   0.031  425.4    0.037   88.63   0.027
OGLE-LMC-LPV-06838  14.291 17.950  202.1    0.108 1114      0.166  118.34   0.087
OGLE-LMC-LPV-06843  15.067 17.734   67.51   0.170  733.7    0.148  112.07   0.081
OGLE-LMC-LPV-06850  14.485 17.609  134.44   0.087  736.9    0.094  222.1    0.068
OGLE-LMC-LPV-06855  14.057 17.090  110.72   0.297  197.47   0.159  184.67   0.091
OGLE-LMC-LPV-06871  14.601 17.383  243.4    0.220  218.1    0.112  269.9    0.092
OGLE-LMC-LPV-06877  14.032 16.663  152.44   0.071 1773      0.130  285.2    0.089
OGLE-LMC-LPV-06878  14.305 17.158 1220      0.382  157.58   0.156 3802      0.157
OGLE-LMC-LPV-06889  13.948 16.358  156.88   0.139  252.5    0.113  140.73   0.081
OGLE-LMC-LPV-06895  14.057 16.743  152.70   0.153 1969      0.191  158.83   0.116
OGLE-LMC-LPV-06898  14.582 16.824   69.39   0.062  548.5    0.061  140.57   0.046
OGLE-LMC-LPV-06899  14.097 17.030  184.81   0.169 1348      0.117  389.1    0.081
OGLE-LMC-LPV-06903  14.162 17.294  103.02   0.099  511.2    0.194  184.77   0.060
OGLE-LMC-LPV-06910  14.271 16.481  156.86   0.209   83.86   0.135   97.72   0.065
OGLE-LMC-LPV-06920  14.134 18.109  287.3    0.252  151.61   0.213  253.5    0.123
OGLE-LMC-LPV-06921  14.705 17.741  174.46   0.152 1835      0.270  490.4    0.102
OGLE-LMC-LPV-06932  13.148 15.966  481.2    0.198 2825      0.278  562.1    0.134
OGLE-LMC-LPV-06938  14.071 17.411  105.94   0.069  174.19   0.075  628.1    0.074
OGLE-LMC-LPV-06942  13.976 17.419  122.71   0.116  129.75   0.096  751.3    0.056
OGLE-LMC-LPV-06958  14.148 16.676  104.64   0.073  894.5    0.136  519.5    0.098
OGLE-LMC-LPV-06977  14.908 16.983  112.37   0.137  107.40   0.073   59.23   0.073
OGLE-LMC-LPV-06982  14.623 18.261  467.8    0.700  888.1    0.158  121.64   0.107
OGLE-LMC-LPV-06988  14.478 17.329  314.6    0.223  346.5    0.186  421.8    0.090
OGLE-LMC-LPV-06997  14.219 17.324  396.4    0.511 1312      0.185  559.0    0.089
OGLE-LMC-LPV-07000  14.139 16.773  178.28   0.073 1326      0.247  315.4    0.102
OGLE-LMC-LPV-07002  14.581 18.301   95.33   0.070 3534      0.417  767.5    0.277
OGLE-LMC-LPV-07015  14.570 17.196  141.23   0.146  788.0    0.108   80.78   0.057
OGLE-LMC-LPV-07035  15.431 17.673   85.46   0.243   47.771  0.092   91.32   0.088
OGLE-LMC-LPV-07058  14.323 17.009  141.64   0.126 1304      0.157  384.9    0.099
OGLE-LMC-LPV-07059  14.605 17.807  167.02   0.309  186.60   0.121   89.84   0.113
OGLE-LMC-LPV-07060  14.736 16.748   56.47   0.049  178.06   0.031  725.7    0.031
OGLE-LMC-LPV-07062  14.165 16.855  139.43   0.143 1562      0.310  266.5    0.146
OGLE-LMC-LPV-07072  14.158 16.490  130.51   0.085  575.4    0.063   84.60   0.053
OGLE-LMC-LPV-07076  14.153 17.013   93.59   0.130  606.1    0.175  450.2    0.125
OGLE-LMC-LPV-07083  14.855 18.558  113.24   0.250  107.55   0.141  198.22   0.114
OGLE-LMC-LPV-07096  14.186 16.690  168.95   0.102  913.2    0.181 3968      0.080
OGLE-LMC-LPV-07101  12.984 15.461  152.95   0.096  139.18   0.050  424.1    0.039
OGLE-LMC-LPV-07108  14.063 16.910  167.14   0.074 1538      0.085  202.6    0.055
OGLE-LMC-LPV-07109  12.287 15.472  561.8    0.309  479.6    0.149 3953      0.091
OGLE-LMC-LPV-07110  13.785 16.471  105.15   0.060 2625      0.313  167.90   0.059
OGLE-LMC-LPV-07122  14.452 16.816  124.17   0.218  226.5    0.238  532.2    0.121
OGLE-LMC-LPV-07143  13.952 16.508  281.0    0.131  159.72   0.080 1805      0.083
OGLE-LMC-LPV-07144  14.416 16.994  162.24   0.226  153.37   0.105   85.32   0.089
OGLE-LMC-LPV-07190  14.218 17.141  105.76   0.118  179.40   0.097 1242      0.096
OGLE-LMC-LPV-07200  14.622 16.784   67.67   0.113  126.15   0.095   88.41   0.067
OGLE-LMC-LPV-07222  14.661 17.951   96.24   0.097 1111      0.179 2747      0.098
OGLE-LMC-LPV-07228  14.137 17.493  174.52   0.189  745.7    0.183  619.2    0.111
OGLE-LMC-LPV-07242  14.361 16.619  188.25   0.085 1166      0.084  112.15   0.051
OGLE-LMC-LPV-07243  13.928 17.040  207.4    0.162  224.8    0.122 4274      0.102
OGLE-LMC-LPV-07246  14.677 17.492   73.81   0.102  711.2    0.122  917.4    0.048
OGLE-LMC-LPV-07251  14.274 17.089  327.9    0.289  155.42   0.129 2513      0.092
OGLE-LMC-LPV-07265  12.201 14.111  200.8    0.185 1529      0.124  125.23   0.074
OGLE-LMC-LPV-07266  14.278 17.424  356.5    0.459  307.6    0.107  191.46   0.075
OGLE-LMC-LPV-07276  13.794 16.238 1199      0.309  873.4    0.064  138.48   0.057
OGLE-LMC-LPV-07293  15.038 16.725   58.82   0.038  228.2    0.033   39.093  0.028
OGLE-LMC-LPV-07295  14.382 16.802   82.82   0.261  135.76   0.127  993.0    0.102
OGLE-LMC-LPV-07307  14.656 16.647   56.06   0.053   95.81   0.053  407.2    0.049
OGLE-LMC-LPV-07310  14.281 17.204   90.80   0.098  653.2    0.150  137.84   0.098
OGLE-LMC-LPV-07314  13.806 16.252 1271      0.348  134.19   0.062  128.87   0.042
OGLE-LMC-LPV-07315  14.100 16.808  274.9    0.209  171.26   0.137 1802      0.106
OGLE-LMC-LPV-07332  15.391 17.426   88.52   0.343   47.041  0.063   78.24   0.060
OGLE-LMC-LPV-07334  14.561 16.326   51.50   0.035   49.915  0.030   75.95   0.029
OGLE-LMC-LPV-07335  14.858 18.037  119.08   0.092  749.6    0.225  167.84   0.102
OGLE-LMC-LPV-07338  14.162 16.308  160.12   0.533 3984      0.136  171.44   0.121
OGLE-LMC-LPV-07345  14.251 16.475  196.16   0.631  185.77   0.265 3906      0.205
OGLE-LMC-LPV-07347  13.039 15.379  207.7    0.094 3049      0.070  765.1    0.051
OGLE-LMC-LPV-07348  13.595 15.817  150.43   0.208 1117      0.170  103.47   0.059
OGLE-LMC-LPV-07355  14.035 16.562  154.06   0.071  426.4    0.079  613.1    0.058
OGLE-LMC-LPV-07356  14.451    -    171.91   0.654  138.91   0.174  150.17   0.154
OGLE-LMC-LPV-07367  13.919 16.183  107.96   0.072  169.75   0.061 1374      0.052
OGLE-LMC-LPV-07370  14.270 17.211  160.75   0.216 1374      0.236  957.9    0.056
OGLE-LMC-LPV-07380  14.256 17.517  198.85   0.133  769.8    0.096  109.71   0.089
OGLE-LMC-LPV-07393  13.994 16.571  308.3    0.212 1067      0.103  401.6    0.058
OGLE-LMC-LPV-07404  14.226 17.310  344.9    0.405  190.40   0.135  262.5    0.112
OGLE-LMC-LPV-07408  14.060 16.620  177.71   0.114 1344      0.162  123.00   0.069
OGLE-LMC-LPV-07413  14.352 16.593   74.61   0.122  913.2    0.125  129.89   0.093
OGLE-LMC-LPV-07415  14.299 16.840   96.07   0.048 3484      0.131  739.1    0.063
OGLE-LMC-LPV-07426  14.810 16.662   50.81   0.042 4065      0.121  250.5    0.044
OGLE-LMC-LPV-07463  14.171 17.228  349.4    0.306  306.1    0.138  761.6    0.122
OGLE-LMC-LPV-07466  13.986 17.020  189.32   0.207 1239      0.216  325.5    0.137
OGLE-LMC-LPV-07475  14.345 16.887   90.29   0.047  579.7    0.052  250.5    0.043
OGLE-LMC-LPV-07482  14.603 17.044  106.16   0.063 2299      0.226  632.5    0.088
OGLE-LMC-LPV-07486  14.132 17.817  224.0    0.308  125.91   0.258  872.6    0.198
OGLE-LMC-LPV-07491  14.337 16.286   72.32   0.135   69.74   0.091  143.49   0.077
OGLE-LMC-LPV-07494  14.652 16.362   43.269  0.062   37.952  0.032  357.4    0.029
OGLE-LMC-LPV-07498  13.997 17.300  214.4    0.076 2315      0.217  377.4    0.087
OGLE-LMC-LPV-07499  13.941 16.643  143.97   0.158 1221      0.195  154.99   0.091
OGLE-LMC-LPV-07505  14.227 16.632  156.23   0.171  254.6    0.115 2500      0.093
OGLE-LMC-LPV-07508  14.832 16.539   43.368  0.125   76.49   0.065   39.449  0.053
OGLE-LMC-LPV-07519  15.665 17.330   45.382  0.028   50.98   0.026  208.9    0.020
OGLE-LMC-LPV-07551  13.989 16.758  280.1    0.141 3472      0.122  176.65   0.064
OGLE-LMC-LPV-07554  13.644 16.812  248.7    0.363 4149      0.312  506.3    0.082
OGLE-LMC-LPV-07570  14.040 16.692  171.76   0.223  334.1    0.201  174.64   0.130
OGLE-LMC-LPV-07573  14.583 17.768  288.4    0.155 3802      0.202  176.58   0.078
OGLE-LMC-LPV-07577  14.249 16.959   92.90   0.073 1953      0.265  191.09   0.109
OGLE-LMC-LPV-07578  13.734 16.100  127.80   0.061 1130      0.126 3322      0.057
OGLE-LMC-LPV-07585  13.731 16.252  141.72   0.052  612.0    0.059  249.6    0.050
OGLE-LMC-LPV-07586  14.226 17.608  416.9    0.338  186.15   0.129  321.2    0.089
OGLE-LMC-LPV-07588  13.801 16.313 1185      0.249 4367      0.078  149.54   0.054
OGLE-LMC-LPV-07595  14.060 16.627  105.04   0.169  183.92   0.127  208.1    0.078
OGLE-LMC-LPV-07601  14.576 17.921  163.69   0.179 2985      0.299  278.4    0.100
OGLE-LMC-LPV-07608  13.410 16.102  219.4    0.179 1764      0.251  395.7    0.119
OGLE-LMC-LPV-07619  13.819 16.600  157.75   0.105 1751      0.127  315.8    0.067
OGLE-LMC-LPV-07623  14.101 16.888   96.96   0.067  590.3    0.092   93.10   0.059
OGLE-LMC-LPV-07647  14.659 16.720   63.07   0.113  118.69   0.089  819.7    0.084
OGLE-LMC-LPV-07657  13.805 16.602  175.93   0.103 2294      0.153  185.56   0.065
OGLE-LMC-LPV-07658  14.382 17.524  723.6    0.493 3968      0.100   84.50   0.079
OGLE-LMC-LPV-07677  14.245 16.805  101.21   0.062 4115      0.088  203.5    0.063
OGLE-LMC-LPV-07679  14.561 16.935  128.85   0.092 1151      0.139  439.0    0.069
OGLE-LMC-LPV-07681  14.895 17.734  263.9    0.243  230.8    0.122  749.1    0.086
OGLE-LMC-LPV-07704  13.331 16.355  476.1    0.321 2445      0.119  173.70   0.077
OGLE-LMC-LPV-07713  15.077 18.293  779.4    0.611 4386      0.525  377.6    0.294
OGLE-LMC-LPV-07717  14.381 17.079   86.48   0.070  431.4    0.088  255.2    0.059
OGLE-LMC-LPV-07725  11.905 14.029  395.4    0.302  338.6    0.124  523.0    0.110
OGLE-LMC-LPV-07727  14.566 17.067  110.82   0.098 1271      0.227  180.18   0.071
OGLE-LMC-LPV-07742  13.717 16.285  149.97   0.060 1506      0.148  191.17   0.060
OGLE-LMC-LPV-07743  14.805 18.419  219.6    0.384  114.53   0.256  248.0    0.129
OGLE-LMC-LPV-07751  14.431 16.941  119.47   0.092 1745      0.152  114.89   0.084
OGLE-LMC-LPV-07761  14.131 16.546  183.88   0.530  243.2    0.177 1894      0.140
OGLE-LMC-LPV-07762  13.983 17.098  198.14   0.229  378.6    0.214 1855      0.193
OGLE-LMC-LPV-07763  14.312 17.758  186.57   0.190 1965      0.508  351.9    0.148
OGLE-LMC-LPV-07770  15.658 18.344   91.38   0.221  405.4    0.156   49.677  0.129
OGLE-LMC-LPV-07779  14.116 17.220  202.4    0.099  992.1    0.128 1883      0.104
OGLE-LMC-LPV-07783  13.967 16.445  142.19   0.123  295.3    0.094 1277      0.066
OGLE-LMC-LPV-07786  14.471 17.388 1024      0.546  145.33   0.148  139.20   0.090
OGLE-LMC-LPV-07811  14.198 16.986  233.2    0.151 1502      0.098  401.8    0.095
OGLE-LMC-LPV-07815  14.367 16.312  114.17   0.529  244.5    0.170  433.8    0.163
OGLE-LMC-LPV-07817  14.222 17.475  104.14   0.186  572.4    0.111  115.10   0.105
OGLE-LMC-LPV-07818  14.268 17.597  191.10   0.224  406.3    0.091  147.93   0.070
OGLE-LMC-LPV-07823  14.167 17.236  112.55   0.144  108.40   0.114  202.5    0.111
OGLE-LMC-LPV-07829  12.541 15.091  220.6    0.303  378.5    0.099  329.8    0.080
OGLE-LMC-LPV-07830  14.157 17.756  110.64   0.115  882.6    0.100  181.49   0.091
OGLE-LMC-LPV-07833  13.929 16.210  138.37   0.197  271.1    0.094  126.73   0.048
OGLE-LMC-LPV-07846  13.733 16.727  181.98   0.160 2375      0.214  212.0    0.084
OGLE-LMC-LPV-07885  14.525 16.573   64.55   0.061  100.13   0.049   73.06   0.041
OGLE-LMC-LPV-07898  14.300 16.817  195.60   0.417  185.98   0.159 3322      0.135
OGLE-LMC-LPV-07904  14.366 16.690   74.83   0.054  194.74   0.062 1610      0.058
OGLE-LMC-LPV-07906  15.271 17.975  124.61   0.110 1031      0.081  118.82   0.067
OGLE-LMC-LPV-07917  14.335 17.178  241.5    0.226   97.86   0.084 2304      0.070
OGLE-LMC-LPV-07918  13.894 16.566  269.0    0.166  964.3    0.099 1441      0.075
OGLE-LMC-LPV-07923  14.338 17.889  139.88   0.099 1471      0.147  396.0    0.095
OGLE-LMC-LPV-07924  14.897 16.725   79.01   0.064  778.8    0.045   59.04   0.033
OGLE-LMC-LPV-07938  13.774 16.805  219.4    0.310 2500      0.378  428.1    0.103
OGLE-LMC-LPV-07954  15.013 17.596  121.54   0.065 2667      0.932  747.4    0.094
OGLE-LMC-LPV-07968  14.071 17.382  413.2    0.326  707.7    0.194  982.3    0.113
OGLE-LMC-LPV-07974  14.346 16.173  121.41   0.135   64.62   0.072  132.70   0.045
OGLE-LMC-LPV-07981  15.424 18.361  196.27   0.145 2801      0.270  657.0    0.073
OGLE-LMC-LPV-07985  13.982 16.561  151.65   0.175 2865      0.110  165.59   0.083
OGLE-LMC-LPV-07986  14.193 16.189  167.11   0.625  175.99   0.099  231.1    0.095
OGLE-LMC-LPV-08015  14.451 17.136  112.04   0.110  882.6    0.159  318.3    0.079
OGLE-LMC-LPV-08024  14.535 16.515   61.58   0.134  107.15   0.111  103.92   0.103
OGLE-LMC-LPV-08032  14.208 16.453  155.81   0.229  730.5    0.233   79.74   0.103
OGLE-LMC-LPV-08037  13.546 15.794  103.39   0.096  818.3    0.092  166.22   0.039
OGLE-LMC-LPV-08040  14.154 17.497  105.85   0.171 2667      0.106  114.36   0.103
OGLE-LMC-LPV-08044  13.926 17.314  452.9    0.269 1342      0.179  214.2    0.117
OGLE-LMC-LPV-08052  14.007 17.729  144.37   0.380 2020      0.178  218.7    0.110
OGLE-LMC-LPV-08059  14.489 17.026   87.21   0.070  862.1    0.104  506.3    0.090
OGLE-LMC-LPV-08083  14.236 16.395  156.08   0.206   82.73   0.133  146.80   0.082
OGLE-LMC-LPV-08084  14.008 16.665  148.92   0.133 1364      0.296  321.4    0.082
OGLE-LMC-LPV-08085  13.907 16.417  126.77   0.082  646.4    0.113 2857      0.057
OGLE-LMC-LPV-08107  14.456 16.718   74.69   0.081  649.8    0.093  149.75   0.039
OGLE-LMC-LPV-08114  14.131 17.290  328.0    0.190  735.3    0.227 1650      0.198
OGLE-LMC-LPV-08116  14.319 17.902  168.12   0.173  599.5    0.176   96.29   0.047
OGLE-LMC-LPV-08127  13.731 16.513  180.18   0.132 1613      0.230  201.3    0.147
OGLE-LMC-LPV-08129  14.843 16.428   75.91   0.296   73.68   0.094   64.94   0.066
OGLE-LMC-LPV-08136  14.690 17.023   56.95   0.067   88.95   0.042  742.9    0.038
OGLE-LMC-LPV-08153  15.202 16.951   55.38   0.029   63.06   0.027 2049      0.020
OGLE-LMC-LPV-08156  14.618 16.631  129.08   0.117  741.8    0.080  115.04   0.075
OGLE-LMC-LPV-08168  15.012 17.199   54.52   0.067  386.0    0.054  437.8    0.038
OGLE-LMC-LPV-08178  14.030 17.921  147.00   0.211  138.06   0.104  256.5    0.084
OGLE-LMC-LPV-08182  14.611 17.102  100.94   0.044  822.4    0.066  104.07   0.053
OGLE-LMC-LPV-08189  14.726 18.248  136.80   0.216  246.2    0.142  204.4    0.101
OGLE-LMC-LPV-08192  14.150 17.296  165.92   0.189 1550      0.241  332.2    0.155
OGLE-LMC-LPV-08199  14.041 16.735  140.49   0.086  520.3    0.104  428.8    0.095
OGLE-LMC-LPV-08203  14.380 17.031   89.16   0.215  156.18   0.115 1285      0.095
OGLE-LMC-LPV-08204  14.633 17.230  189.61   0.083  561.5    0.117  480.5    0.057
OGLE-LMC-LPV-08209  15.299 17.194   89.70   0.188   79.24   0.080   86.48   0.049
OGLE-LMC-LPV-08211  13.811 16.206 1160      0.196  127.93   0.055  121.54   0.043
OGLE-LMC-LPV-08219  14.156 17.317  106.44   0.124  186.60   0.086  255.2    0.076
OGLE-LMC-LPV-08222  14.336 17.012  116.05   0.076 1255      0.108  109.30   0.058
OGLE-LMC-LPV-08227  14.477 17.193  827.8    0.764  462.7    0.232  112.74   0.149
OGLE-LMC-LPV-08229  13.936 16.418  158.53   0.166 1429      0.073  139.63   0.061
OGLE-LMC-LPV-08234  15.942 17.668   46.104  0.048   43.133  0.044  243.8    0.031
OGLE-LMC-LPV-08240  14.094 17.752  130.23   0.526  235.1    0.196  122.43   0.172
OGLE-LMC-LPV-08244  13.931 16.831  169.49   0.103  877.2    0.184 3484      0.118
OGLE-LMC-LPV-08262  15.296 17.435   53.93   0.185   89.92   0.063   97.60   0.056
OGLE-LMC-LPV-08276  14.132 17.010  197.32   0.285  108.86   0.135  222.7    0.110
OGLE-LMC-LPV-08284  14.324 17.473  100.59   0.116  574.4    0.088 2463      0.064
OGLE-LMC-LPV-08295  14.260 17.090  100.01   0.240  178.73   0.128  154.42   0.101
OGLE-LMC-LPV-08296  15.267 16.965   47.621  0.033  283.7    0.027  221.5    0.023
OGLE-LMC-LPV-08298  14.193 17.332  223.9    0.475  120.76   0.194  128.53   0.095
OGLE-LMC-LPV-08305  14.849 17.696  194.36   0.183 2488      1.252  348.3    0.237
OGLE-LMC-LPV-08306  14.108 17.114  119.21   0.191  223.5    0.177  212.1    0.123
OGLE-LMC-LPV-08308  14.427 16.968  187.53   0.582  199.80   0.332 3484      0.283
OGLE-LMC-LPV-08332  14.881 17.071  102.48   0.056  778.2    0.077  299.1    0.042
OGLE-LMC-LPV-08336  14.246 17.708  281.2    0.396  148.37   0.214 4608      0.095
OGLE-LMC-LPV-08356  14.201 16.768  842.5    0.356  626.2    0.198  139.22   0.103
OGLE-LMC-LPV-08360  14.497 17.212   79.63   0.046 2653      0.112  181.23   0.055
OGLE-LMC-LPV-08363  14.950 16.638   43.130  0.088   74.13   0.056   77.47   0.048
OGLE-LMC-LPV-08375  14.059 17.336  108.74   0.049  751.3    0.186  450.2    0.103
OGLE-LMC-LPV-08384  13.764 16.453  194.44   0.112 1171      0.152 2217      0.071
OGLE-LMC-LPV-08387  14.016 17.022  385.8    0.276  292.7    0.084  563.1    0.072
OGLE-LMC-LPV-08389  14.934 18.029  141.86   0.114  983.3    0.129  433.3    0.081
OGLE-LMC-LPV-08391  14.158 16.892  190.28   0.123  106.42   0.061  101.73   0.057
OGLE-LMC-LPV-08401  14.055 16.775  100.81   0.069  628.9    0.096 4386      0.080
OGLE-LMC-LPV-08403  14.072 16.508  135.84   0.156  253.6    0.073  705.2    0.050
OGLE-LMC-LPV-08405  14.515 17.401  316.0    0.196  247.3    0.134  587.2    0.098
OGLE-LMC-LPV-08412  14.332 17.527  121.07   0.338  223.3    0.266  264.0    0.160
OGLE-LMC-LPV-08415  14.371 17.880  101.74   0.112 1340      0.222  850.3    0.119
OGLE-LMC-LPV-08416  14.027 16.778  196.77   0.145 1239      0.138  335.6    0.077
OGLE-LMC-LPV-08418  13.677 16.574  203.7    0.203  218.1    0.198 3115      0.108
OGLE-LMC-LPV-08426  14.072 16.657  145.82   0.107  292.5    0.122  255.7    0.052
OGLE-LMC-LPV-08452  14.027 16.375  248.6    0.205  275.6    0.125  142.80   0.095
OGLE-LMC-LPV-08455  14.295 16.484  261.2    0.720  728.3    0.373 1832      0.289
OGLE-LMC-LPV-08459  14.359 16.771  147.95   0.083  734.2    0.139 1637      0.073
OGLE-LMC-LPV-08466  14.068 16.891  313.6    0.199 2227      0.214  170.30   0.128
OGLE-LMC-LPV-08472  14.495 16.194   98.20   0.074   53.93   0.048   55.32   0.044
OGLE-LMC-LPV-08477  14.091 17.364  166.89   0.094  146.89   0.069   86.61   0.049
OGLE-LMC-LPV-08510  14.533 16.422   89.50   0.050  507.4    0.040   51.58   0.037
OGLE-LMC-LPV-08512  14.610 16.962  161.02   0.528  170.27   0.118 2660      0.100
OGLE-LMC-LPV-08513  13.993 16.376  914.9    0.188  405.8    0.078  233.7    0.057
OGLE-LMC-LPV-08514  14.824    -     63.41   0.081  757.0    0.096  104.73   0.072
OGLE-LMC-LPV-08523  13.989 16.389  148.66   0.205  280.3    0.134  174.76   0.068
OGLE-LMC-LPV-08529  14.659 16.352   88.90   0.132  698.8    0.111   85.39   0.086
OGLE-LMC-LPV-08534  14.317 17.019  224.7    0.190  262.5    0.141 2083      0.114
OGLE-LMC-LPV-08539  14.176 16.671  139.10   0.104  458.5    0.088  747.4    0.054
OGLE-LMC-LPV-08550  14.503 16.896  279.7    0.280  155.26   0.072 1289      0.050
OGLE-LMC-LPV-08554  13.921 16.956  211.1    0.125 3623      0.191  254.8    0.115
OGLE-LMC-LPV-08557  14.301 17.234   95.31   0.093  482.2    0.143  101.40   0.068
OGLE-LMC-LPV-08563  13.966 16.651  254.3    0.118 1015      0.099  153.00   0.070
OGLE-LMC-LPV-08568  14.419 17.622  332.1    0.683  494.1    0.467  700.3    0.252
OGLE-LMC-LPV-08606  13.942 16.761  178.79   0.097 1282      0.128  276.9    0.051
OGLE-LMC-LPV-08613  14.267 17.197   99.44   0.127  102.82   0.100  166.09   0.087
OGLE-LMC-LPV-08616  13.779 16.205  135.85   0.119  745.7    0.106 1280      0.069
OGLE-LMC-LPV-08629  14.139 16.797  147.80   0.128 2101      0.180  169.23   0.057
OGLE-LMC-LPV-08630  14.161 16.587  132.67   0.058 1122      0.057  700.3    0.042
OGLE-LMC-LPV-08634  13.452 15.470  231.4    0.296 1178      0.225  124.21   0.095
OGLE-LMC-LPV-08658  14.157 17.364  101.25   0.074  539.4    0.158  721.5    0.078
OGLE-LMC-LPV-08665  14.063 16.622  126.80   0.273  118.58   0.074  224.9    0.044
OGLE-LMC-LPV-08672  14.271 17.373  171.10   0.222  399.4    0.143 1186      0.119
OGLE-LMC-LPV-08683  14.715 16.846   54.94   0.042  391.7    0.057  294.6    0.048
OGLE-LMC-LPV-08693  14.395 16.840   75.96   0.070  387.4    0.075  484.3    0.062
OGLE-LMC-LPV-08707  14.310 17.630  186.71   0.284 1567      0.203  268.5    0.107
OGLE-LMC-LPV-08723  13.942 16.434  213.3    0.101  892.9    0.073  235.2    0.071
OGLE-LMC-LPV-08725  14.015 16.430  253.0    0.141  142.27   0.068 2890      0.057
OGLE-LMC-LPV-08734  14.092 17.351  340.8    0.236  396.4    0.146  225.1    0.090
OGLE-LMC-LPV-08742  14.288 17.279  352.8    0.665  256.4    0.152  724.1    0.105
OGLE-LMC-LPV-08747  13.641 16.024 1037      0.214  150.20   0.083  451.3    0.056
OGLE-LMC-LPV-08752  14.262 16.823  227.5    0.135  251.3    0.103  335.2    0.094
OGLE-LMC-LPV-08758  13.576 15.560  104.33   0.068 3484      0.093  170.56   0.062
OGLE-LMC-LPV-08761  13.085 16.335  317.0    0.206  474.4    0.138  186.64   0.105
OGLE-LMC-LPV-08779  13.763 16.333  159.43   0.139  878.7    0.082  193.91   0.054
OGLE-LMC-LPV-08781  15.324 16.662   33.507  0.044   32.731  0.039   21.152  0.030
OGLE-LMC-LPV-08785  14.206 16.649  101.65   0.263  202.1    0.128  183.69   0.081
OGLE-LMC-LPV-08790  14.246 16.148  134.02   0.519  128.14   0.235  224.0    0.160
OGLE-LMC-LPV-08799  14.013 16.669  821.0    0.423  465.8    0.140 1112      0.087
OGLE-LMC-LPV-08802  13.918 16.815  110.94   0.180  512.3    0.096  104.37   0.076
OGLE-LMC-LPV-08820  14.223 17.268  165.59   0.123 3086      0.206  263.4    0.075
OGLE-LMC-LPV-08830  14.509 16.776   70.46   0.196  117.79   0.101  759.3    0.097
OGLE-LMC-LPV-08845  14.514 17.255   83.65   0.072  830.6    0.083  147.95   0.061
OGLE-LMC-LPV-08854  14.879 18.244  211.6    0.195 3584      1.138  794.3    0.270
OGLE-LMC-LPV-08877  14.855 16.937   55.07   0.063  277.4    0.069  257.1    0.033
OGLE-LMC-LPV-08902  13.973 16.423  892.1    0.210  540.2    0.079  129.02   0.063
OGLE-LMC-LPV-08905  13.940 16.413  198.75   0.085  393.4    0.116  244.4    0.057
OGLE-LMC-LPV-08913  15.048 17.769  150.55   0.703  219.7    0.241 3058      0.155
OGLE-LMC-LPV-08919  14.021 16.380  195.97   0.130  123.66   0.071 1520      0.054
OGLE-LMC-LPV-08929  14.139 16.513  148.13   0.217  279.6    0.199  400.2    0.063
OGLE-LMC-LPV-08942  14.106 16.583  132.98   0.119 1795      0.192  139.94   0.129
OGLE-LMC-LPV-08971  14.103 16.509  122.10   0.075  604.2    0.061   82.46   0.044
OGLE-LMC-LPV-08974  14.369 18.258  132.40   0.317  498.8    0.205  272.5    0.171
OGLE-LMC-LPV-08978  13.725 16.480  300.0    0.288  441.3    0.139  170.18   0.117
OGLE-LMC-LPV-08985  14.150 17.107  104.45   0.147  186.39   0.126 1473      0.080
OGLE-LMC-LPV-08989  13.394 15.988  418.1    0.397 1658      0.181 1087      0.116
OGLE-LMC-LPV-08993  13.985 16.292  118.80   0.102  214.2    0.087  714.3    0.060
OGLE-LMC-LPV-09005  13.955 16.684 1147      0.611 1779      0.153  239.4    0.123
OGLE-LMC-LPV-09017  14.618 16.804   83.63   0.042  230.8    0.060  182.68   0.034
OGLE-LMC-LPV-09019  13.953 16.730  151.86   0.119 1374      0.278  892.9    0.104
OGLE-LMC-LPV-09020  14.156 16.908  156.08   0.131 2793      0.121  182.38   0.094
OGLE-LMC-LPV-09038  14.170 17.471  131.64   0.370  260.7    0.287  136.46   0.092
OGLE-LMC-LPV-09040  14.961 16.684   51.32   0.051  338.5    0.035   50.46   0.035
OGLE-LMC-LPV-09046  13.996 16.547  212.9    0.133  775.8    0.213 1089      0.117
OGLE-LMC-LPV-09052  13.749 16.473  169.72   0.116  265.8    0.116 1770      0.092
OGLE-LMC-LPV-09073  13.947 17.304  111.91   0.118  612.7    0.115  117.86   0.072
OGLE-LMC-LPV-09079  14.152 17.760  461.4    0.475 4329      0.185  501.0    0.089
OGLE-LMC-LPV-09080  13.855 16.642  173.07   0.124 1637      0.169  270.5    0.101
OGLE-LMC-LPV-09082  14.990 18.326  463.4    0.475 4149      2.110  405.0    0.449
OGLE-LMC-LPV-09087  14.569 16.512   54.19   0.043  264.5    0.041 2865      0.038
OGLE-LMC-LPV-09091  14.747 17.058   83.49   0.070  406.0    0.122  352.7    0.111
OGLE-LMC-LPV-09110  14.614 16.462   89.86   0.033  485.9    0.046   52.86   0.029
OGLE-LMC-LPV-09114  14.422 16.820  109.43   0.218  892.1    0.239  194.59   0.105
OGLE-LMC-LPV-09124  14.417 16.956   82.87   0.111 1082      0.098  152.86   0.054
OGLE-LMC-LPV-09126  14.694 17.444   85.18   0.044  417.4    0.071  556.8    0.049
OGLE-LMC-LPV-09136  13.837 16.269  216.4    0.469  230.5    0.123   95.29   0.081
OGLE-LMC-LPV-09140  13.974 16.776  292.7    0.230 2564      0.251  228.9    0.121
OGLE-LMC-LPV-09144  14.044 16.343  157.40   0.177  367.9    0.069  150.85   0.058
OGLE-LMC-LPV-09152  13.621 16.149  244.2    0.111 1266      0.114  863.6    0.064
OGLE-LMC-LPV-09165  14.481 16.512   87.36   0.043  294.4    0.084  230.8    0.042
OGLE-LMC-LPV-09168  14.072 17.243  844.8    0.374  242.4    0.097   99.44   0.081
OGLE-LMC-LPV-09175  14.479 17.171  101.41   0.055  741.8    0.256 4167      0.139
OGLE-LMC-LPV-09178  14.209 17.478  221.5    0.269 1355      0.214  173.19   0.100
OGLE-LMC-LPV-09195  14.136 17.396  206.2    0.189 1629      0.199  342.5    0.135
OGLE-LMC-LPV-09200  14.879 16.834   58.63   0.066  105.91   0.059   60.51   0.043
OGLE-LMC-LPV-09201  14.153 16.736   96.37   0.048  155.52   0.065 1058      0.057
OGLE-LMC-LPV-09203  14.817 18.322  429.4    0.749 2545      0.314  437.8    0.173
OGLE-LMC-LPV-09212  13.598 15.902  118.48   0.050 1263      0.091  205.3    0.050
OGLE-LMC-LPV-09214  14.270 16.858  105.08   0.105 1486      0.102  431.0    0.063
OGLE-LMC-LPV-09215  14.783 17.610  133.14   0.114  262.1    0.122 2433      0.118
OGLE-LMC-LPV-09227  14.044 17.026  242.6    0.098 2288      0.438  636.9    0.095
OGLE-LMC-LPV-09232  14.132 16.855   93.95   0.082   88.84   0.062  243.1    0.061
OGLE-LMC-LPV-09236  14.575 16.173   41.604  0.045  712.8    0.063  273.3    0.030
OGLE-LMC-LPV-09244  14.352 16.374  124.36   0.286  128.70   0.070   72.09   0.046
OGLE-LMC-LPV-09258  13.903 17.158  222.8    0.112 1050      0.104  203.5    0.077
OGLE-LMC-LPV-09266  13.337 15.859  183.35   0.097 1274      0.217  295.4    0.082
OGLE-LMC-LPV-09278  14.404 17.618  170.10   0.125 1414      0.166  929.4    0.086
OGLE-LMC-LPV-09294  14.822 17.708  164.15   0.104 1536      0.129  264.6    0.083
OGLE-LMC-LPV-09311  14.498 16.184   80.23   0.065   82.24   0.047   45.909  0.048
OGLE-LMC-LPV-09323  14.383 17.114   94.12   0.336  162.81   0.182 1351      0.106
OGLE-LMC-LPV-09332  14.617 17.151  109.09   0.074  506.3    0.124   88.13   0.061
OGLE-LMC-LPV-09343  14.029 16.179  920.8    0.165  104.43   0.084  239.5    0.063
OGLE-LMC-LPV-09351  14.653 16.510   98.97   0.740  250.6    0.220  165.59   0.168
OGLE-LMC-LPV-09363  14.090 16.491  153.73   0.161   92.11   0.070   82.36   0.053
OGLE-LMC-LPV-09366  14.128 16.604  165.73   0.139   97.10   0.055  176.34   0.048
OGLE-LMC-LPV-09381  15.182 16.625   41.133  0.090   47.192  0.066   45.912  0.056
OGLE-LMC-LPV-09383  14.259 16.780  331.0    0.191  405.4    0.092  939.0    0.052
OGLE-LMC-LPV-09395  13.864 16.096 1082      0.179  120.41   0.072 4167      0.035
OGLE-LMC-LPV-09403  14.886 16.908  109.52   0.666  103.04   0.267 4219      0.244
OGLE-LMC-LPV-09411  14.211 17.800  424.6    0.365  857.6    0.140  202.1    0.114
OGLE-LMC-LPV-09414  14.499 16.679   99.79   0.086 1031      0.164  108.26   0.063
OGLE-LMC-LPV-09416  14.427 16.704  209.5    0.390  118.29   0.123  193.31   0.102
OGLE-LMC-LPV-09436  14.366 18.110  251.5    0.234  529.7    0.388  420.3    0.270
OGLE-LMC-LPV-09446  14.260 16.639  106.32   0.118 1149      0.171  750.2    0.078
OGLE-LMC-LPV-09449  14.206 16.669  151.15   0.058  589.6    0.087  500.5    0.052
OGLE-LMC-LPV-09460  15.072 17.128   72.75   0.091  119.57   0.067   68.89   0.059
OGLE-LMC-LPV-09466  14.736 17.017  125.13   0.044  755.3    0.068  336.8    0.040
OGLE-LMC-LPV-09475  16.588 20.352  311.4    0.315 1437      1.350 2710      0.651
OGLE-LMC-LPV-09483  14.026 16.668  988.5    0.511  193.27   0.099 1562      0.094
OGLE-LMC-LPV-09488  15.256 17.683   52.19   0.071   88.82   0.059  630.5    0.050
OGLE-LMC-LPV-09496  13.566 16.808  237.2    0.167  252.7    0.116  206.4    0.093
OGLE-LMC-LPV-09501  14.101 16.837  157.81   0.100  135.41   0.074  562.7    0.062
OGLE-LMC-LPV-09508  14.312 17.559  364.2    0.687  319.3    0.137 1192      0.087
OGLE-LMC-LPV-09513  14.238 17.267  100.56   0.274 1025      0.157  231.9    0.058
OGLE-LMC-LPV-09521  13.622 16.172 1235      0.640  138.77   0.086  876.4    0.051
OGLE-LMC-LPV-09524  14.203 17.302  105.10   0.146  195.20   0.125  110.02   0.097
OGLE-LMC-LPV-09525  14.127 16.808  288.1    0.175  741.3    0.126  154.32   0.105
OGLE-LMC-LPV-09527  14.297 16.511   77.11   0.175 1178      0.115  129.57   0.080
OGLE-LMC-LPV-09529  14.490 16.917  155.72   0.367   83.54   0.105  179.99   0.085
OGLE-LMC-LPV-09545  13.840 16.151  183.18   0.049  629.3    0.041  113.21   0.031
OGLE-LMC-LPV-09590  14.367 16.332  132.43   0.616   76.77   0.093 1605      0.082
OGLE-LMC-LPV-09592  14.630 16.968   94.84   0.050  682.1    0.131  521.4    0.089
OGLE-LMC-LPV-09597  14.156 16.476  135.28   0.163  238.8    0.099  150.90   0.086
OGLE-LMC-LPV-09599  13.823 16.439 1174      0.450 1842      0.097  159.52   0.062
OGLE-LMC-LPV-09612  14.070 17.244  237.5    0.371  130.91   0.183  187.13   0.080
OGLE-LMC-LPV-09622  14.371 17.195  156.94   0.126 1344      0.402  311.2    0.078
OGLE-LMC-LPV-09624  14.688 17.514  232.4    0.612 1727      0.124  119.99   0.127
OGLE-LMC-LPV-09629  14.266 17.205  103.36   0.187 1135      0.113  139.04   0.113
OGLE-LMC-LPV-09630  14.602 16.653   62.53   0.102  110.94   0.089  736.4    0.083
OGLE-LMC-LPV-09641  14.290 17.013  198.05   0.367  147.82   0.070  170.59   0.065
OGLE-LMC-LPV-09654  14.509 17.156  182.75   0.124  191.50   0.085  303.4    0.077
OGLE-LMC-LPV-09657  14.580 16.479   55.41   0.052   57.64   0.035 1613      0.031
OGLE-LMC-LPV-09660  14.652 17.226  908.3    0.557  524.9    0.264 3289      0.143
OGLE-LMC-LPV-09671  13.943 16.445  147.77   0.174  270.5    0.078  704.2    0.061
OGLE-LMC-LPV-09672  15.064 17.870   68.81   0.154  732.1    0.174  121.12   0.122
OGLE-LMC-LPV-09675  14.176 16.678   92.70   0.034  436.9    0.116  608.3    0.054
OGLE-LMC-LPV-09676  14.517 16.398  107.40   0.736  180.08   0.172  265.2    0.140
OGLE-LMC-LPV-09687  13.961 16.576  133.21   0.109 1387      0.259  183.32   0.064
OGLE-LMC-LPV-09689  14.784 17.277  226.4    0.541  979.4    0.122  372.7    0.092
OGLE-LMC-LPV-09707  14.623 16.591   79.37   0.040  288.4    0.045   54.90   0.033
OGLE-LMC-LPV-09752  13.383 15.756  147.38   0.099  285.0    0.073 2193      0.055
OGLE-LMC-LPV-09768  14.036 17.582  892.5    0.508 2809      0.080  222.7    0.081
OGLE-LMC-LPV-09779  14.110 17.370  183.82   0.136 3984      0.917  570.1    0.083
OGLE-LMC-LPV-09801  14.831 16.379   55.38   0.038  324.1    0.038   34.732  0.028
OGLE-LMC-LPV-09811  14.471 18.401  263.9    0.490  143.39   0.239  137.78   0.163
OGLE-LMC-LPV-09812  14.169 16.597  168.18   0.403   91.96   0.159   95.55   0.111
OGLE-LMC-LPV-09820  14.452 18.115  459.5    0.611 2101      0.244  203.9    0.139
OGLE-LMC-LPV-09828  14.156 16.671  259.9    0.139  138.79   0.091  236.2    0.055
OGLE-LMC-LPV-09855  13.605 16.538  213.3    0.254  450.2    0.146  344.5    0.127
OGLE-LMC-LPV-09868  14.191 16.683   78.52   0.045 2519      0.085  152.74   0.055
OGLE-LMC-LPV-09870  14.110 16.950  166.81   0.155 1949      0.227  159.46   0.080
OGLE-LMC-LPV-09871  14.725 16.757   98.97   0.054  759.9    0.054  123.14   0.048
OGLE-LMC-LPV-09874  14.300 16.224  134.23   0.582  122.70   0.110  144.55   0.095
OGLE-LMC-LPV-09881  14.279    -     95.75   0.078   83.26   0.043   90.68   0.033
OGLE-LMC-LPV-09897  14.726    -     58.38   0.027   62.20   0.024   40.072  0.023
OGLE-LMC-LPV-09915  14.691 17.274  102.18   0.067   62.98   0.052  717.4    0.045
OGLE-LMC-LPV-09928  14.661 16.785   66.59   0.040  509.4    0.091  381.0    0.044
OGLE-LMC-LPV-09929  13.964 17.256  230.1    0.156  122.56   0.077  128.97   0.071
OGLE-LMC-LPV-09937  14.100 16.667   81.53   0.088  517.3    0.127   86.75   0.054
OGLE-LMC-LPV-09939  13.531 16.278  180.31   0.129 2193      0.258  154.77   0.062
OGLE-LMC-LPV-09941  14.094 17.044  170.14   0.225 1587      0.114  159.21   0.112
OGLE-LMC-LPV-09956  14.549 16.718  145.01   0.296   78.92   0.108  154.08   0.097
OGLE-LMC-LPV-09966  14.163 17.601  451.9    0.538 1289      0.216  383.6    0.110
OGLE-LMC-LPV-09969  14.532 16.843   74.58   0.052  611.2    0.047   72.76   0.041
OGLE-LMC-LPV-09971  14.277 17.343   90.83   0.121  145.39   0.095  885.7    0.069
OGLE-LMC-LPV-09972  14.235 17.390  305.6    0.191  366.3    0.122 1346      0.074
OGLE-LMC-LPV-09976  13.684 16.817  514.2    0.545 3236      0.372  201.9    0.142
OGLE-LMC-LPV-09981  13.362 15.497  125.75   0.069 1107      0.101  466.4    0.049
OGLE-LMC-LPV-09988  13.850 16.681   90.35   0.050 1094      0.088  242.3    0.060
OGLE-LMC-LPV-09989  14.163 17.696  497.0    0.412  430.7    0.249  263.6    0.089
OGLE-LMC-LPV-09998  13.182 15.653  340.4    0.197 1799      0.142  368.1    0.055
OGLE-LMC-LPV-10011  14.533 17.240  136.76   0.093 4149      0.416  238.6    0.081
OGLE-LMC-LPV-10012  14.335 17.845  215.9    0.200 2347      0.423  199.40   0.118
OGLE-LMC-LPV-10014  14.308 16.775  104.06   0.111 1152      0.178  200.4    0.099
OGLE-LMC-LPV-10030  14.869 17.090   52.85   0.050  342.8    0.053   79.11   0.029
OGLE-LMC-LPV-10036  14.418 17.644  244.3    0.165  426.8    0.099  295.2    0.082
OGLE-LMC-LPV-10042  14.012 16.390  915.8    0.202 3984      0.072  176.87   0.044
OGLE-LMC-LPV-10051  14.662 16.461  114.67   0.102  127.57   0.093   82.36   0.055
OGLE-LMC-LPV-10057  14.072 16.629  158.68   0.181  871.1    0.198  149.99   0.094
OGLE-LMC-LPV-10058  15.101 17.949   99.87   0.058  352.6    0.071   61.12   0.047
OGLE-LMC-LPV-10073  14.397 16.668  101.50   0.045  316.7    0.054 1577      0.053
OGLE-LMC-LPV-10080  14.302 17.311  181.31   0.387  281.3    0.148 2558      0.111
OGLE-LMC-LPV-10081  14.169 17.500  204.1    0.118  559.9    0.142  332.8    0.067
OGLE-LMC-LPV-10083   9.432    -    516.0    0.178  301.3    0.033  181.16   0.017
OGLE-LMC-LPV-10098  14.113 16.962 1242      0.366  149.99   0.122  234.0    0.069
OGLE-LMC-LPV-10099  13.925 16.498  115.94   0.070  881.8    0.067  184.37   0.048
OGLE-LMC-LPV-10103  14.410 17.188  195.36   0.711  214.8    0.278 2457      0.198
OGLE-LMC-LPV-10123  14.431 16.267   53.15   0.050  110.31   0.040   80.61   0.037
OGLE-LMC-LPV-10127  14.578 16.525   90.74   0.049  190.95   0.065  331.5    0.053
OGLE-LMC-LPV-10128  13.876 16.940  100.35   0.137   95.73   0.093  729.9    0.073
OGLE-LMC-LPV-10134  13.856 16.337  135.65   0.080 1773      0.157  141.80   0.071
OGLE-LMC-LPV-10146  14.285 16.897   98.53   0.059  497.0    0.079  136.31   0.077
OGLE-LMC-LPV-10169  14.004 17.353  215.6    0.306  422.3    0.267 2882      0.113
OGLE-LMC-LPV-10171  13.926 16.446  139.16   0.167  961.5    0.249  242.7    0.114
OGLE-LMC-LPV-10187  13.781 16.293  223.1    0.109  791.8    0.084  143.95   0.066
OGLE-LMC-LPV-10194  14.455 16.754   74.59   0.115  133.35   0.080  632.5    0.071
OGLE-LMC-LPV-10203  14.373 16.812   71.21   0.039  711.2    0.069   64.47   0.046
OGLE-LMC-LPV-10221  14.261 17.958  111.83   0.120  126.34   0.083 4032      0.065
OGLE-LMC-LPV-10226  14.674 16.661  110.57   0.085  105.62   0.067   73.49   0.062
OGLE-LMC-LPV-10231  14.857 16.938   56.88   0.054 2222      0.045   91.42   0.042
OGLE-LMC-LPV-10232  15.064 16.543   57.39   0.075   33.366  0.056  573.7    0.051
OGLE-LMC-LPV-10249  13.365 15.653  274.0    0.115 1460      0.097  897.7    0.055
OGLE-LMC-LPV-10250  13.842 16.473  124.53   0.170  224.3    0.156  130.36   0.082
OGLE-LMC-LPV-10262  14.140 16.928  150.56   0.083 1393      0.105  134.64   0.086
OGLE-LMC-LPV-10267  14.168 16.820  132.68   0.071  615.0    0.144  731.5    0.085
OGLE-LMC-LPV-10269  14.365 16.202   58.91   0.102   97.93   0.066  101.96   0.052
OGLE-LMC-LPV-10273  13.950    -    393.5    0.749  213.1    0.233  328.6    0.064
OGLE-LMC-LPV-10274  13.803 17.016  237.4    0.199 2577      0.245  183.25   0.116
OGLE-LMC-LPV-10275  13.989 17.245  860.7    0.389  665.8    0.090  102.61   0.068
OGLE-LMC-LPV-10278  13.219 14.473   39.219  0.066  591.0    0.121  389.4    0.084
OGLE-LMC-LPV-10279  14.182 17.126  153.44   0.144 1727      0.355  207.4    0.075
OGLE-LMC-LPV-10280  14.794 16.675   88.79   0.096   86.11   0.058   79.46   0.051
OGLE-LMC-LPV-10283  13.942 17.127  192.54   0.121  315.2    0.179 1206      0.119
OGLE-LMC-LPV-10285  14.102 16.640  147.13   0.086 1271      0.067  253.5    0.050
OGLE-LMC-LPV-10297  13.902 16.519  105.99   0.054  857.6    0.143 1818      0.075
OGLE-LMC-LPV-10298  14.302 17.393  201.5    0.280  766.3    0.279  592.8    0.139
OGLE-LMC-LPV-10308  13.471 16.390  208.9    0.192 3195      0.122  226.6    0.101
OGLE-LMC-LPV-10318  14.651 16.293   45.837  0.059  702.7    0.038   71.23   0.033
OGLE-LMC-LPV-10320  14.166 16.832  156.23   0.114  251.0    0.083 1362      0.078
OGLE-LMC-LPV-10329  14.459 16.196   99.29   0.152   96.44   0.075  107.94   0.044
OGLE-LMC-LPV-10330  14.293 17.454  400.1    0.387 2193      0.188  223.7    0.122
OGLE-LMC-LPV-10343  14.735 17.041  100.34   0.020 3390      0.965  258.5    0.090
OGLE-LMC-LPV-10349  14.106 16.541  149.05   0.095  272.9    0.088  575.4    0.058
OGLE-LMC-LPV-10368  13.629 16.091  153.78   0.076 4425      0.103  250.0    0.068
OGLE-LMC-LPV-10373  14.337 18.275  137.97   0.281  216.5    0.096 1862      0.090
OGLE-LMC-LPV-10377  14.291 17.756  326.9    0.297 1905      0.228  173.85   0.111
OGLE-LMC-LPV-10390  13.761 16.478   96.47   0.096   84.60   0.056  154.27   0.039
OGLE-LMC-LPV-10401  13.864 15.875   83.46   0.055  909.9    0.061   85.76   0.025
OGLE-LMC-LPV-10417  13.054 15.185  134.39   0.070 1661      0.122  103.07   0.037
OGLE-LMC-LPV-10432  14.552 18.009  412.5    0.396  278.2    0.094  582.8    0.092
OGLE-LMC-LPV-10434  14.867 17.252   89.94   0.041 2326      0.055   60.04   0.039
OGLE-LMC-LPV-10438  15.022 17.215   54.50   0.070   56.99   0.047   48.603  0.038
OGLE-LMC-LPV-10445  14.043 16.782  281.9    0.156 1718      0.219  167.45   0.099
OGLE-LMC-LPV-10454  14.513 17.028  224.3    0.556  732.1    0.220  938.1    0.154
OGLE-LMC-LPV-10465  13.993 17.331  183.39   0.144  170.79   0.123  733.1    0.103
OGLE-LMC-LPV-10473  15.085 17.477  250.3    0.105 1071      0.164 1776      0.116
OGLE-LMC-LPV-10475  13.944 16.323  139.90   0.099  752.4    0.155  929.4    0.090
OGLE-LMC-LPV-10493  14.037 16.485  286.9    0.152  150.56   0.085 2591      0.083
OGLE-LMC-LPV-10497  14.536 17.095  166.97   0.117  587.5    0.126 4505      0.063
OGLE-LMC-LPV-10504  14.087 17.015   90.70   0.114  402.6    0.078  540.8    0.066
OGLE-LMC-LPV-10509  13.978 16.493  128.95   0.054  583.4    0.090 3891      0.071
OGLE-LMC-LPV-10527  13.894 16.482  135.28   0.094 1222      0.143  242.6    0.074
OGLE-LMC-LPV-10539  12.538 15.848  427.2    0.558  620.3    0.187  234.5    0.120
OGLE-LMC-LPV-10544  14.142 17.716  129.18   0.246  122.43   0.150  222.6    0.119
OGLE-LMC-LPV-10545  14.155 16.901   95.34   0.118  497.0    0.174  626.6    0.136
OGLE-LMC-LPV-10548  14.057 16.994  191.86   0.183  454.5    0.151  178.76   0.127
OGLE-LMC-LPV-10558  14.000 17.363  413.4    0.317 2008      0.279  352.1    0.165
OGLE-LMC-LPV-10562  14.043 17.052  165.07   0.070 1527      0.176  441.3    0.062
OGLE-LMC-LPV-10569  14.614 17.740  759.9    0.480 1040      0.223  443.7    0.108
OGLE-LMC-LPV-10573  14.247 17.156   94.59   0.086  486.9    0.193 4484      0.087
OGLE-LMC-LPV-10576  14.245 17.614  212.9    0.260  125.90   0.096  119.10   0.076
OGLE-LMC-LPV-10580  14.413 17.325  302.9    0.187  542.9    0.109  245.1    0.072
OGLE-LMC-LPV-10597  13.979 16.436  124.77   0.136  407.5    0.131  180.28   0.115
OGLE-LMC-LPV-10612  14.155 17.373  174.92   0.199 1605      0.246  268.2    0.124
OGLE-LMC-LPV-10617  14.114 17.425  116.82   0.105  403.1    0.071 1379      0.064
OGLE-LMC-LPV-10623  14.192 16.665   94.91   0.070  382.7    0.069 1300      0.063
OGLE-LMC-LPV-10640  15.201 17.923   55.08   0.104   56.72   0.076 1011      0.076
OGLE-LMC-LPV-10645  15.626 18.174   64.57   0.087  318.3    0.133  588.6    0.088
OGLE-LMC-LPV-10652  13.152 16.058  272.6    0.281 3663      0.311  448.6    0.092
OGLE-LMC-LPV-10653  14.891 16.680  106.11   0.053  265.3    0.068  251.7    0.062
OGLE-LMC-LPV-10654  14.207 17.446  383.4    0.392 1214      0.192 2012      0.129
OGLE-LMC-LPV-10666  13.957 16.448  115.10   0.047  974.7    0.167  215.7    0.054
OGLE-LMC-LPV-10669  14.650 16.507   85.38   0.046  148.88   0.032   51.22   0.032
OGLE-LMC-LPV-10685  14.601 16.552   60.55   0.086   59.16   0.061   53.82   0.051
OGLE-LMC-LPV-10688  13.981 16.594  947.6    0.385  739.6    0.162  138.37   0.087
OGLE-LMC-LPV-10692  14.259 16.650  114.62   0.093  747.9    0.063   81.19   0.039
OGLE-LMC-LPV-10693  14.012 16.428  206.9    0.108  245.0    0.112  311.8    0.043
OGLE-LMC-LPV-10712  14.158 17.221  104.29   0.093 2597      0.177  184.20   0.165
OGLE-LMC-LPV-10714  14.044 16.885  369.6    0.422 1513      0.279 1042      0.119
OGLE-LMC-LPV-10718  14.121 17.227  217.4    0.316  120.16   0.121  114.53   0.082
OGLE-LMC-LPV-10721  14.491 16.882   87.31   0.030  752.4    0.121 1348      0.066
OGLE-LMC-LPV-10725  14.367 16.847  151.85   0.242   81.27   0.142  926.8    0.131
OGLE-LMC-LPV-10741  13.616 16.081  159.25   0.156 1689      0.140  166.89   0.053
OGLE-LMC-LPV-10746  14.044 16.379  126.13   0.083  222.0    0.078  481.2    0.051
OGLE-LMC-LPV-10749  15.122 18.115  281.2    0.198 1063      0.246  152.46   0.104
OGLE-LMC-LPV-10761  14.442 16.546   61.04   0.041  304.2    0.080  397.8    0.069
OGLE-LMC-LPV-10768  14.482 17.749  112.57   0.153 1224      0.160  218.4    0.107
OGLE-LMC-LPV-10771  14.825 16.920   58.08   0.141   59.67   0.066  874.1    0.061
OGLE-LMC-LPV-10773  13.952 16.517  150.53   0.116  954.2    0.108  144.86   0.087
OGLE-LMC-LPV-10775  14.676 16.350   75.88   0.068 2809      0.062   54.14   0.044
OGLE-LMC-LPV-10776  13.919 16.316 1176      0.218  119.77   0.073  491.9    0.050
OGLE-LMC-LPV-10783  14.081 16.366  126.14   0.176  240.7    0.120  131.87   0.074
OGLE-LMC-LPV-10788  14.669 16.399   86.09   0.144   80.78   0.052   41.399  0.043
OGLE-LMC-LPV-10805  14.096 17.294  476.0    0.490 1326      0.544 4082      0.272
OGLE-LMC-LPV-10828  14.620 16.623   58.62   0.137  750.2    0.106  111.37   0.079
OGLE-LMC-LPV-10839  14.400 16.938   75.98   0.044  500.5    0.095  684.0    0.055
OGLE-LMC-LPV-10850  14.277 15.863   89.62   0.436  135.08   0.133   94.01   0.113
OGLE-LMC-LPV-10854  14.034 16.896  187.37   0.134 1783      0.184 3322      0.137
OGLE-LMC-LPV-10856  14.044 17.134  165.76   0.178 2882      0.384  114.50   0.089
OGLE-LMC-LPV-10865  14.454 16.151  104.95   0.121   90.27   0.033   55.46   0.030
OGLE-LMC-LPV-10869  13.297 15.879  185.77   0.084 1701      0.143  198.77   0.076
OGLE-LMC-LPV-10875  14.615 16.882   84.70   0.098  592.1    0.116 2632      0.065
OGLE-LMC-LPV-10877  14.605 16.471   79.88   0.048   53.62   0.032  743.5    0.027
OGLE-LMC-LPV-10883  13.398 15.742  189.36   0.052 1115      0.091  711.2    0.053
OGLE-LMC-LPV-10888  14.381 16.723   85.94   0.075  158.40   0.066  106.45   0.062
OGLE-LMC-LPV-10891  14.135 16.483  166.65   0.230  772.8    0.119   91.38   0.068
OGLE-LMC-LPV-10895  14.447 18.047  499.9    0.788 2519      0.384  531.1    0.106
OGLE-LMC-LPV-10901  15.051 16.537   46.990  0.033   32.050  0.028   52.94   0.027
OGLE-LMC-LPV-10913  13.995 16.652  144.15   0.103 3077      0.257  219.9    0.122
OGLE-LMC-LPV-10916  15.134 17.764   56.13   0.067  294.6    0.076  272.9    0.054
OGLE-LMC-LPV-10926  16.063 19.800  475.5    0.764 1969      1.103 5587      0.721
OGLE-LMC-LPV-10935  14.797 17.246   59.79   0.053  290.4    0.071  256.5    0.054
OGLE-LMC-LPV-10943  14.707 16.737   71.27   0.043  386.1    0.068  561.5    0.064
OGLE-LMC-LPV-10945  14.037 16.906  143.53   0.047  792.4    0.117  332.2    0.080
OGLE-LMC-LPV-10946  14.467 17.440  141.60   0.125  734.8    0.379 1263      0.228
OGLE-LMC-LPV-10947  14.571 16.242   68.42   0.026  241.9    0.031  882.6    0.023
OGLE-LMC-LPV-10953  13.972 16.627  236.2    0.166 2532      0.129  155.62   0.056
OGLE-LMC-LPV-10958  14.518 16.449   60.15   0.084  639.0    0.080  100.92   0.061
OGLE-LMC-LPV-10961  14.360 16.432   91.05   0.060  526.6    0.164  714.8    0.082
OGLE-LMC-LPV-10969  14.229 16.758  108.40   0.083 1280      0.094  265.9    0.044
OGLE-LMC-LPV-10971  14.287 17.377  427.0    0.307 1274      0.162  127.57   0.082
OGLE-LMC-LPV-10985  14.077    -    462.5    0.388  356.4    0.178  164.12   0.105
OGLE-LMC-LPV-10993  14.615 16.609  105.58   0.102   60.01   0.059   64.43   0.048
OGLE-LMC-LPV-10995  15.225 18.639  461.5    0.371 4292      0.696 1045      0.234
OGLE-LMC-LPV-10996  14.004 16.811  181.36   0.178  309.9    0.141  412.4    0.100
OGLE-LMC-LPV-11002  14.208 16.750   92.06   0.247  158.63   0.152  127.50   0.072
OGLE-LMC-LPV-11007  14.321 17.321  230.3    0.516  251.1    0.187  101.64   0.076
OGLE-LMC-LPV-11014  14.468 16.140  107.79   0.332 5917      0.075   56.23   0.072
OGLE-LMC-LPV-11017  14.311 17.157  145.77   0.146 1946      0.188  396.2    0.118
OGLE-LMC-LPV-11025  14.428 17.267  227.6    0.160 1736      0.139  240.8    0.095
OGLE-LMC-LPV-11031  14.708 16.709   78.27   0.045  283.3    0.033  181.95   0.020
OGLE-LMC-LPV-11033  13.952 16.974  191.72   0.167 1085      0.210 2445      0.129
OGLE-LMC-LPV-11044  14.392 17.181  321.2    0.694 6135      0.199  155.96   0.173
OGLE-LMC-LPV-11049  14.170 16.828  131.56   0.085 2188      0.170  875.7    0.106
OGLE-LMC-LPV-11051  14.591 16.596   80.72   0.049  794.3    0.063 2083      0.044
OGLE-LMC-LPV-11053  14.019 17.122  304.5    0.168  170.30   0.101  420.2    0.080
OGLE-LMC-LPV-11055  14.812 17.046   52.54   0.045   50.27   0.045  394.9    0.031
OGLE-LMC-LPV-11056  14.058 16.712  217.7    0.371  114.71   0.137  227.1    0.129
OGLE-LMC-LPV-11064  14.074 16.379  275.2    0.243  147.69   0.117 3745      0.100
OGLE-LMC-LPV-11066  15.036 17.649  135.27   0.606   72.08   0.164  140.88   0.105
OGLE-LMC-LPV-11069  14.123 17.177  114.71   0.205  210.9    0.202  126.58   0.079
OGLE-LMC-LPV-11073  14.219 18.004  108.31   0.087  655.7    0.188  854.0    0.090
OGLE-LMC-LPV-11076  14.174 17.318  176.74   0.100  110.36   0.079  189.25   0.055
OGLE-LMC-LPV-11082  14.043 16.936  330.2    0.179  283.7    0.075  176.99   0.060
OGLE-LMC-LPV-11092  14.634 18.856  240.2    0.185 2857      0.153  130.82   0.132
OGLE-LMC-LPV-11096  14.143 16.954  124.72   0.107  723.6    0.130  533.0    0.066
OGLE-LMC-LPV-11110  13.784 16.117  257.2    0.127 1328      0.202  140.41   0.057
OGLE-LMC-LPV-11125  14.240 16.613  275.7    0.147 3367      0.132  760.5    0.135
OGLE-LMC-LPV-11126  14.843 16.488   40.332  0.018  259.1    0.039  180.80   0.032
OGLE-LMC-LPV-11143  14.487 16.608   68.51   0.058 3534      0.335  454.8    0.085
OGLE-LMC-LPV-11164  14.265 15.922  104.69   0.184  114.32   0.109  127.99   0.098
OGLE-LMC-LPV-11170  13.734 17.541  175.70   0.341 1125      0.154  236.0    0.096
OGLE-LMC-LPV-11186  15.024 17.032   73.71   0.040  425.7    0.035   48.574  0.030
OGLE-LMC-LPV-11195  14.499 17.090  301.4    0.165 3333      0.090  921.7    0.081
OGLE-LMC-LPV-11212  14.325 17.259   99.36   0.222  193.72   0.170 1032      0.105
OGLE-LMC-LPV-11215  13.996 17.032  111.57   0.246 1536      0.148  105.20   0.080
OGLE-LMC-LPV-11222  14.165 17.530  125.00   0.069  919.1    0.074  195.50   0.073
OGLE-LMC-LPV-11225  13.032 16.340  293.7    0.091 1555      0.173  331.3    0.171
OGLE-LMC-LPV-11232  13.660 16.901  242.3    0.233  465.5    0.186  710.7    0.067
OGLE-LMC-LPV-11234  13.469 16.678  471.7    0.275  292.1    0.124  784.3    0.091
OGLE-LMC-LPV-11235  13.659 16.273  158.35   0.137 1267      0.199  735.8    0.071
OGLE-LMC-LPV-11241  14.447 17.363 1280      0.550 1961      0.178  251.6    0.075
OGLE-LMC-LPV-11242  14.045 16.483  146.18   0.122  278.6    0.098  911.6    0.082
OGLE-LMC-LPV-11243  14.445 16.448   99.14   0.074  322.0    0.080  187.93   0.051
OGLE-LMC-LPV-11244  16.189 19.157  140.39   0.071 5650      0.774 1161      0.255
OGLE-LMC-LPV-11245  13.420 15.613   94.09   0.030 1397      0.105  559.9    0.041
OGLE-LMC-LPV-11248  14.632 16.790   84.37   0.050  906.6    0.043   49.483  0.039
OGLE-LMC-LPV-11251  14.340 16.941   78.42   0.072  604.6    0.089  173.94   0.059
OGLE-LMC-LPV-11264  14.236 17.523  397.5    0.270 6944      0.155  287.3    0.118
OGLE-LMC-LPV-11271  14.743 16.964   89.95   0.089 2421      0.184  558.3    0.109
OGLE-LMC-LPV-11272  14.321 17.516  112.09   0.167  200.9    0.140  173.70   0.121
OGLE-LMC-LPV-11279  14.311 18.357  130.86   0.158  285.4    0.169  221.1    0.126
OGLE-LMC-LPV-11280  15.149 18.114  136.00   0.204 2198      0.225  290.6    0.065
OGLE-LMC-LPV-11288  14.128 17.520  191.42   0.096 1590      0.238 7143      0.100
OGLE-LMC-LPV-11293  15.020 17.569  127.87   0.203   67.33   0.138   66.02   0.094
OGLE-LMC-LPV-11303  14.230 17.091  131.86   0.096 2564      0.227  276.3    0.097
OGLE-LMC-LPV-11304  13.297 15.641  175.50   0.100 1267      0.108  153.12   0.047
OGLE-LMC-LPV-11314  13.886 16.176  115.02   0.056 1003      0.095  137.04   0.040
OGLE-LMC-LPV-11319  14.463 16.627   64.91   0.045   94.96   0.048   56.40   0.036
OGLE-LMC-LPV-11340  14.629 16.680   91.24   0.038  340.9    0.061   58.23   0.039
OGLE-LMC-LPV-11343  14.673 17.830  274.5    0.202  238.0    0.133  170.62   0.101
OGLE-LMC-LPV-11344  13.679 16.219  219.2    0.123  102.30   0.028  391.2    0.027
OGLE-LMC-LPV-11347  13.206 15.649  475.0    0.486  783.7    0.183  216.6    0.067
OGLE-LMC-LPV-11351  14.552 17.281   95.74   0.146  163.93   0.095 1245      0.070
OGLE-LMC-LPV-11353  14.436 16.633   90.16   0.049   84.73   0.045   80.35   0.043
OGLE-LMC-LPV-11365  13.668 16.164  159.16   0.116  758.7    0.203 1901      0.116
OGLE-LMC-LPV-11367  14.132 17.485  237.7    0.183 1017      0.196  200.7    0.144
OGLE-LMC-LPV-11380  14.715 16.977  576.0    0.173 4049      0.091   80.49   0.055
OGLE-LMC-LPV-11381  14.370 16.427  112.70   0.078 4444      0.774  209.9    0.063
OGLE-LMC-LPV-11395  14.295 16.553  111.67   0.041  507.6    0.038   90.56   0.036
OGLE-LMC-LPV-11402  14.607 17.394  161.25   0.120 1133      0.081  248.9    0.071
OGLE-LMC-LPV-11415  14.501 16.597   62.90   0.078   98.11   0.060  101.43   0.055
OGLE-LMC-LPV-11430  14.242 17.843  457.7    0.480  725.7    0.233 4926      0.144
OGLE-LMC-LPV-11445  12.302 14.571  284.9    0.061    2.6133 0.025    5.5273 0.019
OGLE-LMC-LPV-11447  14.310 16.875  270.8    0.347  227.9    0.163  346.7    0.076
OGLE-LMC-LPV-11456  14.266 16.798   85.63   0.140  149.43   0.108 1321      0.073
OGLE-LMC-LPV-11466  14.271 16.521  106.08   0.254  241.5    0.151   67.34   0.123
OGLE-LMC-LPV-11468  13.631 16.784  274.0    0.157 6289      0.312  557.7    0.206
OGLE-LMC-LPV-11469  14.235 16.778  112.54   0.173  204.3    0.163  224.6    0.080
OGLE-LMC-LPV-11471  14.202 17.420  408.0    0.406  671.6    0.175  193.24   0.092
OGLE-LMC-LPV-11475  14.545 16.775  119.46   0.066  317.0    0.074  112.78   0.053
OGLE-LMC-LPV-11488  14.301 17.284   93.58   0.092  655.3    0.158  447.8    0.117
OGLE-LMC-LPV-11493  14.915 17.496  194.74   0.157 2075      0.825 4167      0.522
OGLE-LMC-LPV-11494  14.378 17.741  330.4    0.200  531.6    0.137  848.9    0.106
OGLE-LMC-LPV-11498  14.259 17.576  445.4    0.317  199.44   0.116  168.66   0.078
OGLE-LMC-LPV-11503  13.973 16.212   83.46   0.034  727.8    0.087  282.0    0.043
OGLE-LMC-LPV-11509  15.427 16.865   38.876  0.083   38.298  0.072   40.172  0.066
OGLE-LMC-LPV-11510  14.483 17.497  129.89   0.107  646.8    0.194 1739      0.139
OGLE-LMC-LPV-11513  14.723 16.599   53.67   0.039  445.8    0.068   82.43   0.043
OGLE-LMC-LPV-11514  14.358 17.181   76.91   0.052  599.9    0.077  116.86   0.043
OGLE-LMC-LPV-11521  14.127 16.455  189.59   0.246   99.34   0.150  179.37   0.094
OGLE-LMC-LPV-11525  14.274 17.730  184.13   0.175  311.4    0.225  823.7    0.123
OGLE-LMC-LPV-11527  13.618 16.058  204.0    0.131 1379      0.179  384.8    0.114
OGLE-LMC-LPV-11532  14.131 16.962  150.48   0.133  601.3    0.102  732.1    0.061
OGLE-LMC-LPV-11536  14.574 17.179  218.3    0.168  274.3    0.096  703.2    0.076
OGLE-LMC-LPV-11549  14.266 16.875  251.8    0.161  314.5    0.119 3448      0.083
OGLE-LMC-LPV-11551  13.891 16.320  142.33   0.097  258.7    0.084 1828      0.046
OGLE-LMC-LPV-11554  14.089 16.748  196.10   0.330  212.1    0.139  102.99   0.129
OGLE-LMC-LPV-11558  14.282 17.261   84.78   0.095  505.1    0.077   86.00   0.058
OGLE-LMC-LPV-11563  14.361 16.464  156.53   0.224   81.55   0.103  135.28   0.077
OGLE-LMC-LPV-11570  14.700 18.247  107.22   0.281  192.72   0.165   98.22   0.085
OGLE-LMC-LPV-11571  14.734 16.855   77.41   0.053 1031      0.095  245.9    0.043
OGLE-LMC-LPV-11577  14.160 16.604   90.11   0.110 1066      0.074   87.19   0.070
OGLE-LMC-LPV-11583  14.495 17.733  344.4    0.406  193.39   0.289 1280      0.111
OGLE-LMC-LPV-11585  14.887 16.946  110.46   0.736  115.41   0.152 1724      0.148
OGLE-LMC-LPV-11591  13.773 16.671 1144      0.300  294.1    0.106 2353      0.102
OGLE-LMC-LPV-11595  13.963 16.867  196.21   0.112 2092      0.078  109.10   0.063
OGLE-LMC-LPV-11600  14.033 16.974  212.9    0.175  318.1    0.141  622.3    0.130
OGLE-LMC-LPV-11611  14.549 18.265  445.3    0.291  365.8    0.161  316.9    0.117
OGLE-LMC-LPV-11612  14.561 17.052  208.1    0.195  991.1    0.149  120.45   0.083
OGLE-LMC-LPV-11618  14.873 17.764   71.23   0.125   73.89   0.076 1135      0.072
OGLE-LMC-LPV-11619  13.658 16.104 1395      0.299  255.9    0.056  410.7    0.030
OGLE-LMC-LPV-11620  14.121 16.489  145.99   0.232  220.0    0.065  642.7    0.056
OGLE-LMC-LPV-11629  13.829 16.410  164.18   0.141  739.6    0.140  156.32   0.101
OGLE-LMC-LPV-11635  13.232 16.636  300.9    0.132  272.2    0.094  187.34   0.071
OGLE-LMC-LPV-11647  14.351 17.555   95.05   0.074  483.3    0.168  409.5    0.108
OGLE-LMC-LPV-11648  14.952 17.299   89.42   0.113  141.80   0.099  294.1    0.065
OGLE-LMC-LPV-11654  14.041 16.985  172.16   0.222  757.0    0.099  277.3    0.071
OGLE-LMC-LPV-11655  14.149 16.975  105.79   0.227  189.75   0.156  179.47   0.088
OGLE-LMC-LPV-11664  13.999 18.104  277.4    0.270  153.44   0.184  145.48   0.133
OGLE-LMC-LPV-11667  14.227 16.971  145.65   0.123 1522      0.222  136.78   0.086
OGLE-LMC-LPV-11668  13.985 16.698  150.76   0.118 1513      0.222 2169      0.084
OGLE-LMC-LPV-11677  14.663 16.828   53.78   0.058  128.52   0.046  592.4    0.043
OGLE-LMC-LPV-11680  14.903 16.637   71.45   0.049   57.07   0.037  106.47   0.034
OGLE-LMC-LPV-11685  14.119 17.293  223.9    0.425  119.19   0.173  204.4    0.137
OGLE-LMC-LPV-11702  14.803 17.477  215.0    0.411  238.9    0.237  202.8    0.096
OGLE-LMC-LPV-11711  14.615 17.718  176.49   0.159  300.4    0.110 1012      0.089
OGLE-LMC-LPV-11735  15.276 17.833  103.10   0.488  108.08   0.137   57.08   0.136
OGLE-LMC-LPV-11747  14.389 17.442  184.68   0.259  104.36   0.136  171.12   0.104
OGLE-LMC-LPV-11749  14.801 16.629   74.56   0.044   43.077  0.035   67.59   0.026
OGLE-LMC-LPV-11757  14.095 17.678  275.9    0.396  249.6    0.172 1009      0.150
OGLE-LMC-LPV-11759  13.938 16.332  140.74   0.127 1842      0.103  244.6    0.080
OGLE-LMC-LPV-11760  14.689 16.821   87.06   0.080  504.0    0.089  107.71   0.072
OGLE-LMC-LPV-11761  14.013 16.446  232.1    0.298  257.9    0.155  454.1    0.120
OGLE-LMC-LPV-11762  14.773 16.856   73.61   0.048  609.4    0.093   68.96   0.040
OGLE-LMC-LPV-11768  14.132 16.565  283.7    0.224  135.41   0.098  191.90   0.057
OGLE-LMC-LPV-11781  14.430 16.969  140.65   0.097 1060      0.157  243.7    0.101
OGLE-LMC-LPV-11788  14.071 17.028  111.96   0.183  134.63   0.090  183.89   0.077
OGLE-LMC-LPV-11789  14.057 17.350  433.5    0.383  310.3    0.125  386.1    0.089
OGLE-LMC-LPV-11802  14.845 16.386   51.01   0.036   60.63   0.028   45.554  0.028
OGLE-LMC-LPV-11810  14.735 17.483  136.59   0.185  232.7    0.216  295.1    0.150
OGLE-LMC-LPV-11814  13.188 15.809  486.6    0.527  575.0    0.290 2457      0.151
OGLE-LMC-LPV-11815  13.950 16.824  105.17   0.060  765.7    0.086  450.2    0.059
OGLE-LMC-LPV-11827  12.708 14.539  139.38   0.056  639.0    0.049  164.26   0.045
OGLE-LMC-LPV-11834  13.890 16.465  274.3    0.184 2604      0.114  170.18   0.085
OGLE-LMC-LPV-11845  14.539 16.899  105.64   0.110  954.2    0.176  108.01   0.119
OGLE-LMC-LPV-11860  14.629 16.480   93.07   0.071  820.3    0.056   54.96   0.054
OGLE-LMC-LPV-11864  14.186 17.056  125.53   0.090 1025      0.159   81.57   0.073
OGLE-LMC-LPV-11866  14.693 17.107  145.94   0.123 1422      0.082  313.1    0.062
OGLE-LMC-LPV-11895  14.496 16.962  103.05   0.084 1333      0.104   72.46   0.051
OGLE-LMC-LPV-11899  14.783 16.844  121.43   0.504  126.02   0.371 2584      0.352
OGLE-LMC-LPV-11914  14.907 17.008   55.40   0.080  220.9    0.070   79.74   0.062
OGLE-LMC-LPV-11932  13.984 17.497  222.1    0.134 1493      0.238  135.10   0.065
OGLE-LMC-LPV-11936  14.355 16.918   83.88   0.102  590.7    0.071   87.09   0.074
OGLE-LMC-LPV-11944  14.667 17.492  130.79   0.089  751.3    0.162  623.1    0.086
OGLE-LMC-LPV-11947  14.076 17.087  231.6    0.398  221.1    0.140  122.61   0.102
OGLE-LMC-LPV-11988  14.529 16.251  128.48   0.225   70.98   0.063   68.25   0.054
OGLE-LMC-LPV-12000  14.024 17.000  100.56   0.127 1479      0.104   97.70   0.090
OGLE-LMC-LPV-12006  14.264 16.597  100.27   0.080 2899      0.081  156.99   0.060
OGLE-LMC-LPV-12009  14.324 17.930  431.1    0.640  851.1    0.154 2268      0.085
OGLE-LMC-LPV-12016  13.879 16.558  159.36   0.119 1221      0.131 5495      0.094
OGLE-LMC-LPV-12017  13.545 16.180  254.6    0.166 1104      0.176 3802      0.101
OGLE-LMC-LPV-12027  13.983 17.101  193.65   0.124 2525      0.321  463.0    0.079
OGLE-LMC-LPV-12040  14.618 16.717   77.51   0.093  724.1    0.072  118.30   0.060
OGLE-LMC-LPV-12054  14.773 17.608  270.7    0.346  567.5    0.242  248.6    0.174
OGLE-LMC-LPV-12083  14.390 17.316  124.75   0.097  328.5    0.102 2062      0.073
OGLE-LMC-LPV-12091  14.236 16.409   72.75   0.082   66.52   0.056  121.26   0.055
OGLE-LMC-LPV-12105  14.499 16.603  196.02   0.514 2674      0.122  106.71   0.119
OGLE-LMC-LPV-12112  13.831 16.233  121.51   0.059   81.61   0.059  970.9    0.050
OGLE-LMC-LPV-12130  14.649 16.875   65.56   0.148  121.71   0.074  729.9    0.065
OGLE-LMC-LPV-12136  15.087 18.423  221.4    0.344 2653      0.763  474.4    0.381
OGLE-LMC-LPV-12142  13.387 15.882  176.46   0.138 1333      0.171  297.2    0.077
OGLE-LMC-LPV-12156  14.612 16.824  129.56   0.072  197.71   0.039   94.27   0.032
OGLE-LMC-LPV-12158  13.818 16.243  218.0    0.057  873.4    0.158 3534      0.119
OGLE-LMC-LPV-12168  14.258 17.491  334.3    0.287  177.37   0.115  268.2    0.094
OGLE-LMC-LPV-12174  14.215 17.067  148.88   0.113  749.6    0.245 5618      0.159
OGLE-LMC-LPV-12183  14.612 17.917  173.88   0.087  454.8    0.150  862.8    0.139
OGLE-LMC-LPV-12197  14.327 17.522  210.1    0.241  121.51   0.080  109.57   0.066
OGLE-LMC-LPV-12204  14.204 16.884   92.38   0.078  428.3    0.054  104.96   0.046
OGLE-LMC-LPV-12215  14.290 17.474  126.62   0.142 1377      0.115  223.0    0.084
OGLE-LMC-LPV-12235  14.295 17.117  195.00   0.207  183.82   0.153  104.34   0.091
OGLE-LMC-LPV-12237  13.755 16.324  289.7    0.242  888.1    0.151  271.6    0.101
OGLE-LMC-LPV-12238  14.129 17.245  397.5    0.347  182.38   0.133 1898      0.118
OGLE-LMC-LPV-12241  14.254 17.757  896.9    0.229  119.16   0.167  221.1    0.073
OGLE-LMC-LPV-12259  14.045 17.018  101.91   0.146  545.3    0.141 2119      0.070
OGLE-LMC-LPV-12276  13.998 16.590  267.0    0.142 1350      0.077  546.4    0.046
OGLE-LMC-LPV-12285  14.265 16.823   81.57   0.071  729.4    0.086  132.35   0.048
OGLE-LMC-LPV-12286  14.162 17.008  196.49   0.393  923.4    0.197  106.97   0.131
OGLE-LMC-LPV-12303  14.133 17.254  173.04   0.149  183.45   0.113 1170      0.105
OGLE-LMC-LPV-12308  14.085 16.722  302.6    0.432  331.6    0.126  143.95   0.085
OGLE-LMC-LPV-12310  14.188 18.588  396.1    0.447  354.0    0.183  314.4    0.158
OGLE-LMC-LPV-12326  14.144 17.551  172.24   0.123  680.7    0.112  105.00   0.110
OGLE-LMC-LPV-12327  14.179 17.414  244.4    0.474  126.87   0.215  269.1    0.138
OGLE-LMC-LPV-12330  13.166 15.261  237.0    0.067  139.86   0.051 1919      0.038
OGLE-LMC-LPV-12342  14.644 16.588   60.66   0.036  191.64   0.076  240.7    0.056
OGLE-LMC-LPV-12348  14.065 17.401  106.93   0.073  760.5    0.152  478.0    0.111
OGLE-LMC-LPV-12364  14.671 16.791   79.78   0.054  397.9    0.071  319.0    0.067
OGLE-LMC-LPV-12375  14.394 16.727  143.54   0.271  727.3    0.181   79.99   0.081
OGLE-LMC-LPV-12378  13.786 16.352  938.9    0.143  236.6    0.067  150.88   0.048
OGLE-LMC-LPV-12391  15.662 17.743   37.685  0.092   60.82   0.063  255.2    0.057
OGLE-LMC-LPV-12399  14.294 16.280  137.24   0.465  148.63   0.296  203.7    0.177
OGLE-LMC-LPV-12409  14.442 16.123  108.43   0.394  112.08   0.124  300.5    0.083
OGLE-LMC-LPV-12411  14.236 16.830  276.4    0.248  132.80   0.097 2770      0.067
OGLE-LMC-LPV-12437  14.221 17.202   94.09   0.084   98.52   0.073  613.5    0.063
OGLE-LMC-LPV-12438  14.373 16.617  158.65   0.205   84.61   0.094  116.95   0.077
OGLE-LMC-LPV-12441  13.209 15.365  149.34   0.068 1287      0.082  156.27   0.058
OGLE-LMC-LPV-12480  14.140 17.651  262.1    0.344  141.30   0.137  602.0    0.104
OGLE-LMC-LPV-12482  14.309 17.150 1144      0.746  261.6    0.117  439.0    0.085
OGLE-LMC-LPV-12493  14.108 16.615  156.42   0.158  544.7    0.072   80.35   0.030
OGLE-LMC-LPV-12502  14.000 16.831  136.72   0.070 1466      0.339  257.1    0.110
OGLE-LMC-LPV-12505  14.150 17.249  118.92   0.060  412.4    0.128  543.2    0.099
OGLE-LMC-LPV-12506  14.388 17.462  311.3    0.184  149.52   0.121  442.1    0.098
OGLE-LMC-LPV-12508  13.808 16.384  146.28   0.143 3115      0.157  154.85   0.108
OGLE-LMC-LPV-12519  14.714 16.894  113.20   0.130  100.47   0.074   64.25   0.059
OGLE-LMC-LPV-12533  13.732 16.084  932.4    0.209  141.84   0.072  198.53   0.049
OGLE-LMC-LPV-12539  15.422 18.312  225.4    0.191 3745      1.688  209.2    0.153
OGLE-LMC-LPV-12540  14.757 16.440   87.24   0.142   81.92   0.097   94.17   0.070
OGLE-LMC-LPV-12545  15.488 17.171   31.401  0.085   54.80   0.063   30.229  0.054
OGLE-LMC-LPV-12550  13.966 16.520  146.89   0.161  157.83   0.081  130.77   0.062
OGLE-LMC-LPV-12555  14.114 16.817  195.46   0.338  269.0    0.143  186.60   0.138
OGLE-LMC-LPV-12563  15.011 16.524   65.72   0.060  730.5    0.060 1074      0.042
OGLE-LMC-LPV-12571  15.237 16.953   46.742  0.032   96.79   0.026   50.10   0.027
OGLE-LMC-LPV-12577  14.722 16.691  120.19   0.216  147.02   0.066  127.89   0.066
OGLE-LMC-LPV-12580  14.008 17.136  124.75   0.256  231.4    0.175  132.31   0.116
OGLE-LMC-LPV-12583  14.518 16.322   53.44   0.032  310.4    0.043  178.70   0.033
OGLE-LMC-LPV-12585  13.981 17.732  158.23   0.113 1757      0.201  244.4    0.093
OGLE-LMC-LPV-12590  14.666 16.456   77.29   0.046  235.1    0.065  150.72   0.047
OGLE-LMC-LPV-12596  14.234 17.260  333.7    0.220 1513      0.147  196.77   0.134
OGLE-LMC-LPV-12600  15.014 16.732   44.696  0.093   76.14   0.077   73.84   0.060
OGLE-LMC-LPV-12624  15.016 17.720  178.95   0.102 1776      0.280  130.23   0.071
OGLE-LMC-LPV-12626  14.138 15.848   59.13   0.034   62.20   0.028  466.9    0.027
OGLE-LMC-LPV-12636  14.422 17.500  279.2    0.250 1059      0.223  709.7    0.147
OGLE-LMC-LPV-12645  13.147 15.936  257.9    0.151  142.11   0.069   97.05   0.055
OGLE-LMC-LPV-12647  14.862 17.991  147.36   0.174  299.3    0.190  491.2    0.165
OGLE-LMC-LPV-12650  14.105 17.219  162.60   0.165 1946      0.260  173.37   0.105
OGLE-LMC-LPV-12651  15.245 17.639   97.44   0.115   54.82   0.056   74.76   0.047
OGLE-LMC-LPV-12656  13.656 15.798  175.93   0.079 1506      0.107  954.2    0.079
OGLE-LMC-LPV-12661  14.089 16.757  146.82   0.050 1866      0.233  508.1    0.091
OGLE-LMC-LPV-12681  14.019 16.533  216.8    0.117 1189      0.238  135.65   0.120
OGLE-LMC-LPV-12703  14.291 16.822  139.57   0.125   89.69   0.079 1086      0.061
OGLE-LMC-LPV-12710  14.386 16.642   89.09   0.043  352.1    0.060  313.4    0.051
OGLE-LMC-LPV-12728  13.457 16.020  299.5    0.161 1289      0.164  179.69   0.092
OGLE-LMC-LPV-12733  14.014 16.696  153.00   0.120 2463      0.250  218.5    0.093
OGLE-LMC-LPV-12735  14.655 16.351   46.553  0.030   70.86   0.023   63.69   0.024
OGLE-LMC-LPV-12745  14.413 17.244  125.75   0.081  613.5    0.073  163.35   0.063
OGLE-LMC-LPV-12753  14.271 16.857   99.69   0.170  179.66   0.108  199.00   0.087
OGLE-LMC-LPV-12756  14.139 17.694  116.33   0.151  194.29   0.155  699.3    0.081
OGLE-LMC-LPV-12758  14.555 16.411   97.55   0.127   99.59   0.117  613.9    0.060
OGLE-LMC-LPV-12776  13.364 16.101  218.8    0.154 1681      0.222  349.4    0.127
OGLE-LMC-LPV-12777  14.439 16.628   76.18   0.030  273.4    0.069  423.2    0.050
OGLE-LMC-LPV-12778  14.784 17.291   93.84   0.113  166.14   0.116  748.5    0.121
OGLE-LMC-LPV-12780  14.087 16.693  160.80   0.135  255.0    0.082  312.9    0.070
OGLE-LMC-LPV-12784  14.016 16.881  279.9    0.155 2079      0.275 4167      0.098
OGLE-LMC-LPV-12787  15.254 17.122   80.87   0.057   87.60   0.059   43.382  0.054
OGLE-LMC-LPV-12790  14.617 16.356   84.92   0.030  383.6    0.025   82.17   0.022
OGLE-LMC-LPV-12798  14.160 17.221  171.41   0.278  185.08   0.184  353.5    0.157
OGLE-LMC-LPV-12808  14.562 16.970  158.57   0.677 2105      0.229  174.79   0.127
OGLE-LMC-LPV-12819  14.022 16.032   78.61   0.041  552.5    0.047  241.1    0.034
OGLE-LMC-LPV-12839  14.055 16.984  301.2    0.199  177.21   0.137 1818      0.110
OGLE-LMC-LPV-12841  15.193 16.703   38.307  0.028  225.0    0.025   91.47   0.024
OGLE-LMC-LPV-12845  13.924 16.650  279.3    0.194 3067      0.110  163.88   0.104
OGLE-LMC-LPV-12850  14.102 17.099  382.9    0.288 1309      0.157  211.1    0.130
OGLE-LMC-LPV-12852  14.455 17.153   78.95   0.048  524.9    0.097  124.24   0.075
OGLE-LMC-LPV-12860  14.474 17.106  220.0    0.103 1116      0.083  239.6    0.084
OGLE-LMC-LPV-12913  14.104 17.423  208.9    0.207  415.3    0.195  181.75   0.138
OGLE-LMC-LPV-12920  14.602 16.304   49.255  0.038   79.42   0.029   49.776  0.025
OGLE-LMC-LPV-12926  13.957 16.130   84.81   0.036   81.59   0.029  914.9    0.025
OGLE-LMC-LPV-12933  14.116 17.258  362.3    0.196 2532      0.154  724.6    0.094
OGLE-LMC-LPV-12941  13.718 16.248  217.2    0.137  519.8    0.089  471.0    0.074
OGLE-LMC-LPV-12944  14.167 16.982   98.30   0.093  917.4    0.066  143.80   0.062
OGLE-LMC-LPV-12945  13.522 16.439  135.35   0.137  762.8    0.410 2924      0.223
OGLE-LMC-LPV-12953  14.105 16.986  226.0    0.324  101.39   0.100  121.85   0.086
OGLE-LMC-LPV-12954  14.560 16.302   50.39   0.065  786.2    0.062   47.290  0.046
OGLE-LMC-LPV-12956  14.987 18.060  309.6    0.298 5155      0.099  166.72   0.091
OGLE-LMC-LPV-12976  14.578 18.690  215.0    0.230 1037      0.130  123.23   0.119
OGLE-LMC-LPV-12984  15.052 16.628   36.314  0.036  168.86   0.034   59.51   0.030
OGLE-LMC-LPV-12995  14.433 16.727   67.59   0.046  412.9    0.042  704.7    0.039
OGLE-LMC-LPV-12997  15.169 17.640   69.38   0.037  697.4    0.081  257.8    0.067
OGLE-LMC-LPV-13002  13.587 16.700  249.8    0.188  623.8    0.172  423.7    0.132
OGLE-LMC-LPV-13009  13.955 16.787  175.69   0.139 1684      0.177 1316      0.121
OGLE-LMC-LPV-13010  12.916 15.293  449.9    0.440 2045      0.090  207.6    0.085
OGLE-LMC-LPV-13013  14.735 16.934   52.48   0.051   87.66   0.037  608.6    0.037
OGLE-LMC-LPV-13014  14.139 17.421  421.4    0.317  367.1    0.232  308.4    0.126
OGLE-LMC-LPV-13019  14.635 16.604   85.62   0.052  188.01   0.055  177.43   0.053
OGLE-LMC-LPV-13034  13.916 16.125   82.05   0.054  730.5    0.049  489.5    0.044
OGLE-LMC-LPV-13035  15.760 18.660  313.6    0.793 4132      0.768 1147      0.740
OGLE-LMC-LPV-13059  14.054 17.519  229.8    0.242  451.7    0.110  214.6    0.089
OGLE-LMC-LPV-13062  14.710 16.207   54.61   0.037  328.9    0.031   35.443  0.025
OGLE-LMC-LPV-13079  14.151 17.722  122.88   0.178  114.97   0.162 1020      0.087
OGLE-LMC-LPV-13082  13.837 16.439  147.41   0.095 3226      0.185  255.8    0.078
OGLE-LMC-LPV-13100  14.524 16.375  104.45   0.120   57.23   0.069  722.5    0.066
OGLE-LMC-LPV-13103  14.868 17.193   86.02   0.085  466.2    0.115  191.06   0.094
OGLE-LMC-LPV-13105  13.671 15.895  103.81   0.044  649.4    0.080  283.0    0.051
OGLE-LMC-LPV-13114  15.041 17.727  134.75   0.193   70.56   0.058  130.34   0.058
OGLE-LMC-LPV-13125  14.256 16.094  106.45   0.427  111.35   0.235  103.42   0.228
OGLE-LMC-LPV-13159  14.432 16.847  334.0    0.294  721.0    0.106  291.9    0.106
OGLE-LMC-LPV-13161  13.310 15.576  339.0    0.218 1629      0.154  190.73   0.126
OGLE-LMC-LPV-13164  14.355 16.678 1016      0.476 3676      0.171  174.13   0.119
OGLE-LMC-LPV-13166  14.191 16.567  386.5    0.117  657.9    0.066  273.4    0.054
OGLE-LMC-LPV-13167  14.311 16.516  236.9    0.780  509.9    0.162  123.53   0.126
OGLE-LMC-LPV-13169  14.108 16.388  201.8    0.146  116.97   0.073 1041      0.070
OGLE-LMC-LPV-13200  14.284 17.494   98.24   0.108 1071      0.142  101.49   0.091
OGLE-LMC-LPV-13211  13.089 15.553  449.9    0.507  729.9    0.190  208.7    0.051
OGLE-LMC-LPV-13223  14.291 17.211   96.13   0.144  500.0    0.090  142.80   0.063
OGLE-LMC-LPV-13224  14.290 16.943  154.94   0.139  604.6    0.099   94.31   0.073
OGLE-LMC-LPV-13227  14.423 17.754   98.67   0.120  153.85   0.056  371.3    0.056
OGLE-LMC-LPV-13245  14.290 16.408  213.9    0.596  223.6    0.124  421.8    0.102
OGLE-LMC-LPV-13247  14.089 16.414   90.82   0.080  473.3    0.073 1282      0.054
OGLE-LMC-LPV-13251  13.844 16.280  152.46   0.148 1585      0.056  104.36   0.053
OGLE-LMC-LPV-13252  13.278 15.724  146.99   0.148  926.8    0.079  134.01   0.053
OGLE-LMC-LPV-13256  13.512 15.589  104.95   0.079  256.5    0.038   99.94   0.025
OGLE-LMC-LPV-13269  13.653 16.687  296.3    0.328  921.7    0.080  123.98   0.049
OGLE-LMC-LPV-13277  13.726 15.904  272.9    0.181  251.2    0.129  145.99   0.085
OGLE-LMC-LPV-13278  13.943 16.135  103.17   0.151  994.0    0.189   34.452  0.037
OGLE-LMC-LPV-13291  14.044 17.154  223.4    0.155  390.9    0.164 2151      0.114
OGLE-LMC-LPV-13300  14.108 16.919  128.42   0.054  852.5    0.085 4219      0.075
OGLE-LMC-LPV-13306  14.111 16.947  205.9    0.272  115.29   0.129  108.28   0.073
OGLE-LMC-LPV-13311  13.319 16.194  228.0    0.194 2695      0.154  381.5    0.105
OGLE-LMC-LPV-13323  14.809 17.344  130.93   0.148   73.66   0.073  141.38   0.071
OGLE-LMC-LPV-13324  14.219 17.199   89.20   0.063  707.7    0.126  533.3    0.075
OGLE-LMC-LPV-13325  14.662 16.956   64.44   0.051  439.9    0.051  103.11   0.040
OGLE-LMC-LPV-13326  14.649 16.753  121.20   0.219  115.46   0.094  145.37   0.072
OGLE-LMC-LPV-13336  14.205 16.681  274.8    0.291  254.5    0.066  331.6    0.063
OGLE-LMC-LPV-13339  13.645 15.762  243.5    0.103  148.26   0.047  548.2    0.041
OGLE-LMC-LPV-13342  14.504 17.790  118.51   0.093  637.3    0.095 1473      0.081
OGLE-LMC-LPV-13354  14.932 17.397   60.68   0.042 1299      0.039   62.41   0.037
OGLE-LMC-LPV-13356  14.039 16.986  190.33   0.156 1582      0.193  367.0    0.095
OGLE-LMC-LPV-13362  14.888 16.558   69.11   0.038  248.6    0.034  154.77   0.024
OGLE-LMC-LPV-13367  13.757 15.916  272.5    0.289  128.85   0.140 2506      0.088
OGLE-LMC-LPV-13372  14.349 17.594  359.5    0.246  407.7    0.178  558.7    0.127
OGLE-LMC-LPV-13375  14.645 16.676   58.02   0.045  833.3    0.058  105.71   0.045
OGLE-LMC-LPV-13381  14.828 18.339  415.1    0.627  878.0    0.183 3175      0.162
OGLE-LMC-LPV-13384  14.002 16.765  105.90   0.114  908.3    0.116  173.58   0.079
OGLE-LMC-LPV-13397  14.504 17.550  108.48   0.117  157.95   0.085   94.30   0.070
OGLE-LMC-LPV-13401  14.129 16.473   92.70   0.087  394.6    0.062  256.8    0.037
OGLE-LMC-LPV-13403  14.305 16.891  332.9    0.615  449.4    0.101  279.2    0.097
OGLE-LMC-LPV-13406  14.618 16.286   47.308  0.044  279.9    0.038   72.53   0.034
OGLE-LMC-LPV-13412  14.770 16.873   54.48   0.046  141.96   0.038  130.21   0.031
OGLE-LMC-LPV-13415  14.284 17.120  258.2    0.156 5464      0.121 1098      0.104
OGLE-LMC-LPV-13430  14.129 17.100  192.76   0.167 1961      0.111  221.8    0.096
OGLE-LMC-LPV-13437  14.188 17.476  339.6    0.337  185.25   0.086 1848      0.089
OGLE-LMC-LPV-13455  14.295 16.895  245.9    0.209 1259      0.153  141.08   0.084
OGLE-LMC-LPV-13473  14.670 17.073   72.82   0.070  451.9    0.063 1342      0.048
OGLE-LMC-LPV-13477  14.949 17.423  127.29   0.336  112.07   0.097   69.70   0.058
OGLE-LMC-LPV-13485  13.933 16.880  208.7    0.167  114.21   0.104  708.2    0.083
OGLE-LMC-LPV-13488  15.238 17.119   63.99   0.217   68.44   0.150   70.41   0.143
OGLE-LMC-LPV-13491  14.079 17.332  338.4    0.177 1078      0.200 1786      0.066
OGLE-LMC-LPV-13492  14.125 16.416  299.3    0.704 6061      0.160  146.03   0.094
OGLE-LMC-LPV-13514  14.394 17.418   98.72   0.140  171.97   0.107 1383      0.122
OGLE-LMC-LPV-13525  14.111 17.346  183.18   0.182 2660      0.261  307.2    0.127
OGLE-LMC-LPV-13526  15.041 16.761   85.74   0.091  721.0    0.137   53.10   0.063
OGLE-LMC-LPV-13534  13.054 16.766  178.20   0.155 1028      0.146  320.6    0.108
OGLE-LMC-LPV-13554  14.461 16.432  117.82   0.181  188.71   0.070  483.8    0.061
OGLE-LMC-LPV-13561  13.999 16.884  168.46   0.080 4587      0.150 1134      0.080
OGLE-LMC-LPV-13566  14.659 16.624   57.33   0.081   59.00   0.052   89.09   0.039
OGLE-LMC-LPV-13570  13.551 16.710  283.2    0.222  317.1    0.155  428.4    0.115
OGLE-LMC-LPV-13578  14.182 18.011  131.21   0.405 1522      0.233  121.14   0.116
OGLE-LMC-LPV-13580  14.331 16.739  243.8    0.267  255.4    0.160  137.10   0.111
OGLE-LMC-LPV-13581  14.078 15.949  153.89   0.281 3937      0.184  147.15   0.107
OGLE-LMC-LPV-13589  15.100 16.656   42.780  0.053  257.5    0.049   46.516  0.035
OGLE-LMC-LPV-13594  13.270 16.110  503.5    0.274  203.1    0.093  315.8    0.058
OGLE-LMC-LPV-13610  14.118 17.271  749.1    0.386 6135      0.119  636.9    0.077
OGLE-LMC-LPV-13612  13.621 16.034 1089      0.160  231.9    0.086  868.8    0.059
OGLE-LMC-LPV-13614  13.846 16.328  152.05   0.091  290.9    0.083  431.6    0.041
OGLE-LMC-LPV-13626  13.993 16.818  165.48   0.139  861.3    0.167  147.38   0.085
OGLE-LMC-LPV-13632  13.612 16.437  406.2    0.442  306.1    0.154 3509      0.118
OGLE-LMC-LPV-13634  14.525 17.508  319.9    0.780 1198      0.272  240.6    0.082
OGLE-LMC-LPV-13635  14.033 17.335  109.48   0.144  948.8    0.135  217.1    0.069
OGLE-LMC-LPV-13645  14.497 16.447  109.56   0.161   62.08   0.117  757.6    0.078
OGLE-LMC-LPV-13657  14.206 17.291  127.96   0.137  115.70   0.104 1005      0.101
OGLE-LMC-LPV-13669  13.591 15.847  235.2    0.141 1145      0.126  148.74   0.096
OGLE-LMC-LPV-13676  14.205 16.620  152.74   0.071  895.3    0.065  101.92   0.048
OGLE-LMC-LPV-13688  14.305 16.025  149.81   0.553 1026      0.286  146.05   0.213
OGLE-LMC-LPV-13692  14.155 17.017   87.81   0.051  905.8    0.085  563.1    0.044
OGLE-LMC-LPV-13713  13.972 17.013  336.8    0.197  207.2    0.124  187.37   0.084
OGLE-LMC-LPV-13719  13.947 16.805  180.51   0.232  663.6    0.160  472.1    0.089
OGLE-LMC-LPV-13726  14.128 17.011  282.5    0.150  323.4    0.172 2336      0.075
OGLE-LMC-LPV-13745  14.972 16.614   71.21   0.155   67.33   0.059 1311      0.054
OGLE-LMC-LPV-13747  13.804 16.634 1031      0.826  733.1    0.162  114.10   0.093
OGLE-LMC-LPV-13751  13.934 16.327  129.27   0.080  910.7    0.133 3584      0.065
OGLE-LMC-LPV-13761  13.951 16.992  162.58   0.103  765.1    0.215  643.5    0.104
OGLE-LMC-LPV-13766  12.901 15.078  327.8    0.040  196.46   0.020  184.81   0.015
OGLE-LMC-LPV-13767  14.449 18.182  463.3    0.725 2165      0.291  461.5    0.170
OGLE-LMC-LPV-13774  14.507 16.419  149.82   0.329   79.45   0.103  133.78   0.095
OGLE-LMC-LPV-13794  14.243 17.066  154.99   0.208  222.2    0.100  146.95   0.069
OGLE-LMC-LPV-13796  14.733 16.627  104.06   0.126  112.11   0.108   71.90   0.051
OGLE-LMC-LPV-13801  14.305 17.935  212.0    0.167  123.75   0.153  109.85   0.091
OGLE-LMC-LPV-13807  14.168 17.901  856.2    0.250  704.7    0.155 3597      0.093
OGLE-LMC-LPV-13808  13.909 17.365  132.75   0.222 3650      0.112  145.79   0.090
OGLE-LMC-LPV-13818  14.367 17.244  169.72   0.151  861.3    0.212  318.9    0.081
OGLE-LMC-LPV-13828  14.319 17.159   89.89   0.149  690.6    0.112 1686      0.087
OGLE-LMC-LPV-13840  14.669 16.618   56.07   0.046  789.9    0.047   56.85   0.036
OGLE-LMC-LPV-13860  14.004 16.834  174.03   0.125  165.78   0.114  271.1    0.094
OGLE-LMC-LPV-13861  14.456 16.851   82.05   0.046  574.1    0.123 5435      0.104
OGLE-LMC-LPV-13870  14.306 16.507   97.39   0.032  919.1    0.063   95.05   0.037
OGLE-LMC-LPV-13892  14.310 16.346   67.98   0.122  769.2    0.112  121.58   0.059
OGLE-LMC-LPV-13893  14.075 17.659  245.2    0.269  205.7    0.129 1078      0.107
OGLE-LMC-LPV-13903  14.010 17.523  215.3    0.154  187.83   0.074  116.35   0.068
OGLE-LMC-LPV-13929  13.241 15.316  108.27   0.032 1290      0.052  246.9    0.026
OGLE-LMC-LPV-13933  14.316 17.021  170.14   0.162  351.0    0.143 2849      0.153
OGLE-LMC-LPV-13950  14.080 16.560  152.33   0.184  285.7    0.083  512.3    0.068
OGLE-LMC-LPV-13958  14.144 16.487  179.12   0.088  900.1    0.115  101.20   0.054
OGLE-LMC-LPV-13961  13.811 16.730  183.55   0.144 1724      0.367 4049      0.099
OGLE-LMC-LPV-13965  14.698 17.340  200.3    0.146  279.8    0.101 2538      0.090
OGLE-LMC-LPV-13966  13.259 15.396  221.7    0.042  290.4    0.037  126.06   0.024
OGLE-LMC-LPV-13972  13.867 16.699  272.9    0.225 1222      0.308  243.6    0.171
OGLE-LMC-LPV-13978  14.308 16.554   82.01   0.161 1035      0.095   75.63   0.058
OGLE-LMC-LPV-14000  14.291 17.037  103.25   0.036  602.4    0.170  401.0    0.110
OGLE-LMC-LPV-14001  14.087 16.733   95.40   0.119  733.1    0.078  103.72   0.068
OGLE-LMC-LPV-14012  14.194 16.823   86.20   0.098  738.6    0.085  128.70   0.050
OGLE-LMC-LPV-14026  13.885 16.010  901.7    0.230  401.8    0.134  734.8    0.103
OGLE-LMC-LPV-14056  14.279 17.018  118.30   0.076 6173      0.160  709.2    0.102
OGLE-LMC-LPV-14067  13.825 17.194  239.0    0.124 1285      0.145 1742      0.139
OGLE-LMC-LPV-14077  13.906 16.701  159.52   0.110 1427      0.342  969.0    0.099
OGLE-LMC-LPV-14078  14.505 16.903  132.40   0.118  122.85   0.075 1969      0.069
OGLE-LMC-LPV-14084  14.209 16.786  144.86   0.124  225.7    0.085  266.5    0.065
OGLE-LMC-LPV-14103  13.842 15.981   94.74   0.067 1026      0.060  144.36   0.048
OGLE-LMC-LPV-14114  15.263 17.621   46.087  0.052  282.3    0.071  253.0    0.052
OGLE-LMC-LPV-14121  14.171 17.379  111.67   0.170  106.92   0.119  212.3    0.109
OGLE-LMC-LPV-14129  14.425 17.406   94.19   0.152  116.65   0.176  723.6    0.126
OGLE-LMC-LPV-14132  14.493 18.509  133.07   0.212  232.0    0.169  125.05   0.090
OGLE-LMC-LPV-14134  14.476 17.367   92.94   0.123 1067      0.078   90.80   0.062
OGLE-LMC-LPV-14147  14.625 16.505   53.02   0.102   89.90   0.061  432.2    0.035
OGLE-LMC-LPV-14153  16.722 19.668  112.61   0.042 1132      1.029   89.61   0.438
OGLE-LMC-LPV-14156  14.405 17.710  109.85   0.092  118.33   0.083  567.5    0.072
OGLE-LMC-LPV-14168  13.713 16.584  186.41   0.278 1202      0.245  298.8    0.150
OGLE-LMC-LPV-14175  13.749 16.220  982.3    0.201  143.27   0.089  194.82   0.066
OGLE-LMC-LPV-14177  14.175 16.969  193.16   0.154  106.94   0.122  120.34   0.108
OGLE-LMC-LPV-14179  14.155 16.598  127.44   0.109 1381      0.100  966.2    0.053
OGLE-LMC-LPV-14185  14.385 16.804   79.45   0.107 1176      0.105  140.17   0.099
OGLE-LMC-LPV-14191  13.676 16.859  106.68   0.114   70.39   0.037   74.30   0.030
OGLE-LMC-LPV-14192  14.146 16.855  186.50   0.120  470.8    0.096  197.32   0.085
OGLE-LMC-LPV-14194  14.636 16.685   81.35   0.102  648.1    0.096   75.99   0.071
OGLE-LMC-LPV-14198  14.698 16.912   95.87   0.034 1698      0.087  410.3    0.070
OGLE-LMC-LPV-14213  13.899 16.817  331.2    0.191  601.7    0.139  249.4    0.080
OGLE-LMC-LPV-14219  14.409 17.159 1131      0.671 6803      0.370  532.5    0.230
OGLE-LMC-LPV-14220  14.373 16.078  126.68   0.258  120.25   0.192  132.01   0.098
OGLE-LMC-LPV-14222  14.317 17.559   97.22   0.124  471.3    0.101  178.25   0.073
OGLE-LMC-LPV-14233  13.844 16.311  134.21   0.085 1015      0.107  203.6    0.061
OGLE-LMC-LPV-14239  14.071 17.148  239.4    0.227  124.88   0.130  259.9    0.091
OGLE-LMC-LPV-14240  13.957 16.233  888.4    0.154  700.3    0.066  111.62   0.053
OGLE-LMC-LPV-14253  14.177 17.291  173.70   0.092 2183      0.397  331.1    0.111
OGLE-LMC-LPV-14266  14.260 18.057  222.7    0.256  236.2    0.167 1018      0.158
OGLE-LMC-LPV-14274  14.203 16.999  155.12   0.106 1887      0.112  193.57   0.061
OGLE-LMC-LPV-14278  14.436 17.589  161.30   0.261  718.9    0.105  290.8    0.074
OGLE-LMC-LPV-14295  14.870 17.563   62.83   0.073  389.7    0.095  576.4    0.061
OGLE-LMC-LPV-14296  14.961 17.576   70.43   0.094  510.5    0.089 2538      0.056
OGLE-LMC-LPV-14299  14.057 17.602  118.54   0.108  859.1    0.120  107.10   0.085
OGLE-LMC-LPV-14302  14.076 17.428  376.2    0.356  298.1    0.113  694.4    0.075
OGLE-LMC-LPV-14304  14.232 17.655  228.9    0.239 3425      0.574  429.4    0.152
OGLE-LMC-LPV-14307  14.248 17.516  195.59   0.235  348.3    0.172  303.9    0.078
OGLE-LMC-LPV-14311  14.122 16.950  168.83   0.167 1241      0.350 3597      0.141
OGLE-LMC-LPV-14318  14.664 16.298   63.47   0.047   38.634  0.039   69.22   0.034
OGLE-LMC-LPV-14323  13.228 15.736  197.65   0.204  691.6    0.085  178.60   0.066
OGLE-LMC-LPV-14328  14.304 16.781   76.64   0.047  418.1    0.104  585.1    0.088
OGLE-LMC-LPV-14344  15.029 17.090   57.82   0.037  698.8    0.062   55.15   0.035
OGLE-LMC-LPV-14359  14.937 17.549   64.83   0.243  113.29   0.135  825.1    0.075
OGLE-LMC-LPV-14388  13.477 15.580  185.29   0.171  692.5    0.154  198.14   0.087
OGLE-LMC-LPV-14389  13.753 16.330  992.8    0.426 4425      0.065  240.7    0.056
OGLE-LMC-LPV-14403  14.482 16.583  153.44   0.158  164.80   0.059   85.47   0.057
OGLE-LMC-LPV-14405  14.667 18.063   88.75   0.087 1065      0.147 5587      0.101
OGLE-LMC-LPV-14408  13.422 16.312  518.7    0.428  285.8    0.118  639.8    0.107
OGLE-LMC-LPV-14436  14.152 16.703  170.91   0.070 1894      0.125  107.18   0.071
OGLE-LMC-LPV-14439  14.141 16.818  151.13   0.166  282.4    0.187  511.2    0.074
OGLE-LMC-LPV-14451  14.428 16.465  125.92   0.126  114.17   0.077  130.40   0.085
OGLE-LMC-LPV-14472  13.903 16.446  210.8    0.130  754.1    0.108  198.73   0.073
OGLE-LMC-LPV-14489  14.149 16.613  168.24   0.086  896.1    0.154  382.1    0.066
OGLE-LMC-LPV-14496  14.022 16.562  152.70   0.084  300.7    0.073  504.0    0.062
OGLE-LMC-LPV-14500  14.061 16.805  158.30   0.125 3610      0.144  140.04   0.046
OGLE-LMC-LPV-14502  14.114 16.745  141.64   0.101 1727      0.192  212.1    0.091
OGLE-LMC-LPV-14503  14.254 17.669  103.57   0.136  649.8    0.141  195.77   0.085
OGLE-LMC-LPV-14523  13.845 16.282  146.78   0.135 1590      0.075  283.0    0.065
OGLE-LMC-LPV-14546  15.014 16.510   49.965  0.038  281.5    0.056   45.933  0.034
OGLE-LMC-LPV-14555  14.790 16.485   80.25   0.160   37.184  0.068   75.35   0.064
OGLE-LMC-LPV-14565  16.372 18.891  203.5    0.290 3610      2.838  834.0    1.181
OGLE-LMC-LPV-14567  14.540 17.021  180.92   0.123  870.3    0.074  125.23   0.058
OGLE-LMC-LPV-14568  14.016 16.682  146.71   0.098 1242      0.154  134.61   0.077
OGLE-LMC-LPV-14576  14.536 17.621  210.5    0.119   83.72   0.076  268.3    0.064
OGLE-LMC-LPV-14577  14.407 16.122   95.18   0.131  599.2    0.103  101.06   0.069
OGLE-LMC-LPV-14585  14.262 15.852   48.160  0.074   86.87   0.065   79.68   0.067
OGLE-LMC-LPV-14588  14.453 16.570   79.01   0.034  650.2    0.050   70.24   0.035
OGLE-LMC-LPV-14590  14.612 17.070  804.5    0.153  346.1    0.083 2169      0.064
OGLE-LMC-LPV-14602  13.169 15.369  183.14   0.147  194.25   0.115  473.9    0.069
OGLE-LMC-LPV-14610  14.287 17.067   91.20   0.131  396.5    0.175  670.7    0.105
OGLE-LMC-LPV-14612  14.573 16.279   49.487  0.033   69.58   0.030  748.5    0.024
OGLE-LMC-LPV-14614  13.811 16.632  170.82   0.149 1815      0.494  325.8    0.144
OGLE-LMC-LPV-14615  14.908 16.623   80.15   0.119   85.34   0.081   78.35   0.069
OGLE-LMC-LPV-14632  14.088 16.661   95.78   0.102 1067      0.114  718.9    0.065
OGLE-LMC-LPV-14637  14.283 16.907  925.5    0.275  245.6    0.084 2809      0.077
OGLE-LMC-LPV-14638  14.178 17.605  127.51   0.219  224.6    0.166 1639      0.160
OGLE-LMC-LPV-14654  13.995 16.053  180.24   0.513  166.78   0.250 2227      0.107
OGLE-LMC-LPV-14671  14.116 16.872  165.95   0.095 1592      0.130  697.4    0.098
OGLE-LMC-LPV-14672  13.775 17.146  236.9    0.285  442.7    0.126  381.4    0.071
OGLE-LMC-LPV-14673  13.934 16.968  146.71   0.079 1094      0.065  714.8    0.053
OGLE-LMC-LPV-14677  14.410 16.583   76.13   0.125   77.83   0.084   68.90   0.071
OGLE-LMC-LPV-14683  15.300 17.572   93.73   0.221   91.13   0.135  107.35   0.114
OGLE-LMC-LPV-14704  14.268 16.888  306.8    0.235  289.2    0.081  173.19   0.076
OGLE-LMC-LPV-14708  14.114 17.267  228.4    0.233  127.89   0.133  522.7    0.108
OGLE-LMC-LPV-14709  13.955 17.499  870.3    0.422 1027      0.088  119.13   0.075
OGLE-LMC-LPV-14727  14.496 16.212  103.83   0.373  111.52   0.112   52.99   0.074
OGLE-LMC-LPV-14735  13.982 16.718  168.61   0.141 3690      0.172  250.9    0.088
OGLE-LMC-LPV-14736  14.533 17.322  120.31   0.086 2525      0.207  345.3    0.128
OGLE-LMC-LPV-14740  14.074 17.245  204.9    0.182  399.7    0.190  258.9    0.088
OGLE-LMC-LPV-14746  14.194 17.491  110.40   0.146  797.4    0.163  572.1    0.109
OGLE-LMC-LPV-14750  13.383 16.152  219.5    0.231  327.3    0.123  846.7    0.110
OGLE-LMC-LPV-14766  14.127 17.430  113.01   0.177  817.7    0.247 2247      0.156
OGLE-LMC-LPV-14776  14.310 17.347  102.95   0.172  173.67   0.191 1126      0.139
OGLE-LMC-LPV-14778  13.573 15.605   91.13   0.052 3125      0.063   95.75   0.044
OGLE-LMC-LPV-14781  15.061 17.706  124.43   0.336  136.17   0.148  115.21   0.073
OGLE-LMC-LPV-14801  14.327 17.705   85.40   0.063 3205      0.105  182.55   0.071
OGLE-LMC-LPV-14808  14.205 16.599   99.95   0.102 4202      0.193  310.6    0.056
OGLE-LMC-LPV-14811  13.742 16.360 1107      0.360  151.93   0.098 2217      0.077
OGLE-LMC-LPV-14818  13.932 16.586  165.34   0.061  728.9    0.289 1307      0.191
OGLE-LMC-LPV-14837  14.117 17.376  205.8    0.327  533.3    0.214  392.9    0.146
OGLE-LMC-LPV-14841  14.150 16.430   75.28   0.074  414.9    0.105 1527      0.099
OGLE-LMC-LPV-14846  14.133 17.413  118.20   0.172  191.13   0.132  216.8    0.105
OGLE-LMC-LPV-14851  14.603 17.694  218.2    0.069  248.6    0.051  375.9    0.041
OGLE-LMC-LPV-14872  14.178 16.938   90.21   0.069  538.2    0.161 2232      0.119
OGLE-LMC-LPV-14883  14.192 17.180  166.03   0.093 1339      0.206 3472      0.098
OGLE-LMC-LPV-14887  14.586 17.440  191.48   0.273 1013      0.146  105.59   0.089
OGLE-LMC-LPV-14898  14.453 16.608   95.49   0.094   58.06   0.056   53.46   0.040
OGLE-LMC-LPV-14900  14.264 17.076  160.89   0.246 4049      0.214  171.14   0.080
OGLE-LMC-LPV-14912  14.463 16.665  137.44   0.070   91.02   0.051 3597      0.047
OGLE-LMC-LPV-14916  14.030 16.983  113.02   0.106  747.4    0.107  214.5    0.093
OGLE-LMC-LPV-14917  13.694 16.668  378.1    0.167 2193      0.123  204.1    0.065
OGLE-LMC-LPV-14919  14.705 17.055   83.89   0.060  643.5    0.146 1171      0.104
OGLE-LMC-LPV-14945  14.284 16.612   92.18   0.069 1792      0.086   99.14   0.036
OGLE-LMC-LPV-14981  14.785 17.160  185.84   0.341 4132      0.904  173.10   0.209
OGLE-LMC-LPV-15005  14.128 16.939  614.3    0.241  675.2    0.145 6757      0.132
OGLE-LMC-LPV-15017  14.502 17.956  306.2    0.155  805.2    0.259 6024      0.204
OGLE-LMC-LPV-15026  13.987 16.086   86.20   0.051   63.24   0.032  139.20   0.029
OGLE-LMC-LPV-15033  14.366 17.589  210.1    0.441  110.83   0.154  194.70   0.137
OGLE-LMC-LPV-15036  13.322 16.498  267.3    0.144 1529      0.111  146.20   0.072
OGLE-LMC-LPV-15044  14.017 17.124  210.2    0.169  123.49   0.078  257.9    0.065
OGLE-LMC-LPV-15064  14.150 17.037  147.06   0.124 2331      0.288  141.66   0.125
OGLE-LMC-LPV-15066  14.380 17.105   95.15   0.113 1072      0.114   93.02   0.087
OGLE-LMC-LPV-15083  14.559    -     93.88   0.163  956.9    0.118   86.84   0.071
OGLE-LMC-LPV-15095  14.182 16.774  190.60   0.276  102.36   0.142  177.18   0.114
OGLE-LMC-LPV-15104  14.304 16.428  106.35   0.107  190.55   0.115  206.6    0.088
OGLE-LMC-LPV-15106  14.434 16.752  141.43   0.194   76.06   0.111  133.55   0.073
OGLE-LMC-LPV-15112  14.137 16.602  112.21   0.113  944.3    0.164  540.0    0.064
OGLE-LMC-LPV-15114  14.407 16.687  143.75   0.105  556.5    0.050   76.22   0.039
OGLE-LMC-LPV-15116  14.182 16.495   77.47   0.051  579.4    0.130  142.51   0.092
OGLE-LMC-LPV-15119  13.393 16.028  196.77   0.240 1592      0.228  210.4    0.049
OGLE-LMC-LPV-15128  13.240 15.555  232.6    0.213 3205      0.125  383.0    0.078
OGLE-LMC-LPV-15133  14.274 16.318   59.67   0.051  478.5    0.051   62.48   0.039
OGLE-LMC-LPV-15139  14.206 16.608  177.94   0.093 1072      0.152  880.3    0.098
OGLE-LMC-LPV-15140  14.237 17.285  186.17   0.277  365.6    0.156  315.2    0.149
OGLE-LMC-LPV-15148  14.835 17.056   73.16   0.029 3030      0.100  778.2    0.046
OGLE-LMC-LPV-15160  14.690 17.104  155.66   0.142   94.25   0.077  101.35   0.066
OGLE-LMC-LPV-15166  14.199 17.386  735.8    0.435  555.2    0.131 2793      0.111
OGLE-LMC-LPV-15169  13.627 16.085  269.0    0.107  148.15   0.078 1340      0.060
OGLE-LMC-LPV-15173  15.099 17.236  100.57   0.265   53.23   0.164  103.84   0.090
OGLE-LMC-LPV-15178  14.035 16.192  221.9    0.229  122.68   0.082  113.10   0.079
OGLE-LMC-LPV-15181  14.135 17.481  110.30   0.219  656.2    0.162  166.28   0.085
OGLE-LMC-LPV-15194  13.837 16.762  161.32   0.080  772.2    0.072  101.11   0.062
OGLE-LMC-LPV-15198  14.260 16.439   73.61   0.049   64.97   0.045   81.89   0.043
OGLE-LMC-LPV-15206  14.074 16.615  260.5    0.183  144.95   0.176 1078      0.126
OGLE-LMC-LPV-15212  14.644 16.222   68.48   0.056   79.97   0.039  180.60   0.037
OGLE-LMC-LPV-15216  14.429 16.686   68.91   0.064  821.0    0.077  121.26   0.063
OGLE-LMC-LPV-15230  14.057 17.254  101.49   0.104  927.6    0.142  239.2    0.051
OGLE-LMC-LPV-15245  13.847 17.512  312.0    0.421  171.61   0.161  391.4    0.120
OGLE-LMC-LPV-15251  14.454 16.750   87.49   0.053  662.7    0.063  436.3    0.033
OGLE-LMC-LPV-15260  14.812 17.466  153.43   0.739  304.5    0.219  162.87   0.113
OGLE-LMC-LPV-15271  14.388 16.835   68.39   0.039  246.7    0.084  268.0    0.046
OGLE-LMC-LPV-15274  14.119 17.487  196.43   0.161 2532      0.244  348.6    0.128
OGLE-LMC-LPV-15294  13.700 16.294  138.18   0.134  747.9    0.199 1321      0.121
OGLE-LMC-LPV-15306  14.219 16.902   93.29   0.102  244.6    0.074  101.07   0.063
OGLE-LMC-LPV-15310  15.308 17.464   44.185  0.052   67.31   0.043   71.80   0.041
OGLE-LMC-LPV-15323  14.492 17.851  178.13   0.314 1252      0.377  349.3    0.135
OGLE-LMC-LPV-15335  14.218 17.739  472.6    0.537 4082      0.141  345.4    0.065
OGLE-LMC-LPV-15354  14.148 16.790  274.2    0.136 1792      0.131 6944      0.101
OGLE-LMC-LPV-15355  14.231 17.688  215.9    0.300  124.70   0.158  200.3    0.109
OGLE-LMC-LPV-15372  14.477 17.811  101.19   0.119  515.7    0.239 1021      0.097
OGLE-LMC-LPV-15392  14.155 16.097  133.58   0.253  112.17   0.268  218.4    0.254
OGLE-LMC-LPV-15393  14.507 17.334  273.9    0.194 2045      0.162 4237      0.097
OGLE-LMC-LPV-15394  14.344 16.228   63.58   0.041  740.2    0.042   64.24   0.040
OGLE-LMC-LPV-15397  13.879 16.872  293.3    0.133  327.3    0.123  179.79   0.092
OGLE-LMC-LPV-15407  14.261 16.726  107.63   0.072  695.4    0.087  102.56   0.038
OGLE-LMC-LPV-15409  12.468 15.659  424.2    0.741  232.0    0.095  256.1    0.081
OGLE-LMC-LPV-15410  14.156 16.578  184.77   0.795  218.1    0.182 2123      0.153
OGLE-LMC-LPV-15413  14.377 17.103  359.6    0.372  472.8    0.142  263.9    0.109
OGLE-LMC-LPV-15448  14.232 17.385  352.7    0.478  187.02   0.158  654.0    0.142
OGLE-LMC-LPV-15450  14.194 18.013  127.11   0.107  926.8    0.111  189.25   0.074
OGLE-LMC-LPV-15478  14.328 16.633   71.66   0.113   66.07   0.062 1656      0.048
OGLE-LMC-LPV-15481  14.239 16.960   92.72   0.328 1266      0.177   83.24   0.105
OGLE-LMC-LPV-15490  14.003 16.907  161.70   0.172 3425      0.175  150.69   0.116
OGLE-LMC-LPV-15492  14.394 16.442   68.45   0.052  396.2    0.052   79.15   0.038
OGLE-LMC-LPV-15498  14.428 17.258  305.8    0.244  332.4    0.079  261.2    0.057
OGLE-LMC-LPV-15499  14.377 16.642  255.9    0.613  289.5    0.244 3030      0.137
OGLE-LMC-LPV-15505  14.371 17.452  352.1    0.435 2283      0.155  168.38   0.134
OGLE-LMC-LPV-15513  14.793 17.879  167.62   0.070 2421      0.236  220.8    0.079
OGLE-LMC-LPV-15534  14.283 16.821  242.9    0.254  265.5    0.180  128.77   0.143
OGLE-LMC-LPV-15541  14.032 17.049  109.31   0.136 1520      0.130  185.43   0.105
OGLE-LMC-LPV-15549  13.761 16.131  129.38   0.102  137.78   0.112  881.8    0.109
OGLE-LMC-LPV-15556  14.427 16.887  394.4    0.657  568.2    0.117  315.1    0.086
OGLE-LMC-LPV-15558  14.397 16.142   99.02   0.212  500.8    0.074   92.89   0.072
OGLE-LMC-LPV-15562  14.472 16.543  148.55   0.464  168.72   0.124   78.73   0.097
OGLE-LMC-LPV-15564  14.454 16.887   85.23   0.075  854.0    0.101   74.61   0.075
OGLE-LMC-LPV-15566  14.124 17.325  219.4    0.244 1650      0.236  415.5    0.141
OGLE-LMC-LPV-15567  14.467 17.510   83.83   0.076  420.7    0.174  327.7    0.097
OGLE-LMC-LPV-15581  14.306 18.080  124.70   0.138  229.7    0.145  121.29   0.098
OGLE-LMC-LPV-15585  14.135 17.280  196.12   0.128 1706      0.190  175.38   0.058
OGLE-LMC-LPV-15596  14.605 16.661   58.02   0.021  339.7    0.037 6993      0.037
OGLE-LMC-LPV-15610  14.331 16.802   84.72   0.129  271.4    0.114   80.01   0.070
OGLE-LMC-LPV-15623  13.340 15.549 1387      0.153  147.60   0.052  905.8    0.034
OGLE-LMC-LPV-15625  14.157 16.979  265.5    0.226  159.59   0.165 2000      0.084
OGLE-LMC-LPV-15632  13.996 17.208  378.1    0.164  205.7    0.104 1279      0.090
OGLE-LMC-LPV-15634  14.688 16.720   77.26   0.044  611.6    0.054   45.620  0.037
OGLE-LMC-LPV-15637  14.333 17.184  189.54   0.158  328.2    0.117  383.7    0.081
OGLE-LMC-LPV-15655  15.151 17.933   59.49   0.071   57.96   0.057 3344      0.048
OGLE-LMC-LPV-15659  14.210 17.152  160.80   0.153 1919      0.270  258.3    0.104
OGLE-LMC-LPV-15664  13.875 16.675  170.21   0.151  794.9    0.163  279.8    0.117
OGLE-LMC-LPV-15673  13.939 17.138   95.67   0.097  910.7    0.124 2632      0.065
OGLE-LMC-LPV-15703  14.302 16.553   78.71   0.093  136.89   0.102  848.9    0.079
OGLE-LMC-LPV-15705  14.053 16.872 1645      0.240  183.25   0.097  317.3    0.062
OGLE-LMC-LPV-15707  16.900 21.547  420.7    0.348 1256      0.289 2309      0.232
OGLE-LMC-LPV-15715  14.349 17.607  108.46   0.168  113.69   0.116  110.53   0.104
OGLE-LMC-LPV-15720  14.500 17.021  227.8    0.327  122.03   0.117  107.38   0.070
OGLE-LMC-LPV-15722  14.161 16.494  188.22   0.218  175.65   0.113   97.85   0.086
OGLE-LMC-LPV-15727  14.893 17.867  312.7    0.185  768.6    0.124  211.8    0.096
OGLE-LMC-LPV-15728  13.913 16.387  321.9    0.190 1284      0.106  170.82   0.063
OGLE-LMC-LPV-15729  15.030 16.891   67.81   0.039   69.97   0.030   65.56   0.027
OGLE-LMC-LPV-15734  14.135 17.214  110.45   0.295  196.16   0.180  106.55   0.094
OGLE-LMC-LPV-15735  14.314 16.814  140.15   0.094  919.1    0.116  235.6    0.062
OGLE-LMC-LPV-15738  14.066 16.614   87.74   0.076 1064      0.100  143.82   0.071
OGLE-LMC-LPV-15763  14.057 17.262  116.17   0.169  128.02   0.111  210.2    0.113
OGLE-LMC-LPV-15769  14.560 17.929   99.82   0.208  472.6    0.168  167.81   0.142
OGLE-LMC-LPV-15771  14.089 17.031  364.8    0.422  550.1    0.152  413.6    0.090
OGLE-LMC-LPV-15779  14.496 17.086  979.4    0.659  741.8    0.095  196.70   0.057
OGLE-LMC-LPV-15780  12.657 15.892  242.5    0.718  481.2    0.599  598.8    0.191
OGLE-LMC-LPV-15788  14.620 16.929  130.96   0.194  142.86   0.071   75.06   0.055
OGLE-LMC-LPV-15815  14.826 17.970  463.4    0.575 2755      0.782  225.0    0.203
OGLE-LMC-LPV-15817  13.935 16.617  224.1    0.171  751.3    0.143  466.6    0.110
OGLE-LMC-LPV-15840  15.111 16.992   85.80   0.246   73.42   0.092   44.534  0.075
OGLE-LMC-LPV-15841  14.433 17.929  102.50   0.092  744.0    0.111  107.24   0.079
OGLE-LMC-LPV-15852  13.646 15.578  105.02   0.046 1605      0.070  110.38   0.037
OGLE-LMC-LPV-15861  13.574 15.718  108.86   0.058 1093      0.047  101.98   0.027
OGLE-LMC-LPV-15864  14.594 17.119  186.95   0.109 2717      0.060  160.59   0.059
OGLE-LMC-LPV-15869  14.249 17.441  199.11   0.188  333.3    0.162 3145      0.138
OGLE-LMC-LPV-15878  14.145 16.869   86.22   0.064  698.8    0.127  495.5    0.063
OGLE-LMC-LPV-15904  14.042 16.453  283.1    0.204  152.39   0.089  989.1    0.079
OGLE-LMC-LPV-15908  14.626 16.599  109.15   0.206   96.34   0.099  746.3    0.064
OGLE-LMC-LPV-15920  13.338 15.566  151.48   0.122 1235      0.094  222.5    0.038
OGLE-LMC-LPV-15924  14.596    -    282.8    0.548  753.0    0.109  155.81   0.098
OGLE-LMC-LPV-15927  14.627 16.236   44.811  0.034  370.8    0.029   74.72   0.025
OGLE-LMC-LPV-15939  15.150 17.463   46.226  0.058  129.00   0.052   72.30   0.037
OGLE-LMC-LPV-15940  14.451 16.532   65.02   0.038  476.6    0.032   96.94   0.029
OGLE-LMC-LPV-15942  14.673 17.488  139.08   0.132  265.0    0.126  215.3    0.082
OGLE-LMC-LPV-15947  14.689 16.434   49.442  0.039  431.2    0.033   79.02   0.027
OGLE-LMC-LPV-15948  14.475 17.655  401.3    0.334 1715      0.445  326.3    0.299
OGLE-LMC-LPV-15954  14.223 16.917 1396      0.392  210.2    0.117  118.86   0.074
OGLE-LMC-LPV-15957  14.097    -    126.17   0.118  735.8    0.080  984.3    0.044
OGLE-LMC-LPV-15960  13.693 16.221 1205      0.586 2398      0.161 4149      0.109
OGLE-LMC-LPV-15966  14.118 16.905  103.07   0.219   96.53   0.099   92.52   0.090
OGLE-LMC-LPV-15970  14.409 17.416  156.13   0.114  656.6    0.217  856.9    0.101
OGLE-LMC-LPV-15972  13.964 16.784  173.15   0.270 1435      0.115  184.98   0.101
OGLE-LMC-LPV-15991  13.823 16.359  157.77   0.172  170.68   0.090  932.8    0.081
OGLE-LMC-LPV-15992  13.409 16.464  243.3    0.195 3861      0.326  473.9    0.087
OGLE-LMC-LPV-15994  14.202 16.953  149.63   0.187 1546      0.262  321.2    0.145
OGLE-LMC-LPV-16000  13.070 15.712  236.7    0.102  132.75   0.082 1422      0.059
OGLE-LMC-LPV-16034  14.483 16.271  165.59   0.777  206.1    0.107   91.02   0.091
OGLE-LMC-LPV-16039  14.406 16.974  297.1    0.204  156.40   0.112  341.4    0.077
OGLE-LMC-LPV-16042  14.069 17.541  246.1    0.619  135.54   0.208  321.1    0.134
OGLE-LMC-LPV-16043  14.275 16.451  130.95   0.093   76.27   0.067  136.31   0.059
OGLE-LMC-LPV-16044  14.974 18.200   80.33   0.204 1018      0.143   83.19   0.118
OGLE-LMC-LPV-16050  14.174 16.216  170.91   0.481  157.36   0.176 1529      0.128
OGLE-LMC-LPV-16056  14.506 16.724   96.24   0.054 1949      0.168  428.8    0.069
OGLE-LMC-LPV-16057  12.890 16.558  455.6    0.636  267.7    0.105  110.55   0.053
OGLE-LMC-LPV-16058  14.175 17.525  180.48   0.168  754.1    0.156  606.4    0.094
OGLE-LMC-LPV-16062  14.503 17.501  100.85   0.113  708.7    0.112 1517      0.089
OGLE-LMC-LPV-16068  14.799 17.306  125.02   0.078 1079      0.171  248.3    0.082
OGLE-LMC-LPV-16070  13.694 16.668  234.1    0.139 2611      0.368  414.1    0.144
OGLE-LMC-LPV-16096  13.931 16.590  151.05   0.182 1381      0.105  164.69   0.076
OGLE-LMC-LPV-16113  14.687 16.827   82.40   0.056  718.9    0.146  862.8    0.070
OGLE-LMC-LPV-16118  14.205 17.497  205.4    0.127  418.6    0.215  639.0    0.140
OGLE-LMC-LPV-16119  14.054 16.614  151.91   0.091 1332      0.157  551.3    0.100
OGLE-LMC-LPV-16122  14.262 17.474  343.2    0.310 1862      0.374  519.5    0.172
OGLE-LMC-LPV-16124  14.720 17.816  162.42   0.083 1161      0.115  237.3    0.069
OGLE-LMC-LPV-16133  14.610 17.285  167.90   0.092  581.4    0.200  523.3    0.104
OGLE-LMC-LPV-16136  14.132 16.309   95.23   0.081  961.5    0.050  103.35   0.039
OGLE-LMC-LPV-16154  14.387 16.370   64.70   0.231  923.4    0.097  107.37   0.066
OGLE-LMC-LPV-16156  14.159 17.056  172.89   0.139 2212      0.390  335.2    0.130
OGLE-LMC-LPV-16157  14.100 16.865   93.76   0.094  139.63   0.072  529.7    0.046
OGLE-LMC-LPV-16159  14.248 17.668  789.9    0.356 7194      0.156  162.28   0.112
OGLE-LMC-LPV-16166  14.169 17.534  426.4    0.261 6623      0.195  644.3    0.103
OGLE-LMC-LPV-16169  14.082 16.770  217.1    0.209 1590      0.179 4098      0.113
OGLE-LMC-LPV-16173  14.201 16.636  104.73   0.071 1266      0.164  325.4    0.115
OGLE-LMC-LPV-16179  14.036 17.374  215.8    0.108  254.4    0.144  134.23   0.119
OGLE-LMC-LPV-16181  14.269 17.104   93.78   0.065  499.5    0.113 1059      0.080
OGLE-LMC-LPV-16185  14.455 17.300   74.97   0.076  877.2    0.113   78.84   0.074
OGLE-LMC-LPV-16192  14.600 15.314  170.27   0.154 4219      0.486   56.77   0.037
OGLE-LMC-LPV-16195  14.078 17.001  123.24   0.120  247.2    0.127  217.7    0.074
OGLE-LMC-LPV-16207  14.224 18.200  136.60   0.282  241.0    0.215  422.7    0.097
OGLE-LMC-LPV-16212  14.166 16.979  288.6    0.143 2020      0.128  155.96   0.080
OGLE-LMC-LPV-16226  13.986 16.401  151.65   0.108 5618      0.211  787.4    0.130
OGLE-LMC-LPV-16230  14.334 17.566  330.8    0.633 1086      0.188 6897      0.140
OGLE-LMC-LPV-16238  14.063 16.469  275.5    0.276  246.5    0.121  202.1    0.097
OGLE-LMC-LPV-16241  14.681 16.693  208.5    0.457  235.7    0.126  184.50   0.093
OGLE-LMC-LPV-16248  14.084 16.508  849.6    0.346  318.5    0.105   99.37   0.072
OGLE-LMC-LPV-16256  14.226 17.191  366.2    0.785 5181      0.243 1297      0.145
OGLE-LMC-LPV-16263  14.388 17.003  262.3    0.208  297.2    0.107 1996      0.075
OGLE-LMC-LPV-16264  14.643 15.786   52.14   0.035  124.02   0.024  399.5    0.022
OGLE-LMC-LPV-16272  14.203 17.469  112.12   0.089  114.61   0.089  179.76   0.064
OGLE-LMC-LPV-16282  14.319 16.749  208.2    0.133  941.6    0.114 4098      0.056
OGLE-LMC-LPV-16292  14.101 17.508  123.85   0.178  120.42   0.113  213.8    0.077
OGLE-LMC-LPV-16293  14.163 17.154  215.0    0.255 1035      0.140  758.2    0.078
OGLE-LMC-LPV-16296  14.132 17.672  109.85   0.083 1241      0.109  185.77   0.084
OGLE-LMC-LPV-16303  14.235 16.293  170.07   0.477  160.36   0.293 3012      0.263
OGLE-LMC-LPV-16312  14.068 17.232  169.69   0.149  572.4    0.082  108.24   0.081
OGLE-LMC-LPV-16329  15.160 17.225   49.013  0.118   84.47   0.103   86.20   0.094
OGLE-LMC-LPV-16330  13.993 16.420  219.3    0.145  800.6    0.101 1346      0.074
OGLE-LMC-LPV-16343  14.048 17.160  333.4    0.145 2331      0.323  194.29   0.084
OGLE-LMC-LPV-16352  13.935 16.471  155.62   0.112  148.57   0.110  732.6    0.098
OGLE-LMC-LPV-16357  14.755 16.520   78.06   0.087   96.71   0.049  344.4    0.039
OGLE-LMC-LPV-16365  15.106 17.382  250.7    0.143 5464      1.398  125.96   0.129
OGLE-LMC-LPV-16370  14.666 16.338  103.69   0.062   85.76   0.057   58.87   0.053
OGLE-LMC-LPV-16393  14.593 16.859   59.33   0.052  509.2    0.082  391.7    0.049
OGLE-LMC-LPV-16405  14.266 17.639  197.90   0.095 3745      0.228  184.06   0.085
OGLE-LMC-LPV-16418  14.628 17.931  397.6    0.245 5917      0.643 1305      0.367
OGLE-LMC-LPV-16447  14.128 16.577  294.2    0.779  877.2    0.152 1838      0.096
OGLE-LMC-LPV-16448  14.693 16.694   83.56   0.044   47.762  0.026  480.3    0.022
OGLE-LMC-LPV-16460  14.320 16.579  162.25   0.510   84.14   0.145   74.39   0.104
OGLE-LMC-LPV-16481  14.950 17.627  209.7    0.800 3802      0.200  804.5    0.199
OGLE-LMC-LPV-16485  14.548 17.903  640.6    0.258  164.07   0.137  427.4    0.129
OGLE-LMC-LPV-16488  14.993 17.461   82.88   0.057  307.6    0.059   55.22   0.054
OGLE-LMC-LPV-16497  14.621 17.458  292.1    0.152 2070      0.149  331.2    0.077
OGLE-LMC-LPV-16500  13.953 16.768  164.73   0.143 1565      0.099  100.12   0.077
OGLE-LMC-LPV-16502  13.538 16.033  189.44   0.095 2475      0.173 5747      0.091
OGLE-LMC-LPV-16504  14.701 16.767   81.67   0.028  333.3    0.036  253.9    0.031
OGLE-LMC-LPV-16506  14.029 17.043  177.78   0.241  167.95   0.193 1527      0.133
OGLE-LMC-LPV-16519  14.111 17.425  103.64   0.079  667.1    0.122  186.12   0.074
OGLE-LMC-LPV-16528  14.762 16.904   85.65   0.120  150.92   0.066  332.7    0.046
OGLE-LMC-LPV-16540  15.480 17.933   45.146  0.058   39.610  0.047  652.7    0.043
OGLE-LMC-LPV-16543  14.450 17.543  201.8    0.453  218.2    0.288  394.8    0.194
OGLE-LMC-LPV-16549  13.920 16.707 1144      0.293 7143      0.104  171.14   0.081
OGLE-LMC-LPV-16574  13.819 16.362  153.54   0.073  982.3    0.176  626.6    0.097
OGLE-LMC-LPV-16582  14.259 17.038  134.32   0.088 1377      0.122  146.76   0.059
OGLE-LMC-LPV-16592  13.961 16.889  143.40   0.186  219.3    0.100 5848      0.095
OGLE-LMC-LPV-16596  14.798 16.878  138.04   0.679  117.32   0.231  141.46   0.212
OGLE-LMC-LPV-16660  14.394 17.810  105.03   0.154  166.06   0.114  826.4    0.098
OGLE-LMC-LPV-16666  14.038 16.194   89.36   0.029 1140      0.069 2169      0.050
OGLE-LMC-LPV-16678  14.022 16.135  130.11   0.056  435.5    0.044  253.0    0.043
OGLE-LMC-LPV-16680  14.738 16.420   44.610  0.073  402.4    0.035   66.89   0.032
OGLE-LMC-LPV-16692  14.069 17.192  120.56   0.140  110.40   0.110  283.8    0.086
OGLE-LMC-LPV-16701  14.015 17.219  110.35   0.146  604.2    0.111  277.3    0.076
OGLE-LMC-LPV-16713  14.705 16.683   61.33   0.043   99.74   0.047  108.41   0.041
OGLE-LMC-LPV-16714  14.815 17.238  237.0    0.421 2865      0.397  226.7    0.176
OGLE-LMC-LPV-16728  14.792 17.740  165.37   0.125  488.3    0.153  932.8    0.099
OGLE-LMC-LPV-16735  14.069 16.693  171.82   0.105 2488      0.171  329.4    0.099
OGLE-LMC-LPV-16746  13.801 16.396  277.1    0.259 1361      0.160  156.20   0.085
OGLE-LMC-LPV-16754  14.104 17.176  104.25   0.059  535.9    0.101  159.31   0.067
OGLE-LMC-LPV-16771  14.401 16.969  142.78   0.146  895.3    0.140   83.98   0.062
OGLE-LMC-LPV-16779  14.326 16.666   94.32   0.042  757.6    0.094  554.3    0.063
OGLE-LMC-LPV-16783  15.126 16.829   36.397  0.027  301.4    0.081 1996      0.031
OGLE-LMC-LPV-16787  14.387 17.230   90.98   0.128  805.8    0.136   97.09   0.073
OGLE-LMC-LPV-16794  14.284 17.616  447.1    0.662 1147      0.163 1623      0.137
OGLE-LMC-LPV-16795  13.451 15.986  441.1    0.563 1255      0.180  206.1    0.068
OGLE-LMC-LPV-16799  14.120 16.722 1354      0.260  135.35   0.152  128.01   0.054
OGLE-LMC-LPV-16810  14.117 17.044  338.3    0.238  441.5    0.166  634.5    0.097
OGLE-LMC-LPV-16815  14.220 17.357  208.9    0.165 1949      0.164  202.3    0.131
OGLE-LMC-LPV-16823  13.935 16.183  104.87   0.048  912.4    0.100  162.50   0.053
OGLE-LMC-LPV-16824  14.172 16.879  119.80   0.103 4065      0.151  667.1    0.066
OGLE-LMC-LPV-16825  14.054 16.709  186.91   0.149   97.30   0.093  173.25   0.084
OGLE-LMC-LPV-16862  14.025 16.756  175.89   0.187  485.2    0.121  187.23   0.093
OGLE-LMC-LPV-16867  14.302 17.657  357.7    0.381  199.48   0.191 1294      0.130
OGLE-LMC-LPV-16874  14.288 16.822  149.14   0.103  314.8    0.132 3817      0.078
OGLE-LMC-LPV-16882  13.892 16.577  253.8    0.112 1391      0.138  137.97   0.086
OGLE-LMC-LPV-16889  14.078 16.759  223.3    0.720  242.6    0.331  115.73   0.214
OGLE-LMC-LPV-16894  14.162 17.346  192.12   0.129 2179      0.215 4717      0.104
OGLE-LMC-LPV-16896  14.100 17.133  178.06   0.190  307.3    0.170  395.4    0.154
OGLE-LMC-LPV-16906  14.161 17.190  116.62   0.082 1408      0.227  189.25   0.105
OGLE-LMC-LPV-16908  14.700 16.530   72.85   0.044   44.433  0.028   48.792  0.022
OGLE-LMC-LPV-16914  14.182 17.177  186.11   0.139  163.37   0.107 1053      0.069
OGLE-LMC-LPV-16939  13.767 16.921  127.85   0.189  922.5    0.151  241.5    0.125
OGLE-LMC-LPV-16945  14.102 17.890  190.48   0.198  346.5    0.247  181.03   0.106
OGLE-LMC-LPV-16949  19.439    -    658.0    0.615 2000      0.330   13.674  0.202
OGLE-LMC-LPV-16962  14.728 17.638  313.9    0.240  831.3    0.203  468.8    0.146
OGLE-LMC-LPV-16968  14.592 17.398  142.36   0.088 1704      0.115  151.63   0.073
OGLE-LMC-LPV-16970  14.236 17.939  142.49   0.202  253.4    0.158  389.9    0.130
OGLE-LMC-LPV-16980  14.448 16.755   99.51   0.036  478.9    0.053  928.5    0.036
OGLE-LMC-LPV-16981  14.770 16.544   48.337  0.029  239.2    0.049  226.0    0.040
OGLE-LMC-LPV-16982  14.264 17.076   98.52   0.144  166.81   0.133 1550      0.112
OGLE-LMC-LPV-17002  14.091 18.028  253.5    0.172  150.92   0.123  132.07   0.088
OGLE-LMC-LPV-17008  15.645 18.466  267.7    0.417 7519      0.733  536.8    0.354
OGLE-LMC-LPV-17010  14.125 16.266  187.60   0.135  477.3    0.058  100.58   0.051
OGLE-LMC-LPV-17023  14.520 17.587   90.40   0.179  266.1    0.101   83.79   0.093
OGLE-LMC-LPV-17028  14.182 16.837   92.21   0.055  147.97   0.069  554.0    0.051
OGLE-LMC-LPV-17032  14.290 17.220  177.95   0.132 1126      0.101  102.07   0.071
OGLE-LMC-LPV-17034  13.805 16.194  160.51   0.121  276.2    0.078  165.51   0.066
OGLE-LMC-LPV-17037  14.321 17.829  217.3    0.231  938.1    0.189 3185      0.132
OGLE-LMC-LPV-17044  14.182 16.730  150.71   0.135  500.5    0.088  335.2    0.034
OGLE-LMC-LPV-17046  14.430 17.746  122.03   0.169  117.59   0.132  332.0    0.088
OGLE-LMC-LPV-17057  13.357 15.994  194.36   0.144 1546      0.127  289.4    0.058
OGLE-LMC-LPV-17058  14.155 17.317  190.40   0.091 2045      0.168  345.1    0.124
OGLE-LMC-LPV-17059  13.847 16.233  131.91   0.087  891.3    0.144  555.2    0.086
OGLE-LMC-LPV-17063  14.560 16.175   45.681  0.033   71.52   0.028   76.85   0.028
OGLE-LMC-LPV-17066  14.259 16.590   69.51   0.056  928.5    0.068  121.37   0.060
OGLE-LMC-LPV-17067  14.485 16.064   72.58   0.046   42.602  0.050  641.0    0.047
OGLE-LMC-LPV-17068  15.059 17.282  109.99   0.283  116.06   0.110  108.24   0.080
OGLE-LMC-LPV-17077  14.141 16.528  171.91   0.207   92.23   0.125  163.19   0.082
OGLE-LMC-LPV-17093  14.161 16.335  105.12   0.079  520.8    0.093  826.4    0.065
OGLE-LMC-LPV-17104  14.033 17.142  638.2    0.351  254.5    0.154 3690      0.095
OGLE-LMC-LPV-17105  14.309 16.674   78.54   0.072  553.4    0.101  651.5    0.086
OGLE-LMC-LPV-17107  15.032 16.829   85.84   0.068  771.0    0.098   56.84   0.048
OGLE-LMC-LPV-17120  13.367 15.964  198.25   0.215  352.7    0.098  429.2    0.049
OGLE-LMC-LPV-17128  14.511 17.407  213.0    0.173 1305      0.122  263.8    0.066
OGLE-LMC-LPV-17137  14.103 17.547  124.27   0.119  248.8    0.118  321.6    0.104
OGLE-LMC-LPV-17140  14.126 16.977  115.80   0.132  199.32   0.119  772.2    0.085
OGLE-LMC-LPV-17160  13.882 16.247  208.1    0.133  122.90   0.063  137.06   0.056
OGLE-LMC-LPV-17164  14.123 17.440  206.6    0.198  558.0    0.117  226.4    0.081
OGLE-LMC-LPV-17168  14.273 17.040  207.9    0.598  218.0    0.226  106.26   0.170
OGLE-LMC-LPV-17188  14.227 17.390  211.2    0.131 1239      0.127  185.49   0.095
OGLE-LMC-LPV-17189  14.510 16.721   75.43   0.061 1832      0.045  406.5    0.033
OGLE-LMC-LPV-17192  14.239 17.305  206.0    0.188  106.22   0.152  188.61   0.136
OGLE-LMC-LPV-17199  14.191 17.287  403.7    0.219  320.9    0.136  654.9    0.120
OGLE-LMC-LPV-17205  14.197 16.977  110.59   0.067  834.7    0.070 1692      0.053
OGLE-LMC-LPV-17216  12.736 16.002  416.7    0.359  225.6    0.182 1370      0.142
OGLE-LMC-LPV-17230  14.331 16.440   77.10   0.040   75.13   0.028  317.9    0.026
OGLE-LMC-LPV-17258  16.791 19.635  206.0    0.108 3731      1.745  130.86   0.361
OGLE-LMC-LPV-17261  14.142 16.944  213.3    0.541  220.5    0.177  197.39   0.096
OGLE-LMC-LPV-17273  14.113 17.314  179.96   0.116  576.7    0.114   74.52   0.048
OGLE-LMC-LPV-17305  14.045 16.461  241.3    0.087  584.1    0.120  751.3    0.083
OGLE-LMC-LPV-17313  14.569 17.375  144.85   0.088  664.5    0.082  450.2    0.066
OGLE-LMC-LPV-17319  14.057 17.849  137.40   0.139  204.5    0.123 1068      0.116
OGLE-LMC-LPV-17320  14.056 16.830 1045      0.512 2770      0.097  272.9    0.073
OGLE-LMC-LPV-17324  13.783 16.782  205.7    0.242 1736      0.304  383.7    0.191
OGLE-LMC-LPV-17326  14.127 16.348  168.01   0.514  180.67   0.154  928.5    0.153
OGLE-LMC-LPV-17329  13.875 16.939  117.26   0.132  529.4    0.092   94.38   0.075
OGLE-LMC-LPV-17341  14.913 16.653   58.38   0.022  405.0    0.024   40.985  0.017
OGLE-LMC-LPV-17347  14.268 16.875   87.15   0.054  145.31   0.048   82.75   0.043
OGLE-LMC-LPV-17354  14.652 16.560   97.55   0.081  602.8    0.052   58.23   0.035
OGLE-LMC-LPV-17359  14.338 17.973  118.14   0.237  235.5    0.127  206.2    0.100
OGLE-LMC-LPV-17360  14.035 17.122  191.13   0.081 1280      0.134  310.3    0.062
OGLE-LMC-LPV-17376  13.943 16.637  244.5    0.168  744.0    0.130  133.58   0.064
OGLE-LMC-LPV-17388  14.356 16.577   77.99   0.127  130.50   0.108   75.37   0.077
OGLE-LMC-LPV-17397  13.346 15.882  189.15   0.255  772.8    0.098  117.73   0.049
OGLE-LMC-LPV-17399  14.433 16.840  212.5    0.137  975.6    0.079  117.07   0.070
OGLE-LMC-LPV-17408  14.042 16.901  329.9    0.172  502.5    0.105  700.3    0.080
OGLE-LMC-LPV-17409  14.475 16.959  116.01   0.066  372.9    0.131  134.95   0.062
OGLE-LMC-LPV-17421  14.377 17.324  146.89   0.127 1366      0.163 3367      0.127
OGLE-LMC-LPV-17422  14.457 16.972   73.72   0.045   71.36   0.056  351.6    0.052
OGLE-LMC-LPV-17423  14.575 17.443   81.64   0.054  358.6    0.099  237.8    0.086
OGLE-LMC-LPV-17435  15.152 16.709   92.14   0.064   44.994  0.032  123.15   0.030
OGLE-LMC-LPV-17444  14.169 17.247  320.3    0.303  181.36   0.167 1623      0.137
OGLE-LMC-LPV-17464  15.874 18.103  139.61   0.115 6623      1.992  281.5    0.152
OGLE-LMC-LPV-17487  13.875 16.375 1146      0.387  193.54   0.090  476.0    0.061
OGLE-LMC-LPV-17502  14.243 17.277  234.9    0.597 5988      0.212  125.55   0.159
OGLE-LMC-LPV-17504  13.563 16.598  429.4    0.228  488.3    0.126  941.6    0.095
OGLE-LMC-LPV-17506  13.957 16.434  136.46   0.101  722.5    0.131  879.5    0.089
OGLE-LMC-LPV-17512  14.346 16.698   71.02   0.055  180.18   0.038   80.25   0.034
OGLE-LMC-LPV-17521  14.150 16.748  137.70   0.075 2179      0.183  871.1    0.139
OGLE-LMC-LPV-17528  14.122 16.851  184.91   0.138  102.49   0.071  105.78   0.066
OGLE-LMC-LPV-17532  14.204 17.694  251.8    0.427  134.70   0.198  276.9    0.126
OGLE-LMC-LPV-17533  15.378 17.267   41.363  0.050  620.3    0.076   40.030  0.044
OGLE-LMC-LPV-17553  13.907 17.199  246.9    0.144 2809      0.312  267.2    0.080
OGLE-LMC-LPV-17558  14.028 17.422  110.82   0.103  667.1    0.148  104.88   0.077
OGLE-LMC-LPV-17566  14.330 16.161  142.80   0.279  149.05   0.272 2463      0.162
OGLE-LMC-LPV-17571  14.206 16.848  152.73   0.205 4464      0.177  269.3    0.084
OGLE-LMC-LPV-17573  13.973 16.690  159.95   0.160 1126      0.270  165.43   0.056
OGLE-LMC-LPV-17574  14.155 17.455  203.0    0.137 3610      0.204  351.9    0.098
OGLE-LMC-LPV-17585  14.203 17.495  280.8    0.130 5714      0.129  200.9    0.088
OGLE-LMC-LPV-17589  13.963 16.667  245.2    0.135 1013      0.121  133.76   0.080
OGLE-LMC-LPV-17600  14.354 16.811  190.53   0.589  198.06   0.110  168.92   0.090
OGLE-LMC-LPV-17604  14.607 16.611  149.60   0.080   45.568  0.037   61.34   0.026
OGLE-LMC-LPV-17611  14.678 16.996   91.31   0.129  840.3    0.255  154.70   0.162
OGLE-LMC-LPV-17617  13.370 16.276  449.1    0.423  240.5    0.225  593.5    0.172
OGLE-LMC-LPV-17619  14.655 16.355   73.56   0.040   47.771  0.027  394.5    0.027
OGLE-LMC-LPV-17620  14.258 16.437  147.91   0.566  758.2    0.203  190.37   0.152
OGLE-LMC-LPV-17624  13.327 15.854  192.66   0.244 1410      0.148  235.0    0.070
OGLE-LMC-LPV-17625  14.523 16.850  126.87   0.186   71.28   0.141  873.4    0.090
OGLE-LMC-LPV-17627  15.384 17.858   90.48   0.078  820.3    0.092  131.04   0.055
OGLE-LMC-LPV-17636  15.180 17.600   59.31   0.087  636.9    0.095  100.77   0.072
OGLE-LMC-LPV-17643  14.013 16.112  233.0    0.105 3175      0.074  135.48   0.053
OGLE-LMC-LPV-17650  14.555 16.377   53.04   0.048  441.5    0.034   71.03   0.027
OGLE-LMC-LPV-17653  15.127 17.380   44.228  0.064  342.5    0.032 1946      0.028
OGLE-LMC-LPV-17660  14.016 17.703  137.43   0.174  132.07   0.128  826.4    0.093
OGLE-LMC-LPV-17680  14.659 16.900   60.80   0.051  236.7    0.032   54.88   0.030
OGLE-LMC-LPV-17684  14.466 16.430  104.47   0.068  733.1    0.060  111.66   0.055
OGLE-LMC-LPV-17692  14.138 17.157  317.7    0.200  182.12   0.099  172.77   0.086
OGLE-LMC-LPV-17705  14.415 16.996   82.05   0.099  138.31   0.086   73.77   0.057
OGLE-LMC-LPV-17717  14.381 17.053   80.75   0.053  212.3    0.047  126.23   0.038
OGLE-LMC-LPV-17718  14.281 17.692  337.7    0.396 1916      0.111  137.21   0.086
OGLE-LMC-LPV-17746  14.456 17.186   78.27   0.084  419.8    0.129  123.27   0.074
OGLE-LMC-LPV-17752  14.213 16.693  165.07   0.101  103.43   0.053  177.21   0.043
OGLE-LMC-LPV-17771  14.534 16.334  111.30   0.345  113.69   0.136  106.41   0.072
OGLE-LMC-LPV-17776  12.969 16.081  353.8    0.541 1842      0.165  774.6    0.145
OGLE-LMC-LPV-17793  14.099 17.457  413.1    0.214  305.5    0.136  533.3    0.126
OGLE-LMC-LPV-17805  13.948 17.120  132.41   0.103 1016      0.095  228.2    0.083
OGLE-LMC-LPV-17808  14.363 16.739  131.13   0.270  243.8    0.114 2688      0.070
OGLE-LMC-LPV-17811  13.852 16.081  127.13   0.052  187.48   0.046  115.43   0.042
OGLE-LMC-LPV-17826  14.470 16.819   81.23   0.083  380.4    0.096   83.54   0.073
OGLE-LMC-LPV-17830  14.126 17.104  192.42   0.097 4386      0.289  177.59   0.083
OGLE-LMC-LPV-17845  13.546 16.648  246.1    0.168 2762      0.155  695.4    0.129
OGLE-LMC-LPV-17869  14.226 18.103  126.25   0.156  132.91   0.099  631.3    0.096
OGLE-LMC-LPV-17890  14.693 16.402   71.83   0.036  413.1    0.052   85.79   0.035
OGLE-LMC-LPV-17898  14.110 17.192  389.8    0.290  479.6    0.121 1001      0.088
OGLE-LMC-LPV-17906  14.677 18.341  217.7    0.262 3891      1.087  411.9    0.209
OGLE-LMC-LPV-17920  14.276 17.682  109.67   0.247  106.53   0.123  114.63   0.098
OGLE-LMC-LPV-17926  14.898 17.773  154.42   0.077  741.3    0.097  143.76   0.078
OGLE-LMC-LPV-17934  15.255 16.659   46.118  0.060   51.23   0.055   42.792  0.049
OGLE-LMC-LPV-17939  14.175 16.182  147.23   0.322   78.14   0.115   75.19   0.078
OGLE-LMC-LPV-17946  14.323 16.929   84.52   0.050  408.0    0.048  493.8    0.045
OGLE-LMC-LPV-17953  14.037 17.421  446.7    0.293  237.3    0.180 1348      0.126
OGLE-LMC-LPV-17964  14.442 18.506  135.32   0.427  243.6    0.229 1114      0.094
OGLE-LMC-LPV-17971  14.318 17.151   99.13   0.142  968.1    0.154  167.84   0.105
OGLE-LMC-LPV-17978  17.707 20.573  137.57   0.064 5464      1.140  221.5    0.298
OGLE-LMC-LPV-17989  15.135 17.723  161.79   0.080 6369      0.886 1202      0.272
OGLE-LMC-LPV-17999  14.150 16.312  181.62   0.732  244.4    0.166 1135      0.158
OGLE-LMC-LPV-18000  14.458 17.000   89.35   0.051  386.5    0.096  149.37   0.084
OGLE-LMC-LPV-18003  14.385 16.608   85.63   0.093   79.94   0.051 1842      0.051
OGLE-LMC-LPV-18007  14.339 17.295   73.55   0.083  646.0    0.046   67.59   0.046
OGLE-LMC-LPV-18017  14.512 17.203  496.1    0.541 1377      0.450 4348      0.333
OGLE-LMC-LPV-18022  14.650 17.047  150.83   0.080 2809      0.085  523.6    0.047
OGLE-LMC-LPV-18025  13.994 16.801  287.8    0.145 2079      0.130  175.16   0.065
OGLE-LMC-LPV-18036  14.113 16.412  121.52   0.039  616.1    0.051   75.17   0.046
OGLE-LMC-LPV-18039  13.946 17.247  214.1    0.222  312.4    0.140  878.0    0.107
OGLE-LMC-LPV-18042  14.736 16.739   56.70   0.041   89.42   0.036  230.8    0.028
OGLE-LMC-LPV-18048  14.247 16.674  125.73   0.072  724.1    0.057   78.63   0.052
OGLE-LMC-LPV-18054  14.197 17.137  104.32   0.119  785.5    0.183  196.62   0.076
OGLE-LMC-LPV-18056  14.645 16.900   63.84   0.037  525.5    0.041   58.75   0.033
OGLE-LMC-LPV-18058  14.015 16.415  200.7    0.124  915.8    0.193  717.4    0.108
OGLE-LMC-LPV-18070  14.023 16.480  134.55   0.097  697.8    0.150 1403      0.085
OGLE-LMC-LPV-18100  14.699 17.787   82.37   0.088  146.58   0.084  567.2    0.078
OGLE-LMC-LPV-18107  13.172 16.128  258.0    0.194  296.5    0.122  707.7    0.102
OGLE-LMC-LPV-18108  13.904 16.745  183.55   0.088  317.2    0.140 6061      0.123
OGLE-LMC-LPV-18113  14.458 16.789  211.3    0.220  900.9    0.278  122.74   0.092
OGLE-LMC-LPV-18119  15.637 18.727  154.45   0.118 1460      0.100  554.0    0.071
OGLE-LMC-LPV-18121  14.116 16.943  159.87   0.114  770.4    0.116   94.47   0.083
OGLE-LMC-LPV-18145  13.797 16.216  297.2    0.246 1695      0.090  315.5    0.076
OGLE-LMC-LPV-18150  14.171 16.677  181.83   0.146   99.38   0.096  162.89   0.073
OGLE-LMC-LPV-18160  14.380 16.905   77.92   0.054  235.6    0.070  549.1    0.062
OGLE-LMC-LPV-18162  14.428 16.099   91.75   0.139   94.92   0.059  472.6    0.052
OGLE-LMC-LPV-18169  14.217 17.130   98.85   0.177  103.32   0.158 1209      0.140
OGLE-LMC-LPV-18170  14.188 17.375  741.2    0.523 1042      0.096  157.26   0.086
OGLE-LMC-LPV-18187  14.595 16.701  106.50   0.065  885.7    0.062  104.50   0.040
OGLE-LMC-LPV-18208  15.041 17.770   95.58   0.061  405.8    0.074  337.8    0.057
OGLE-LMC-LPV-18224  14.090 17.019  181.58   0.277  934.6    0.114  187.97   0.081
OGLE-LMC-LPV-18231  14.689 17.651  156.74   0.089 3623      0.215  308.0    0.127
OGLE-LMC-LPV-18236  14.769 16.906   64.22   0.063  467.1    0.058   98.50   0.050
OGLE-LMC-LPV-18244  14.512 16.181   69.17   0.047   59.58   0.030  694.4    0.027
OGLE-LMC-LPV-18250  14.236 16.939  155.98   0.120 1486      0.116  138.31   0.094
OGLE-LMC-LPV-18262  14.470 16.766   79.15   0.099   73.66   0.042  124.66   0.032
OGLE-LMC-LPV-18287  13.743 16.194  137.85   0.106  982.3    0.150  146.67   0.070
OGLE-LMC-LPV-18289  14.173 16.759 1287      0.320  259.2    0.123  322.5    0.087
OGLE-LMC-LPV-18298  14.180 16.950  575.4    0.215  449.8    0.111 3984      0.057
OGLE-LMC-LPV-18304  14.133 16.508  781.0    0.389 1570      0.101  200.8    0.048
OGLE-LMC-LPV-18305  13.791 16.200  133.05   0.081  796.8    0.203  212.0    0.096
OGLE-LMC-LPV-18307  14.529 17.518   95.76   0.342   88.64   0.147 1239      0.132
OGLE-LMC-LPV-18311  14.666 17.389   69.43   0.104  420.3    0.073  613.5    0.061
OGLE-LMC-LPV-18321  14.593 16.835  149.62   0.551  156.62   0.380 1916      0.183
OGLE-LMC-LPV-18328  13.648 16.861  428.4    0.300  622.7    0.118  359.8    0.087
OGLE-LMC-LPV-18336  13.817 16.236  133.71   0.092 1295      0.112  215.8    0.060
OGLE-LMC-LPV-18343  14.149 16.713  181.29   0.199  100.04   0.141   98.20   0.110
OGLE-LMC-LPV-18352  14.059 17.570  123.87   0.239 1267      0.145  117.14   0.097
OGLE-LMC-LPV-18354  15.128 17.928   99.52   0.052  296.6    0.121  562.4    0.115
OGLE-LMC-LPV-18361  14.154 16.936   97.65   0.176 1242      0.154  104.64   0.120
OGLE-LMC-LPV-18367  13.816 16.445  185.94   0.095  719.9    0.132 2119      0.100
OGLE-LMC-LPV-18390  13.398 16.246  217.4    0.139 1377      0.203  340.0    0.125
OGLE-LMC-LPV-18395  14.053 17.512  425.0    0.271  560.9    0.177 2994      0.147
OGLE-LMC-LPV-18396  14.065 17.096  184.37   0.128  347.2    0.147  791.1    0.114
OGLE-LMC-LPV-18400  14.166 16.711   84.93   0.113   82.84   0.062   78.95   0.064
OGLE-LMC-LPV-18402  14.423 17.853  258.0    0.122 2141      0.654 1565      0.196
OGLE-LMC-LPV-18411  15.131 17.427   52.38   0.121   91.76   0.087  595.6    0.065
OGLE-LMC-LPV-18421  14.253 16.671   79.87   0.185  136.09   0.114  920.0    0.084
OGLE-LMC-LPV-18426  13.804 16.307  132.84   0.052 2915      0.263  599.2    0.085
OGLE-LMC-LPV-18428  14.546 16.988   99.57   0.039  434.8    0.050  115.47   0.034
OGLE-LMC-LPV-18432  13.686 16.034  181.67   0.132  239.2    0.073  533.6    0.060
OGLE-LMC-LPV-18439  13.471 16.118  208.7    0.124 1471      0.116 2358      0.091
OGLE-LMC-LPV-18456  14.629 18.061  459.1    0.684  520.3    0.313 2304      0.272
OGLE-LMC-LPV-18457  14.431 16.622   67.39   0.037  430.1    0.069  387.6    0.044
OGLE-LMC-LPV-18466  14.541    -     82.65   0.347  145.41   0.235  176.74   0.112
OGLE-LMC-LPV-18467  13.985 16.616   95.00   0.116  896.9    0.101   99.39   0.090
OGLE-LMC-LPV-18472  14.510 17.521  306.0    0.671 3817      0.105  163.99   0.091
OGLE-LMC-LPV-18474  12.273 13.923  160.63   0.123 1603      0.103  174.09   0.059
OGLE-LMC-LPV-18475  13.951 16.555  148.77   0.073 1754      0.126 1168      0.108
OGLE-LMC-LPV-18489  13.992 16.639  153.53   0.106  162.13   0.100  615.4    0.096
OGLE-LMC-LPV-18495  14.957 17.717   71.57   0.085  743.5    0.085  117.58   0.057
OGLE-LMC-LPV-18498  14.006 16.801 1477      0.339  155.52   0.125  319.5    0.082
OGLE-LMC-LPV-18500  14.316 17.464  345.8    0.282 2398      0.601 5587      0.260
OGLE-LMC-LPV-18502  13.690 15.998  124.29   0.122  786.8    0.125  211.6    0.084
OGLE-LMC-LPV-18505  14.888 16.810   51.68   0.048   46.681  0.048   86.90   0.035
OGLE-LMC-LPV-18512  13.926 16.783  185.59   0.134  738.0    0.119 2506      0.093
OGLE-LMC-LPV-18520  14.032 16.938  189.24   0.173  171.26   0.095  354.1    0.071
OGLE-LMC-LPV-18523  14.836 17.401  177.35   0.209   92.75   0.071  485.2    0.069
OGLE-LMC-LPV-18539  14.114 17.006  260.7    0.249 1934      0.162  147.97   0.078
OGLE-LMC-LPV-18541  14.038 17.084  118.43   0.043  597.0    0.094  735.8    0.089
OGLE-LMC-LPV-18555  14.679 17.114   89.41   0.077  580.0    0.203  318.7    0.083
OGLE-LMC-LPV-18570  14.113 17.112  187.65   0.209  175.44   0.113  320.7    0.120
OGLE-LMC-LPV-18602  14.860 17.299   91.58   0.063 4545      0.442  714.8    0.105
OGLE-LMC-LPV-18614  14.031 16.633  142.03   0.095  542.9    0.074  719.9    0.075
OGLE-LMC-LPV-18616  14.275 18.276  133.30   0.205  129.58   0.137 2625      0.123
OGLE-LMC-LPV-18630  13.987 16.759  104.91   0.081  572.4    0.122  679.8    0.061
OGLE-LMC-LPV-18658  13.977 17.000  881.1    0.322   80.74   0.054 1229      0.053
OGLE-LMC-LPV-18662  14.415 16.702  117.82   0.149  213.4    0.210  120.66   0.087
OGLE-LMC-LPV-18670  14.272 17.366  302.1    0.150 1580      0.168 2252      0.131
OGLE-LMC-LPV-18672  12.047 15.080  248.3    0.488  495.3    0.301  333.3    0.141
OGLE-LMC-LPV-18679  14.612 16.192   73.70   0.021  279.3    0.031  326.2    0.024
OGLE-LMC-LPV-18680  14.783 17.201  132.82   0.193   73.02   0.112  139.16   0.072
OGLE-LMC-LPV-18684  13.945 16.249  153.61   0.141  305.3    0.139  419.6    0.083
OGLE-LMC-LPV-18695  14.169 16.655   88.41   0.144 1105      0.091  148.39   0.072
OGLE-LMC-LPV-18702  14.193 17.364  117.66   0.152  262.1    0.135  208.9    0.084
OGLE-LMC-LPV-18706  13.883 16.379  154.80   0.083  925.1    0.126 1221      0.113
OGLE-LMC-LPV-18717  14.212 16.700  274.7    0.437  147.02   0.189  134.08   0.080
OGLE-LMC-LPV-18718  14.061 17.005  178.36   0.280 1361      0.207  301.2    0.096
OGLE-LMC-LPV-18730  14.259 16.914  123.38   0.087 1592      0.144 4016      0.115
OGLE-LMC-LPV-18731  14.164 16.669  186.36   0.162  103.26   0.090  194.70   0.076
OGLE-LMC-LPV-18736  14.165 17.560  112.66   0.147 1280      0.143  105.45   0.093
OGLE-LMC-LPV-18737  14.630 16.704   61.63   0.059  106.78   0.057  124.69   0.043
OGLE-LMC-LPV-18739  13.874 16.404  250.7    0.201  146.43   0.099  582.8    0.096
OGLE-LMC-LPV-18742  15.887 19.229  410.8    0.695 2674      1.159  689.2    0.545
OGLE-LMC-LPV-18745  14.034 16.559   88.37   0.065  138.26   0.054  476.9    0.050
OGLE-LMC-LPV-18749  14.381 17.780  118.46   0.118 2347      0.271  948.8    0.204
OGLE-LMC-LPV-18754  14.537 17.029   77.56   0.049 4049      0.080   81.61   0.042
OGLE-LMC-LPV-18769  14.155 17.519  116.48   0.174  109.76   0.146  123.14   0.129
OGLE-LMC-LPV-18782  15.098 17.118   73.98   0.052  275.3    0.049 2500      0.041
OGLE-LMC-LPV-18804  14.288 16.531   74.57   0.058  442.5    0.046  118.76   0.046
OGLE-LMC-LPV-18811  14.055 15.995  159.87   0.256  141.36   0.077 6711      0.061
OGLE-LMC-LPV-18814  13.909 16.592  160.72   0.102 1035      0.232  838.2    0.136
OGLE-LMC-LPV-18822  14.109 16.264  198.77   0.487  189.57   0.151   97.11   0.158
OGLE-LMC-LPV-18826  14.513 17.329   86.11   0.172  917.4    0.096  149.95   0.085
OGLE-LMC-LPV-18846  14.808 17.191   91.22   0.055  682.1    0.130  437.8    0.077
OGLE-LMC-LPV-18855  13.728 16.317  156.20   0.072 1221      0.222 2481      0.077
OGLE-LMC-LPV-18857  14.976 17.297  122.58   0.047  978.5    0.078  394.5    0.065
OGLE-LMC-LPV-18882  13.982 16.935  178.32   0.086 1623      0.230  197.86   0.094
OGLE-LMC-LPV-18884  14.279 17.533  104.93   0.126  468.4    0.141  701.8    0.087
OGLE-LMC-LPV-18892  14.647 16.860  141.35   0.184   74.31   0.081  135.96   0.070
OGLE-LMC-LPV-18903  13.807 16.479  169.43   0.161 1198      0.213  182.05   0.096
OGLE-LMC-LPV-18918  14.530 17.239  796.5    0.477  642.3    0.101 4237      0.080
OGLE-LMC-LPV-18925  14.491 16.637   88.18   0.042  962.5    0.085 4202      0.055
OGLE-LMC-LPV-18936  14.146 16.557  269.0    0.263  151.52   0.145  146.22   0.096
OGLE-LMC-LPV-18941  14.332 17.536   98.06   0.064  482.2    0.142  154.77   0.096
OGLE-LMC-LPV-18943  15.595 17.227   45.926  0.026   47.094  0.027  260.8    0.023
OGLE-LMC-LPV-18944  14.970 17.380   82.30   0.049  310.1    0.121   59.89   0.051
OGLE-LMC-LPV-18946  14.195 17.695  417.8    0.536  713.3    0.157  262.7    0.112
OGLE-LMC-LPV-18952  14.126 17.364  104.12   0.080  675.7    0.077  167.06   0.065
OGLE-LMC-LPV-18953  14.387 16.421  143.71   0.709 2375      0.302  135.61   0.227
OGLE-LMC-LPV-18962  14.567 17.381  152.77   0.081  859.1    0.104  323.8    0.085
OGLE-LMC-LPV-18980  14.671 16.571   46.957  0.027  181.00   0.035  338.8    0.026
OGLE-LMC-LPV-18993  14.509 17.067   80.13   0.043  616.5    0.086  253.5    0.069
OGLE-LMC-LPV-18999  14.605 16.420   98.20   0.188  106.44   0.125  102.63   0.095
OGLE-LMC-LPV-19000  13.992 16.471  158.45   0.098 1616      0.143 3279      0.105
OGLE-LMC-LPV-19013  14.063 16.978  340.4    0.239 1675      0.146  162.13   0.072
OGLE-LMC-LPV-19023  14.972 17.853  141.58   0.150  150.99   0.126  130.74   0.095
OGLE-LMC-LPV-19028  14.113 17.024  201.7    0.155  378.1    0.165  664.5    0.104
OGLE-LMC-LPV-19030  14.222 17.893  123.58   0.136  801.3    0.172  117.51   0.118
OGLE-LMC-LPV-19037  13.706 16.652  199.32   0.104  736.9    0.132 4132      0.129
OGLE-LMC-LPV-19047  14.068 17.649  120.17   0.148  894.5    0.084  218.7    0.068
OGLE-LMC-LPV-19048  13.616 16.348  298.8    0.149  510.2    0.116 2342      0.108
OGLE-LMC-LPV-19053  14.889 16.821   69.62   0.049  274.0    0.028   75.13   0.022
OGLE-LMC-LPV-19062  14.247 17.607  434.8    0.522  716.3    0.258 4854      0.175
OGLE-LMC-LPV-19068  14.853 16.617   40.393  0.030  198.89   0.026   46.479  0.018
OGLE-LMC-LPV-19072  14.873 18.204  139.68   0.088 1229      0.185  697.4    0.102
OGLE-LMC-LPV-19078  14.134 17.293  111.54   0.123  211.7    0.099  197.24   0.093
OGLE-LMC-LPV-19086  14.822 16.741   48.022  0.035  338.5    0.033   77.43   0.030
OGLE-LMC-LPV-19098  14.075 17.263  213.2    0.200  191.31   0.145 1506      0.128
OGLE-LMC-LPV-19099  14.696 16.376   48.868  0.085   83.15   0.072  519.8    0.068
OGLE-LMC-LPV-19118  14.176 17.107   94.16   0.051  681.2    0.088  153.49   0.048
OGLE-LMC-LPV-19119  19.950    -    644.3    0.617 3623      0.175  569.8    0.103
OGLE-LMC-LPV-19123  14.565 17.188  685.4    0.255  902.5    0.114  390.3    0.090
OGLE-LMC-LPV-19125  14.550 17.636   86.39   0.100  132.80   0.083  233.9    0.082
OGLE-LMC-LPV-19127  14.489 17.140  118.36   0.142  219.4    0.130 4695      0.101
OGLE-LMC-LPV-19143  14.693 16.480  109.50   0.193  106.67   0.135  133.26   0.067
OGLE-LMC-LPV-19172  14.175 17.048  164.06   0.125  395.1    0.076 1848      0.061
OGLE-LMC-LPV-19174  14.635 16.564   52.78   0.028  234.3    0.045  418.2    0.038
OGLE-LMC-LPV-19175  15.251 17.214   93.68   0.376   96.12   0.111  104.40   0.086
OGLE-LMC-LPV-19194  14.056 15.968  156.84   0.776 5291      0.157  224.9    0.122
OGLE-LMC-LPV-19219  14.304 16.546  101.32   0.073  946.1    0.050  107.05   0.038
OGLE-LMC-LPV-19241  13.889 17.051  213.9    0.142  441.1    0.145  362.8    0.127
OGLE-LMC-LPV-19244  14.608 16.241   73.85   0.041   43.367  0.032   71.96   0.029
OGLE-LMC-LPV-19269  14.366 17.082   89.39   0.085  147.41   0.083   81.35   0.045
OGLE-LMC-LPV-19282  14.824 17.398   62.75   0.047  305.4    0.126  282.7    0.074
OGLE-LMC-LPV-19292  14.212 16.674   82.70   0.049  382.1    0.086 5682      0.080
OGLE-LMC-LPV-19296  14.266 16.515  216.6    0.157  117.48   0.095 2000      0.082
OGLE-LMC-LPV-19298  14.170 17.018  100.85   0.233 1043      0.107  107.31   0.101
OGLE-LMC-LPV-19301  14.066 17.140  181.19   0.174 1218      0.175  171.73   0.106
OGLE-LMC-LPV-19318  14.210 17.323   98.58   0.077  723.6    0.175  158.53   0.094
OGLE-LMC-LPV-19322  14.053 16.836  157.58   0.130 1754      0.243  290.0    0.102
OGLE-LMC-LPV-19333  14.730 16.472   48.028  0.028 4386      0.035   73.60   0.024
OGLE-LMC-LPV-19347  14.325 17.308  100.36   0.192  151.91   0.088  171.56   0.072
OGLE-LMC-LPV-19352  13.427 16.156  459.8    0.251 2667      0.261  239.7    0.150
OGLE-LMC-LPV-19375  14.612 16.359   75.76   0.032  185.53   0.025  430.7    0.021
OGLE-LMC-LPV-19378  14.621 16.676  117.18   0.225  728.9    0.097  112.26   0.087
OGLE-LMC-LPV-19396  14.254 16.848  138.14   0.069 1988      0.100  404.7    0.062
OGLE-LMC-LPV-19406  14.214 16.812   91.68   0.124 1295      0.082  105.15   0.079
OGLE-LMC-LPV-19412  14.116 16.778  149.03   0.154 1013      0.133  749.1    0.095
OGLE-LMC-LPV-19438  14.472 17.360  283.3    0.176  757.0    0.099  503.8    0.071
OGLE-LMC-LPV-19455  14.816 16.895   55.26   0.032  318.5    0.054   88.50   0.026
OGLE-LMC-LPV-19458  13.955 17.083  170.17   0.100  101.27   0.077  851.1    0.060
OGLE-LMC-LPV-19459  13.856 16.369  299.8    0.249  196.62   0.136  336.9    0.121
OGLE-LMC-LPV-19463  14.117 16.775   95.94   0.069 1634      0.062  162.52   0.047
OGLE-LMC-LPV-19465  13.900    -    166.22   0.114 1339      0.173   78.93   0.060
OGLE-LMC-LPV-19475  14.000 16.367  233.9    0.127  724.1    0.133  838.2    0.096
OGLE-LMC-LPV-19482  13.807 16.647  182.85   0.182 2278      0.311  329.2    0.120
OGLE-LMC-LPV-19493  14.139 16.974   98.34   0.102  503.8    0.146  673.4    0.118
OGLE-LMC-LPV-19506  14.175 17.336  190.48   0.197  336.7    0.132  579.4    0.109
OGLE-LMC-LPV-19509  14.192 17.340  307.1    0.271  337.4    0.137 2123      0.137
OGLE-LMC-LPV-19510  14.682 18.290  260.4    0.328  231.3    0.188  287.4    0.157
OGLE-LMC-LPV-19524  14.299 17.464   86.50   0.089  672.9    0.169 1129      0.125
OGLE-LMC-LPV-19534  14.042 16.843  206.1    0.129  176.34   0.124 1211      0.108
OGLE-LMC-LPV-19536  14.874 16.679   94.47   0.425   91.87   0.259  164.31   0.199
OGLE-LMC-LPV-19540  13.979 16.918  176.93   0.167 3086      0.319  154.85   0.110
OGLE-LMC-LPV-19541  14.598 16.486   65.93   0.039  501.0    0.088  628.1    0.058
OGLE-LMC-LPV-19543  14.080 17.077   92.20   0.072  751.9    0.124  630.9    0.075
OGLE-LMC-LPV-19553  13.917 16.476  155.85   0.098  868.1    0.070  229.5    0.076
OGLE-LMC-LPV-19559  13.874 16.310  119.53   0.061  698.3    0.123  955.1    0.083
OGLE-LMC-LPV-19565  13.995 17.052  290.5    0.169 2597      0.086  220.0    0.084
OGLE-LMC-LPV-19569  13.696 15.931  115.38   0.042 2070      0.220  575.0    0.101
OGLE-LMC-LPV-19572  15.452 17.505   42.593  0.079  561.2    0.073   43.046  0.046
OGLE-LMC-LPV-19573  14.042 17.019  172.18   0.155  355.2    0.131  253.6    0.100
OGLE-LMC-LPV-19574  14.198 16.691  122.28   0.088 1616      0.182  133.64   0.079
OGLE-LMC-LPV-19576  14.293 16.697   84.93   0.081 2985      0.146  171.20   0.071
OGLE-LMC-LPV-19583  14.389 18.171  125.85   0.206 1623      0.127  118.25   0.100
OGLE-LMC-LPV-19612  14.126 16.747  169.33   0.183  179.15   0.133  778.2    0.090
OGLE-LMC-LPV-19620  14.742 17.881  383.5    0.404 1030      0.241  598.1    0.092
OGLE-LMC-LPV-19621  14.087 16.253  152.13   0.054  236.2    0.040   88.11   0.030
OGLE-LMC-LPV-19635  13.701 16.057  141.02   0.094 1517      0.112 1091      0.081
OGLE-LMC-LPV-19641  14.148 17.197  112.72   0.242  213.0    0.166  201.3    0.086
OGLE-LMC-LPV-19645  14.320 17.188  202.8    0.330  170.50   0.149  184.40   0.115
OGLE-LMC-LPV-19652  14.266 17.078  141.78   0.102 1152      0.351 2208      0.231
OGLE-LMC-LPV-19668  14.126 16.775  141.10   0.165 1572      0.190  161.89   0.070
OGLE-LMC-LPV-19669  14.096 17.087  187.33   0.122  272.2    0.125  710.2    0.125
OGLE-LMC-LPV-19676  14.523 17.029  108.15   0.103  849.6    0.127  184.77   0.084
OGLE-LMC-LPV-19677  14.911 16.651   59.55   0.068  665.8    0.071   56.78   0.065
OGLE-LMC-LPV-19688  14.383 18.052  111.58   0.190  185.80   0.154 1227      0.116
OGLE-LMC-LPV-19721  14.522 16.960  151.61   0.069  515.5    0.060   98.57   0.054
OGLE-LMC-LPV-19726  14.860 18.758  871.1    0.469 4082      0.295  115.04   0.130
OGLE-LMC-LPV-19732  14.714 17.483  164.28   0.127  728.9    0.200 1883      0.128
OGLE-LMC-LPV-19735  14.831 17.805 1241      0.570 1842      0.336 5102      0.202
OGLE-LMC-LPV-19741  14.587 17.091  128.80   0.063 1114      0.266 2028      0.152
OGLE-LMC-LPV-19761  14.884 16.760  107.60   0.357  132.07   0.121  115.50   0.077
OGLE-LMC-LPV-19772  13.672 16.452  208.5    0.119 4149      0.137  588.2    0.083
OGLE-LMC-LPV-19786  14.351 16.728   68.54   0.113   75.29   0.086  812.3    0.084
OGLE-LMC-LPV-19792  14.678 16.937   82.92   0.066 1068      0.084  114.26   0.040
OGLE-LMC-LPV-19808  13.955 17.414  233.8    0.238 1377      0.319  384.8    0.157
OGLE-LMC-LPV-19819  13.888 16.323  134.23   0.114 1271      0.117  200.4    0.071
OGLE-LMC-LPV-19830  13.938 17.120  161.42   0.051 1370      0.237 3096      0.147
OGLE-LMC-LPV-19837  14.441 17.572  376.2    0.360 2381      0.203  488.0    0.104
OGLE-LMC-LPV-19845  14.862 16.959   51.21   0.054  457.9    0.038   47.829  0.034
OGLE-LMC-LPV-19848  13.966 16.388  901.7    0.617 1200      0.144  122.50   0.085
OGLE-LMC-LPV-19849  14.314 17.158  610.3    0.303  481.2    0.066   87.04   0.058
OGLE-LMC-LPV-19854  14.274 16.499  112.12   0.069  481.7    0.077  381.1    0.072
OGLE-LMC-LPV-19856  14.168 17.361  193.42   0.193  312.9    0.176  256.0    0.107
OGLE-LMC-LPV-19857  14.037 17.747  202.1    0.188 1266      0.181  110.93   0.104
OGLE-LMC-LPV-19859  13.909 16.903  203.0    0.137  270.2    0.110  910.7    0.094
OGLE-LMC-LPV-19861  14.537 16.709  128.39   0.141  157.48   0.067 2016      0.066
OGLE-LMC-LPV-19863  14.483 16.775  133.40   0.193  141.40   0.104   74.57   0.073
OGLE-LMC-LPV-19884  14.632 16.504   53.99   0.110   93.67   0.049   48.857  0.047
OGLE-LMC-LPV-19888  14.189 16.612  153.00   0.112  315.5    0.126  294.1    0.102
OGLE-LMC-LPV-19898  14.000 16.461  107.04   0.073 1111      0.165  161.81   0.077
OGLE-LMC-LPV-19905  14.102 17.369  183.55   0.124 2681      0.142 1783      0.100
OGLE-LMC-LPV-19921  14.126 16.895   99.99   0.238  958.8    0.116  155.01   0.061
OGLE-LMC-LPV-19933  14.228 17.891  127.10   0.163  231.2    0.130  135.32   0.104
OGLE-LMC-LPV-19940  14.229 17.630  198.93   0.230 1309      0.261  186.78   0.176
OGLE-LMC-LPV-19953  14.062 16.881  175.69   0.164 2066      0.252 3690      0.144
OGLE-LMC-LPV-19970  14.318 17.025   94.34   0.239 1253      0.123   90.66   0.107
OGLE-LMC-LPV-19972  14.115 16.483   85.35   0.202   87.55   0.124  989.1    0.098
OGLE-LMC-LPV-19983  14.639 16.405   73.02   0.027  305.3    0.027  223.7    0.024
OGLE-LMC-LPV-19987  14.524 17.260  136.49   0.099 3484      0.133  235.7    0.100
OGLE-LMC-LPV-20027  14.005 17.465  123.58   0.135  654.0    0.177  203.4    0.090
OGLE-LMC-LPV-20033  13.965 16.441  145.30   0.116  286.0    0.072  238.8    0.052
OGLE-LMC-LPV-20035  14.458 18.074  125.64   0.097  938.1    0.115  228.1    0.083
OGLE-LMC-LPV-20037  14.148 16.382   84.95   0.049  751.9    0.088  413.1    0.034
OGLE-LMC-LPV-20047  14.017 16.343  230.6    0.117  132.36   0.077  267.9    0.055
OGLE-LMC-LPV-20061  14.424 16.415   77.33   0.049  717.9    0.083  264.6    0.036
OGLE-LMC-LPV-20063  14.278 17.362  158.40   0.133  537.9    0.085  105.26   0.060
OGLE-LMC-LPV-20068  14.010 16.565  152.70   0.202  138.43   0.106  900.9    0.094
OGLE-LMC-LPV-20072  14.447 17.418  174.79   0.149  102.80   0.108  158.20   0.066
OGLE-LMC-LPV-20082  14.761 17.123  150.34   0.100  362.1    0.053  197.08   0.025
OGLE-LMC-LPV-20095  13.590 16.913  240.3    0.121 3378      0.153  495.5    0.070
OGLE-LMC-LPV-20098  14.300 17.053   80.55   0.159  735.8    0.103   74.69   0.063
OGLE-LMC-LPV-20099  14.317 18.105  247.3    0.266  270.2    0.170  303.9    0.094
OGLE-LMC-LPV-20103  14.621 16.366   76.03   0.035   79.22   0.028  261.3    0.025
OGLE-LMC-LPV-20106  14.455 17.025   93.85   0.071  900.1    0.154  705.7    0.079
OGLE-LMC-LPV-20122  14.272 16.887  253.7    0.121  235.6    0.081  980.4    0.064
OGLE-LMC-LPV-20125  14.268 17.263  182.74   0.152 5618      0.097  102.50   0.073
OGLE-LMC-LPV-20134  14.279 17.557  114.59   0.104  239.1    0.110 3115      0.077
OGLE-LMC-LPV-20139  14.604 16.302   48.218  0.043   48.866  0.027  609.8    0.027
OGLE-LMC-LPV-20159  14.523 17.005  110.03   0.125  768.0    0.107  176.65   0.066
OGLE-LMC-LPV-20169  14.134 16.454  130.40   0.197  233.9    0.094  208.5    0.054
OGLE-LMC-LPV-20174  13.951 16.861  111.92   0.172  104.18   0.075  191.17   0.073
OGLE-LMC-LPV-20177  14.447 16.764   77.05   0.081   69.35   0.067 1647      0.058
OGLE-LMC-LPV-20186  14.652 18.013  394.5    0.603 1927      0.475  188.57   0.145
OGLE-LMC-LPV-20200  13.863 16.293  135.56   0.097  846.0    0.082 1110      0.044
OGLE-LMC-LPV-20204  14.964 16.939   49.310  0.038  838.9    0.065   89.52   0.032
OGLE-LMC-LPV-20208  14.405 17.762  181.19   0.200 1608      0.271 3012      0.151
OGLE-LMC-LPV-20215  14.248 16.644  153.96   0.067 1314      0.094   95.21   0.048
OGLE-LMC-LPV-20225  14.721 17.543  877.2    0.366 4292      0.341  303.7    0.073
OGLE-LMC-LPV-20228  14.268 17.583  194.86   0.164 1689      0.262  392.6    0.154
OGLE-LMC-LPV-20235  14.545 16.661   68.90   0.053  181.75   0.045  115.54   0.045
OGLE-LMC-LPV-20241  14.442 16.588  156.20   0.429  149.66   0.142  477.1    0.079
OGLE-LMC-LPV-20284  14.547 17.560  197.55   0.364  183.15   0.102  211.3    0.085
OGLE-LMC-LPV-20305  14.667 16.828   63.55   0.071  712.3    0.083  101.98   0.060
OGLE-LMC-LPV-20327  14.147 16.687  132.36   0.085 1152      0.120  203.7    0.080
OGLE-LMC-LPV-20330  14.431 16.552  163.27   0.412  150.35   0.253  136.78   0.185
OGLE-LMC-LPV-20342  14.261 16.612   69.52   0.060  471.0    0.107  320.4    0.063
OGLE-LMC-LPV-20364  14.377 16.415   91.37   0.086  735.3    0.083  155.21   0.049
OGLE-LMC-LPV-20368  14.944 17.259  727.2    0.618 2045      0.292  329.8    0.097
OGLE-LMC-LPV-20371  15.013 17.350   52.94   0.043  158.98   0.066  212.0    0.048
OGLE-LMC-LPV-20389  14.173 17.154  102.45   0.148  172.62   0.119  699.8    0.107
OGLE-LMC-LPV-20400  14.165 15.806  109.53   0.580  139.00   0.130  115.38   0.131
OGLE-LMC-LPV-20401  14.357 16.927   87.65   0.160 1261      0.128   82.95   0.072
OGLE-LMC-LPV-20402  14.275 17.501  183.25   0.137  409.5    0.150 1522      0.134
OGLE-LMC-LPV-20407  13.881 16.148  877.3    0.252  178.25   0.057  109.40   0.050
OGLE-LMC-LPV-20411  14.983 16.866   52.16   0.034  266.4    0.045   91.86   0.028
OGLE-LMC-LPV-20412  14.434 17.178   94.65   0.140  167.56   0.153 1109      0.099
OGLE-LMC-LPV-20414  15.446 18.565  252.3    0.105 1151      0.149  241.7    0.097
OGLE-LMC-LPV-20416  14.307 16.514   72.34   0.090  162.58   0.048 2404      0.038
OGLE-LMC-LPV-20419  13.807 16.536  315.6    0.212 1524      0.114  174.58   0.110
OGLE-LMC-LPV-20440  13.902 16.390  216.1    0.545  240.5    0.175  113.39   0.119
OGLE-LMC-LPV-20445  14.346 17.602  192.97   0.266  203.1    0.124  110.30   0.098
OGLE-LMC-LPV-20453  14.160 17.055  166.22   0.239 3175      0.235  158.15   0.093
OGLE-LMC-LPV-20456  15.391 17.958   56.33   0.055  315.9    0.051  396.4    0.036
OGLE-LMC-LPV-20457  14.123 17.000  283.0    0.155  323.8    0.120 1287      0.095
OGLE-LMC-LPV-20458  14.791 16.865   50.16   0.024  290.4    0.064 3344      0.049
OGLE-LMC-LPV-20474  14.070 16.564  113.71   0.095  980.4    0.093 1704      0.063
OGLE-LMC-LPV-20476  14.715 16.843   97.41   0.060  206.5    0.058  399.0    0.051
OGLE-LMC-LPV-20482  14.774 16.675   56.73   0.107  664.9    0.072   92.11   0.060
OGLE-LMC-LPV-20493  14.304 16.482   79.36   0.042  945.2    0.058  726.2    0.045
OGLE-LMC-LPV-20494  14.347 16.214  124.72   0.359  128.68   0.225 2639      0.128
OGLE-LMC-LPV-20495  14.801 16.553   72.04   0.038   40.875  0.025   47.384  0.023
OGLE-LMC-LPV-20497  14.322 16.510   95.72   0.103  189.75   0.067   99.62   0.056
OGLE-LMC-LPV-20498  14.627 16.722   87.81   0.058  615.4    0.071  246.5    0.055
OGLE-LMC-LPV-20503  14.210 16.525  236.2    0.177  123.78   0.138  497.0    0.083
OGLE-LMC-LPV-20508  15.093 17.819   58.47   0.083  573.4    0.069  504.8    0.049
OGLE-LMC-LPV-20518  14.371 17.030  139.16   0.125 1183      0.467  212.6    0.093
OGLE-LMC-LPV-20530  13.938 16.825  182.71   0.260 1825      0.113  169.75   0.071
OGLE-LMC-LPV-20531  13.970 16.859  187.58   0.135 3058      0.138  174.06   0.121
OGLE-LMC-LPV-20537  13.903 16.615  130.87   0.130 1091      0.246  149.70   0.090
OGLE-LMC-LPV-20544  14.199 16.751   85.24   0.043  513.1    0.089  139.16   0.069
OGLE-LMC-LPV-20551  14.068 16.934  326.6    0.234 6173      0.093  179.99   0.070
OGLE-LMC-LPV-20555  14.288 16.800  183.26   0.662   98.23   0.110  101.66   0.109
OGLE-LMC-LPV-20561  14.180 17.013  153.39   0.147  623.8    0.127  146.28   0.068
OGLE-LMC-LPV-20572  14.355 17.000   83.08   0.237  919.1    0.143   98.46   0.108
OGLE-LMC-LPV-20577  14.444 16.214   52.38   0.056  548.8    0.070  103.39   0.049
OGLE-LMC-LPV-20583  13.854 15.833   98.31   0.073 1117      0.234 4132      0.237
OGLE-LMC-LPV-20592  14.397 17.625  394.1    0.746 3676      0.278  374.5    0.197
OGLE-LMC-LPV-20596  13.770 16.790  203.4    0.143 1422      0.096 3289      0.071
OGLE-LMC-LPV-20597  14.551 17.059  321.4    0.272  245.2    0.070 1012      0.066
OGLE-LMC-LPV-20605  14.912 16.969   83.22   0.044  278.6    0.045 2315      0.031
OGLE-LMC-LPV-20607  13.900 16.429   99.44   0.141 1115      0.096   92.24   0.068
OGLE-LMC-LPV-20611  15.005 17.165  106.75   0.096   57.14   0.091  104.42   0.065
OGLE-LMC-LPV-20612  14.525 16.234  125.60   0.182  237.6    0.060  130.98   0.055
OGLE-LMC-LPV-20613  14.499 16.438  102.76   0.082  901.7    0.072   61.54   0.049
OGLE-LMC-LPV-20614  14.699 16.766   86.40   0.040 4184      0.052  255.8    0.044
OGLE-LMC-LPV-20616  14.310 16.624   81.19   0.073   75.76   0.059  150.76   0.055
OGLE-LMC-LPV-20628  14.040 17.109  132.15   0.088 1515      0.217  321.1    0.099
OGLE-LMC-LPV-20629  13.881 16.259  136.04   0.065  728.9    0.097 1078      0.084
OGLE-LMC-LPV-20632  14.130 16.835  149.37   0.069  570.1    0.083  500.3    0.054
OGLE-LMC-LPV-20663  14.162 17.194  176.40   0.109 2646      0.297  376.5    0.131
OGLE-LMC-LPV-20672  13.840 16.120  106.45   0.059   72.44   0.042  155.96   0.039
OGLE-LMC-LPV-20673  14.241 16.897  228.2    0.150 1037      0.176  199.68   0.104
OGLE-LMC-LPV-20710  14.328 16.367   66.45   0.068  113.33   0.067  176.03   0.055
OGLE-LMC-LPV-20723  15.020 16.611   56.99   0.035   34.567  0.025  408.5    0.020
OGLE-LMC-LPV-20730  15.061 17.178   87.87   0.061  728.3    0.061   55.48   0.041
OGLE-LMC-LPV-20734  13.576 16.281  178.86   0.241  400.6    0.102  270.6    0.065
OGLE-LMC-LPV-20736  14.261 17.577  761.0    0.276  421.1    0.085  351.2    0.065
OGLE-LMC-LPV-20741  14.242 16.991  165.25   0.127  178.51   0.083  186.22   0.070
OGLE-LMC-LPV-20757  14.393 17.434  197.68   0.192  320.6    0.130  374.4    0.101
OGLE-LMC-LPV-20766  14.293 16.903   90.91   0.261 1161      0.155  173.16   0.133
OGLE-LMC-LPV-20781  13.976    -     80.82   0.060  751.3    0.104 1110      0.041
OGLE-LMC-LPV-20807  13.537 14.297  115.17   0.091  108.25   0.029  117.26   0.025
OGLE-LMC-LPV-20811  15.394 17.311   80.82   0.469   36.855  0.085   42.876  0.077
OGLE-LMC-LPV-20813  14.353 16.714   84.47   0.120  949.7    0.116  146.93   0.089
OGLE-LMC-LPV-20830  14.338 15.875   50.94   0.043   91.78   0.033 1718      0.029
OGLE-LMC-LPV-20835  14.725 16.819   72.89   0.045  640.2    0.071  423.0    0.054
OGLE-LMC-LPV-20849  14.383 16.843   97.70   0.081  807.1    0.102  105.08   0.051
OGLE-LMC-LPV-20851  14.848 18.077   77.95   0.083  721.0    0.069   79.90   0.055
OGLE-LMC-LPV-20852  13.958 16.612  151.26   0.153 1117      0.157  484.3    0.095
OGLE-LMC-LPV-20854  14.079 17.062  171.06   0.158  985.2    0.184 1976      0.107
OGLE-LMC-LPV-20855  14.171 17.114  180.41   0.152 1848      0.154  249.4    0.122
OGLE-LMC-LPV-20864  14.491 17.253  106.63   0.116 3125      0.354  743.5    0.225
OGLE-LMC-LPV-20870  14.503 16.718   99.16   0.129 1080      0.078  167.79   0.075
OGLE-LMC-LPV-20897  14.005 16.396  159.24   0.140  249.9    0.118  289.4    0.082
OGLE-LMC-LPV-20900  13.880 16.522  286.5    0.206  167.87   0.162  259.3    0.087
OGLE-LMC-LPV-20907  14.465 16.887   71.20   0.092   67.40   0.044  531.3    0.038
OGLE-LMC-LPV-20932  14.160 17.238  332.4    0.266 1289      0.264 4386      0.122
OGLE-LMC-LPV-20933  14.554 16.297  113.64   0.464  181.92   0.146  111.06   0.129
OGLE-LMC-LPV-20937  14.206 16.711  270.0    0.244  305.7    0.145  145.03   0.085
OGLE-LMC-LPV-20943  13.971 16.641  272.5    0.249  448.0    0.131  306.9    0.105
OGLE-LMC-LPV-20949  14.734 17.576  300.4    0.354 1344      0.206  320.5    0.100
OGLE-LMC-LPV-20952  14.568 17.793  102.07   0.152  179.86   0.149  138.93   0.110
OGLE-LMC-LPV-20965  14.912 18.500  505.6    0.636 4255      0.610  486.4    0.220
OGLE-LMC-LPV-20969  14.711 17.018  758.2    0.541 1192      0.150  240.6    0.102
OGLE-LMC-LPV-20970  13.993 16.805  187.45   0.178  340.1    0.149  837.5    0.108
OGLE-LMC-LPV-20980  13.891    -    130.24   0.165  227.2    0.100  331.3    0.048
OGLE-LMC-LPV-20985  15.068 17.165   65.61   0.028  416.5    0.017  183.92   0.015
OGLE-LMC-LPV-20992  14.382 17.015   79.06   0.086  728.9    0.127  408.3    0.062
OGLE-LMC-LPV-21003  14.575 17.596  106.67   0.403  197.43   0.182  101.65   0.096
OGLE-LMC-LPV-21005  14.696 16.410   69.60   0.039  387.7    0.077  323.3    0.035
OGLE-LMC-LPV-21015  14.089 15.926   64.62   0.046   97.70   0.040  536.2    0.039
OGLE-LMC-LPV-21023  14.229 16.643   95.14   0.042 2786      0.097  630.5    0.058
OGLE-LMC-LPV-21024  14.028 17.456  133.56   0.202  142.33   0.121  239.9    0.087
OGLE-LMC-LPV-21028  14.365 17.290  170.68   0.145 2755      0.246  215.0    0.076
OGLE-LMC-LPV-21041  14.438 17.378  293.1    0.159  175.35   0.080  439.6    0.078
OGLE-LMC-LPV-21042  14.153 16.550  134.07   0.074  744.0    0.073 1067      0.055
OGLE-LMC-LPV-21045  14.460 18.030  387.5    0.177 1107      0.151  239.6    0.056
OGLE-LMC-LPV-21063  14.171 16.803  162.15   0.233 1284      0.207  271.6    0.071
OGLE-LMC-LPV-21081  15.220 17.335   51.41   0.033  405.2    0.029 1767      0.026
OGLE-LMC-LPV-21084  14.391 17.750  186.50   0.260 1323      0.164  310.1    0.082
OGLE-LMC-LPV-21091  14.154 15.778   77.40   0.047  240.0    0.044  134.68   0.035
OGLE-LMC-LPV-21092  14.001 17.007  103.90   0.075  594.5    0.120   97.57   0.099
OGLE-LMC-LPV-21112  14.901 17.885  140.86   0.174  250.4    0.131 2326      0.081
OGLE-LMC-LPV-21128  13.133 15.426  206.2    0.185 1122      0.179  152.81   0.096
OGLE-LMC-LPV-21130  14.751 16.547   53.82   0.050   53.12   0.042   86.57   0.040
OGLE-LMC-LPV-21134  14.482 17.192  170.13   0.096 1536      0.112 2967      0.088
OGLE-LMC-LPV-21140  15.303 17.597   49.349  0.061  581.7    0.069   52.09   0.057
OGLE-LMC-LPV-21141  14.550 16.642  109.62   0.081  132.28   0.063  119.88   0.048
OGLE-LMC-LPV-21143  14.709 16.626  114.71   0.077  436.9    0.106  235.2    0.099
OGLE-LMC-LPV-21170  14.312 17.643  104.57   0.143  111.59   0.104  106.19   0.083
OGLE-LMC-LPV-21173  14.070 17.028  204.3    0.239  215.7    0.164  111.76   0.129
OGLE-LMC-LPV-21174  14.283 16.734  240.8    0.354  192.90   0.095  959.7    0.090
OGLE-LMC-LPV-21186  13.200 15.356  105.48   0.057  837.5    0.049  169.03   0.043
OGLE-LMC-LPV-21189  14.817 17.352   66.70   0.180  116.59   0.142  757.0    0.113
OGLE-LMC-LPV-21199  14.274 16.088  115.04   0.240   77.10   0.067  128.97   0.061
OGLE-LMC-LPV-21206  15.944 19.060   65.04   0.042  419.1    0.048  104.61   0.035
OGLE-LMC-LPV-21210  15.634 17.658   35.458  0.197   62.19   0.082   33.250  0.077
OGLE-LMC-LPV-21216  14.337 16.177  115.79   0.154   62.34   0.092  296.5    0.036
OGLE-LMC-LPV-21218  13.859 16.812  169.84   0.099 1681      0.142  266.5    0.108
OGLE-LMC-LPV-21225  14.149 17.423  306.9    0.179  410.3    0.163  352.1    0.107
OGLE-LMC-LPV-21226  14.032 17.081  192.01   0.129  300.5    0.118 1007      0.093
OGLE-LMC-LPV-21235  13.512 15.949  159.01   0.149 1178      0.169  707.2    0.066
OGLE-LMC-LPV-21244  14.648 16.789  100.40   0.068  298.7    0.090  394.6    0.061
OGLE-LMC-LPV-21250  14.038 16.442  131.89   0.134  124.91   0.136 1815      0.095
OGLE-LMC-LPV-21251  14.121 16.724  153.89   0.108 1253      0.233  288.3    0.098
OGLE-LMC-LPV-21257  14.271 16.911   95.27   0.109  167.25   0.107   97.80   0.080
OGLE-LMC-LPV-21261  13.977 16.608  319.6    0.148  781.2    0.109  166.86   0.082
OGLE-LMC-LPV-21282  14.493 16.538   85.09   0.071  412.0    0.064  174.06   0.045
OGLE-LMC-LPV-21283  14.656 17.238   74.71   0.049  339.6    0.076  635.7    0.052
OGLE-LMC-LPV-21290  14.405 16.625  150.59   0.232   80.39   0.131  143.84   0.072
OGLE-LMC-LPV-21304  14.448 16.944   65.29   0.043  391.7    0.039  152.07   0.033
OGLE-LMC-LPV-21317  14.728 17.313  172.88   0.731  182.48   0.435  667.1    0.300
OGLE-LMC-LPV-21324  14.473 16.924  148.26   0.107 1370      0.213 1098      0.165
OGLE-LMC-LPV-21325  15.810 17.744   33.297  0.052  512.0    0.061   35.158  0.047
OGLE-LMC-LPV-21328  14.250 17.517  108.15   0.206 1155      0.159  111.57   0.102
OGLE-LMC-LPV-21329  15.142 18.135  127.32   0.056 1642      0.160  270.9    0.075
OGLE-LMC-LPV-21334  14.273 17.497  115.70   0.158  859.1    0.137  109.48   0.121
OGLE-LMC-LPV-21371  14.725 16.799   86.93   0.046  407.5    0.048  302.9    0.033
OGLE-LMC-LPV-21374  14.973 16.728   81.10   0.182   77.87   0.099   37.535  0.049
OGLE-LMC-LPV-21383  14.387 17.419  165.43   0.151 4292      0.537  595.6    0.109
OGLE-LMC-LPV-21389  14.288 17.196   97.98   0.086  176.15   0.069  958.8    0.074
OGLE-LMC-LPV-21400  14.285 18.049  131.20   0.360  135.74   0.276 2924      0.185
OGLE-LMC-LPV-21406  13.856 16.650  281.4    0.148  325.0    0.076  359.2    0.054
OGLE-LMC-LPV-21422  14.040 16.712  163.53   0.095 2710      0.120  202.0    0.058
OGLE-LMC-LPV-21424  14.347 17.183   76.85   0.112  226.1    0.107  874.9    0.064
OGLE-LMC-LPV-21425  13.576 16.335  202.3    0.220 1550      0.135  308.5    0.124
OGLE-LMC-LPV-21440  13.594 16.186  122.82   0.057  581.4    0.151  961.5    0.069
OGLE-LMC-LPV-21468  14.748 17.200   64.76   0.102  110.86   0.067  845.3    0.066
OGLE-LMC-LPV-21476  13.999 16.417  127.70   0.082 1086      0.118  431.6    0.056
OGLE-LMC-LPV-21494  15.460 17.089   50.99   0.087   57.24   0.088   31.654  0.069
OGLE-LMC-LPV-21495  14.174 16.539   83.40   0.153  915.8    0.111  141.24   0.071
OGLE-LMC-LPV-21500  15.288 18.529   77.48   0.048   74.65   0.054   79.52   0.041
OGLE-LMC-LPV-21506  14.752 18.541  246.6    0.183  541.1    0.126  132.01   0.109
OGLE-LMC-LPV-21507  13.636 16.251  167.95   0.223 1429      0.259  217.9    0.053
OGLE-LMC-LPV-21511  15.082 17.484  110.05   0.647  103.25   0.137  263.7    0.117
OGLE-LMC-LPV-21516  13.452 15.873  154.75   0.105 1144      0.202  245.7    0.080
OGLE-LMC-LPV-21523  14.778 17.115   71.47   0.055 2681      0.088  539.4    0.070
OGLE-LMC-LPV-21526  14.230 16.721  107.26   0.071  177.53   0.078 3584      0.057
OGLE-LMC-LPV-21532  14.398 16.420   93.84   0.046  440.7    0.099  325.7    0.053
OGLE-LMC-LPV-21539  14.772 16.640   52.79   0.074   51.13   0.039  811.7    0.037
OGLE-LMC-LPV-21545  14.238 17.404  324.7    0.251 1658      0.604  324.9    0.104
OGLE-LMC-LPV-21555  14.218 17.267  100.78   0.063  728.3    0.226  591.0    0.118
OGLE-LMC-LPV-21564  14.116 17.764  131.99   0.136 1608      0.085  228.2    0.077
OGLE-LMC-LPV-21566  14.239 15.977  115.99   0.630 5882      0.184  150.11   0.100
OGLE-LMC-LPV-21571  14.028 16.750  175.78   0.198  164.50   0.114  419.6    0.105
OGLE-LMC-LPV-21583  13.159 15.887  444.5    0.288  310.0    0.077  198.29   0.036
OGLE-LMC-LPV-21607  14.612 16.297   67.06   0.042  197.32   0.036  357.3    0.028
OGLE-LMC-LPV-21619  14.329 17.696  116.28   0.223  197.75   0.108  226.2    0.095
OGLE-LMC-LPV-21624  14.496 16.634   68.37   0.056  610.5    0.050  108.17   0.036
OGLE-LMC-LPV-21625  13.398 16.478  186.88   0.090 4255      0.062  117.18   0.041
OGLE-LMC-LPV-21637  13.858 16.569  251.0    0.137  323.5    0.072  903.3    0.061
OGLE-LMC-LPV-21651  14.818 16.566   69.65   0.034  382.1    0.039   46.305  0.030
OGLE-LMC-LPV-21663  14.282 18.593  162.60   0.284  271.8    0.192  385.2    0.104
OGLE-LMC-LPV-21667  13.847 16.973  116.80   0.164  732.6    0.185  111.47   0.073
OGLE-LMC-LPV-21673  13.851 16.397  161.21   0.077 3257      0.151  322.9    0.050
OGLE-LMC-LPV-21677  14.138 17.322  227.4    0.314  763.4    0.138  485.9    0.091
OGLE-LMC-LPV-21686  13.329 15.778  195.85   0.070 1030      0.151  270.3    0.026
OGLE-LMC-LPV-21695  13.962 16.665  147.17   0.202 1695      0.274  412.2    0.068
OGLE-LMC-LPV-21706  14.597 17.196  118.57   0.099  511.2    0.247  424.4    0.134
OGLE-LMC-LPV-21714  14.530 16.829   78.33   0.145 1136      0.098   77.29   0.074
OGLE-LMC-LPV-21718  14.313 17.030  300.8    0.457 2564      0.131  164.85   0.105
OGLE-LMC-LPV-21721  14.446 16.168  105.07   0.385   98.09   0.100  101.85   0.090
OGLE-LMC-LPV-21725  14.811 16.805  116.26   0.587 4237      0.245  120.37   0.136
OGLE-LMC-LPV-21730  14.040 16.950  158.20   0.072 5495      0.230  537.9    0.074
OGLE-LMC-LPV-21736  14.250 16.894  139.66   0.224 1247      0.148  245.2    0.118
OGLE-LMC-LPV-21742  14.442 17.034  131.67   0.204  222.4    0.164 1196      0.125
OGLE-LMC-LPV-21746  14.380 17.857  441.0    0.585 1381      0.163  116.82   0.059
OGLE-LMC-LPV-21749  15.117 17.598  100.82   0.085  950.6    0.249 1164      0.095
OGLE-LMC-LPV-21762  14.311 16.183  125.94   0.182   67.01   0.091  112.80   0.069
OGLE-LMC-LPV-21780  14.597 16.873  156.30   0.454  161.47   0.224   76.53   0.098
OGLE-LMC-LPV-21815  14.544 16.587  117.54   0.210  126.77   0.087  115.09   0.077
OGLE-LMC-LPV-21822  14.094 16.698  312.2    0.292  794.3    0.084  167.79   0.064
OGLE-LMC-LPV-21823  14.643 16.517   57.32   0.103  651.9    0.073   99.39   0.047
OGLE-LMC-LPV-21824  14.708 17.176   98.82   0.074 1093      0.178  163.99   0.067
OGLE-LMC-LPV-21828  13.954 16.309  878.0    0.190  718.9    0.090 1079      0.062
OGLE-LMC-LPV-21845  14.433 17.560  222.6    0.238  121.21   0.120  197.20   0.084
OGLE-LMC-LPV-21854  14.464 16.437   67.84   0.073 2370      0.057   65.42   0.054
OGLE-LMC-LPV-21856  14.023 17.755  138.75   0.148  938.1    0.214  243.6    0.172
OGLE-LMC-LPV-21858  14.949 17.545  937.2    0.400 3937      0.250  700.8    0.118
OGLE-LMC-LPV-21877  14.360 17.523  149.61   0.144  988.1    0.149  189.61   0.084
OGLE-LMC-LPV-21890  14.167 17.461  330.7    0.241  856.9    0.172  202.6    0.084
OGLE-LMC-LPV-21897  14.263 17.052  346.9    0.418  381.7    0.168  264.3    0.092
OGLE-LMC-LPV-21902  14.847 16.594   47.110  0.031   70.58   0.029  410.3    0.021
OGLE-LMC-LPV-21907  13.995 16.420  132.42   0.052  842.5    0.222  572.1    0.082
OGLE-LMC-LPV-21910  14.292 16.553  170.77   0.578  162.89   0.486  399.2    0.288
OGLE-LMC-LPV-21911  14.458 17.442  181.82   0.126 1239      0.122  173.94   0.083
OGLE-LMC-LPV-21913  14.039 16.709   95.12   0.094  750.8    0.093  101.18   0.061
OGLE-LMC-LPV-21942  14.492 17.547   92.43   0.180  915.8    0.189   89.82   0.083
OGLE-LMC-LPV-21962  14.000 17.037  300.9    0.229 1475      0.130  181.19   0.120
OGLE-LMC-LPV-21979  14.273 16.772  115.07   0.137 1000      0.156  120.70   0.082
OGLE-LMC-LPV-22008  14.383 17.176   95.92   0.168   92.60   0.122  306.5    0.096
OGLE-LMC-LPV-22011  14.365 16.414   64.86   0.061  101.78   0.051  500.5    0.052
OGLE-LMC-LPV-22015  14.311 16.687   81.01   0.065   77.76   0.063  110.66   0.051
OGLE-LMC-LPV-22021  17.450 21.796   63.58   0.055  521.4    0.108  741.8    0.057
OGLE-LMC-LPV-22046  14.191 17.045  154.59   0.133  869.6    0.078  134.73   0.058
OGLE-LMC-LPV-22054  13.940 17.180  207.4    0.170  281.1    0.090  386.2    0.087
OGLE-LMC-LPV-22061  14.632 17.862  271.8    0.591  602.0    0.145  190.26   0.124
OGLE-LMC-LPV-22085  14.003 16.601  155.89   0.093  147.23   0.087 2506      0.084
OGLE-LMC-LPV-22090  14.738 16.995   87.02   0.067  283.0    0.093  442.3    0.070
OGLE-LMC-LPV-22094  14.365 16.811  122.80   0.073  198.77   0.063 1344      0.063
OGLE-LMC-LPV-22098  14.241 17.380  171.44   0.118 1253      0.133  300.4    0.065
OGLE-LMC-LPV-22099  14.262 17.326  113.83   0.118  181.75   0.130  104.24   0.120
OGLE-LMC-LPV-22106  15.334 16.925   55.53   0.047  266.5    0.032   50.12   0.027
OGLE-LMC-LPV-22107  13.239 15.743  344.7    0.149  304.2    0.120  193.91   0.075
OGLE-LMC-LPV-22148  14.411 17.169  208.3    0.559 4274      0.166  106.97   0.140
OGLE-LMC-LPV-22153  14.907 16.773   44.356  0.041   73.77   0.038   69.42   0.025
OGLE-LMC-LPV-22155  14.570 16.762   68.76   0.185  989.1    0.091  109.49   0.058
OGLE-LMC-LPV-22179  14.575 17.130   87.98   0.080  617.3    0.125  413.9    0.090
OGLE-LMC-LPV-22182  14.076 17.930  221.4    0.303 1949      0.146  128.19   0.101
OGLE-LMC-LPV-22186  14.201 16.748  185.86   0.136  111.96   0.074  202.8    0.071
OGLE-LMC-LPV-22189  13.802 17.746  177.81   0.302 1695      0.202  170.56   0.154
OGLE-LMC-LPV-22190  13.925 16.718  178.09   0.119 1431      0.179 2421      0.159
OGLE-LMC-LPV-22198  14.060 16.296  198.71   0.755  228.2    0.162  106.18   0.117
OGLE-LMC-LPV-22207  14.324 17.231  141.00   0.100 4651      0.200  113.39   0.056
OGLE-LMC-LPV-22229  14.159 17.103   99.21   0.112  106.67   0.110  242.1    0.049
OGLE-LMC-LPV-22232  13.912 16.758  169.41   0.181 1852      0.159  288.8    0.117
OGLE-LMC-LPV-22236  14.179 17.147   97.41   0.076  173.97   0.098 1144      0.089
OGLE-LMC-LPV-22248  14.665 16.509   54.29   0.093   95.45   0.061   93.14   0.052
OGLE-LMC-LPV-22256  13.961 16.836  161.94   0.083 3135      0.132  188.68   0.071
OGLE-LMC-LPV-22270  13.660 16.076  169.87   0.083 1524      0.181  568.2    0.066
OGLE-LMC-LPV-22277  14.368 16.776  161.21   0.667 1805      0.336  176.80   0.307
OGLE-LMC-LPV-22289  14.366 16.836   73.55   0.065  393.7    0.142  544.1    0.121
OGLE-LMC-LPV-22309  14.529 17.256   84.03   0.094  105.09   0.119 1110      0.098
OGLE-LMC-LPV-22327  14.062 16.756  159.86   0.151  180.73   0.062  331.3    0.048
OGLE-LMC-LPV-22351  14.290 17.363   89.02   0.063  240.4    0.081  147.43   0.060
OGLE-LMC-LPV-22366  13.599 16.216  131.27   0.060  895.3    0.238  521.6    0.083
OGLE-LMC-LPV-22389  14.109 17.325  117.95   0.195  209.6    0.202  112.96   0.096
OGLE-LMC-LPV-22409  13.714 16.407  175.87   0.128 2008      0.190  294.7    0.119
OGLE-LMC-LPV-22412  13.518 16.520  244.4    0.205  412.5    0.210  450.0    0.099
OGLE-LMC-LPV-22416  14.341 17.476  235.7    0.101 1185      0.158 1543      0.089
OGLE-LMC-LPV-22420  14.254 17.823  103.97   0.105  192.64   0.102  106.16   0.058
OGLE-LMC-LPV-22423  15.052 16.616   56.74   0.064   62.46   0.047   51.90   0.047
OGLE-LMC-LPV-22428  14.917 17.756   71.73   0.068 2123      0.063  113.03   0.056
OGLE-LMC-LPV-22459  14.637 16.470   46.558  0.055  631.3    0.045   45.750  0.035
OGLE-LMC-LPV-22461  13.997 17.030  180.64   0.225 2410      0.235  195.92   0.177
OGLE-LMC-LPV-22484  14.330 17.742   96.88   0.086  657.0    0.123 1427      0.085
OGLE-LMC-LPV-22486  14.350 17.500  168.22   0.176 2558      0.089   90.81   0.067
OGLE-LMC-LPV-22490  14.378 16.501   93.80   0.068  660.9    0.066  410.7    0.053
OGLE-LMC-LPV-22520  14.298 16.986  204.4    0.127  292.5    0.107  640.2    0.050
OGLE-LMC-LPV-22527  14.803 17.197  171.24   0.324  162.36   0.263  181.69   0.158
OGLE-LMC-LPV-22531  14.252 16.761   81.55   0.127   89.36   0.077 1138      0.050
OGLE-LMC-LPV-22538  13.912 16.436  197.42   0.210  106.55   0.073  112.22   0.092
OGLE-LMC-LPV-22548  13.443 16.113  171.00   0.205  261.4    0.081 1323      0.053
OGLE-LMC-LPV-22549  14.190 16.870  119.70   0.095 1531      0.148  113.47   0.057
OGLE-LMC-LPV-22550  15.459 17.808   65.32   0.044  195.69   0.044   69.75   0.039
OGLE-LMC-LPV-22552  14.913 17.869  773.4    0.824 4098      0.832  371.6    0.385
OGLE-LMC-LPV-22563  14.411 16.695   71.40   0.071  553.1    0.056  104.83   0.035
OGLE-LMC-LPV-22568  13.794 16.003   93.24   0.042  812.3    0.075   86.67   0.028
OGLE-LMC-LPV-22582  13.274 15.466  126.95   0.051  656.2    0.087  101.80   0.040
OGLE-LMC-LPV-22583  14.329 16.333  184.37   0.501  217.0    0.298  171.91   0.230
OGLE-LMC-LPV-22587  14.528 17.161   78.82   0.053  770.4    0.060  325.7    0.050
OGLE-LMC-LPV-22597  14.090 17.032  156.25   0.124 1553      0.220 3584      0.173
OGLE-LMC-LPV-22598  14.730 16.596   53.13   0.081  726.7    0.101   48.579  0.062
OGLE-LMC-LPV-22599  14.339 17.628  167.00   0.109 1368      0.195  324.7    0.100
OGLE-LMC-LPV-22602  15.731 19.379  198.89   0.167  340.5    0.106  178.44   0.081
OGLE-LMC-LPV-22605  13.717 15.935  250.4    0.108 1285      0.091  136.91   0.043
OGLE-LMC-LPV-22615  14.198 17.198   97.63   0.069 1229      0.091  166.25   0.070
OGLE-LMC-LPV-22627  14.039 16.343  280.6    0.493  327.7    0.127  151.22   0.078
OGLE-LMC-LPV-22638  13.557 16.071  149.63   0.071  941.6    0.188  283.1    0.116
OGLE-LMC-LPV-22648  14.278 16.512  253.2    0.749  292.1    0.164  136.95   0.067
OGLE-LMC-LPV-22657  14.162 17.172  144.66   0.113  903.3    0.246  754.1    0.094
OGLE-LMC-LPV-22658  14.227 17.748  225.7    0.385  478.5    0.306  414.9    0.204
OGLE-LMC-LPV-22661  14.056 17.643  119.77   0.106  834.7    0.192  492.9    0.113
OGLE-LMC-LPV-22664  14.016 17.207  102.59   0.091  706.2    0.161  506.1    0.173
OGLE-LMC-LPV-22693  13.710 16.553  188.67   0.150  322.0    0.141 2198      0.065
OGLE-LMC-LPV-22697  14.402 16.457  153.49   0.531  166.72   0.069  177.56   0.066
OGLE-LMC-LPV-22699  14.719 16.964   74.89   0.068  341.1    0.098  457.2    0.058
OGLE-LMC-LPV-22700  13.412 16.599  256.5    0.327 1931      0.182  428.3    0.054
OGLE-LMC-LPV-22712  14.512 17.541  302.2    0.626  464.3    0.154 1058      0.122
OGLE-LMC-LPV-22716  14.209 16.856   92.46   0.117  153.70   0.157 1068      0.101
OGLE-LMC-LPV-22735  14.611 16.518   57.56   0.048  594.9    0.043   67.07   0.040
OGLE-LMC-LPV-22736  12.599 15.524  501.0    0.072  343.5    0.110  395.6    0.100
OGLE-LMC-LPV-22756  14.319 17.327  103.34   0.255  186.25   0.206  177.37   0.101
OGLE-LMC-LPV-22759  13.890 16.207  216.9    0.107  128.73   0.108  923.4    0.099
OGLE-LMC-LPV-22767  14.123 17.027  317.4    0.221 2110      0.093  115.62   0.074
OGLE-LMC-LPV-22800  10.076 12.754  409.3    0.332  580.7    0.061    8.6651 0.024
OGLE-LMC-LPV-22802  14.578 16.413   78.61   0.056  261.0    0.050  231.6    0.039
OGLE-LMC-LPV-22806  14.894 17.658  111.91   0.061  446.4    0.086  620.0    0.045
OGLE-LMC-LPV-22809  14.590 17.442   82.57   0.189   79.81   0.125  144.99   0.114
OGLE-LMC-LPV-22814  14.307 17.320  197.09   0.320  111.09   0.138  178.60   0.074
OGLE-LMC-LPV-22818  14.080 16.544  170.00   0.185  286.6    0.090  432.3    0.074
OGLE-LMC-LPV-22830  14.268 17.418  155.09   0.112 2625      0.135  233.6    0.103
OGLE-LMC-LPV-22858  13.476 15.745  141.03   0.094 1359      0.072  543.8    0.039
OGLE-LMC-LPV-22859  14.963 17.534  168.61   0.106 2571      0.090  737.5    0.051
OGLE-LMC-LPV-22868  15.751 19.908  206.6    0.554 1761      0.793  712.3    0.467
OGLE-LMC-LPV-22874  14.213 16.803  132.43   0.154 1761      0.380  240.9    0.134
OGLE-LMC-LPV-22891  14.461 17.772  108.31   0.197 1245      0.120  103.34   0.072
OGLE-LMC-LPV-22896  14.421 16.561   66.66   0.039  240.8    0.027 1076      0.026
OGLE-LMC-LPV-22901  14.298 17.439  318.6    0.146  177.40   0.087  164.45   0.058
OGLE-LMC-LPV-22911  14.386 16.954  117.72   0.149 1049      0.209  126.33   0.081
OGLE-LMC-LPV-22920  14.367 16.821  167.87   0.567  176.37   0.160 4202      0.106
OGLE-LMC-LPV-22932  14.441 16.607   70.73   0.131  898.5    0.163   92.55   0.070
OGLE-LMC-LPV-22941  14.274 16.341  155.76   0.290  179.24   0.194  149.48   0.154
OGLE-LMC-LPV-22955  14.325 16.941  129.80   0.088  551.9    0.077   73.33   0.035
OGLE-LMC-LPV-22969  14.282 17.172   89.91   0.066  529.1    0.095  657.5    0.094
OGLE-LMC-LPV-22980  14.039 16.496  120.90   0.051  638.6    0.156  198.53   0.079
OGLE-LMC-LPV-22985  14.694 17.250  165.13   0.108  494.3    0.089  923.4    0.084
OGLE-LMC-LPV-22994  14.290 17.010   85.31   0.069  731.0    0.087 3559      0.058
OGLE-LMC-LPV-23001  14.684 16.520   66.06   0.047  497.0    0.034   43.729  0.031
OGLE-LMC-LPV-23005  14.701 18.025  405.5    0.455  223.0    0.108 1100      0.091
OGLE-LMC-LPV-23022  14.642 17.881  234.3    0.574  122.84   0.182  130.29   0.104
OGLE-LMC-LPV-23028  14.816 17.327  114.57   0.082  567.9    0.083  117.77   0.067
OGLE-LMC-LPV-23034  14.226 16.358  219.6    0.331  117.59   0.138  211.7    0.083
OGLE-LMC-LPV-23038  14.699 16.685  102.06   0.440  400.8    0.233  866.6    0.165
OGLE-LMC-LPV-23042  13.870 17.072  128.44   0.202  248.0    0.100  119.83   0.069
OGLE-LMC-LPV-23060  14.299 17.174  183.52   0.176 1010      0.161   98.76   0.109
OGLE-LMC-LPV-23073  17.323 19.305  254.6    0.107 4016      0.448   86.16   0.110
OGLE-LMC-LPV-23083  14.270 17.394  107.64   0.122  196.85   0.156 1098      0.130
OGLE-LMC-LPV-23095  14.083 16.422 1041      0.172 2375      0.068  388.0    0.059
OGLE-LMC-LPV-23104  14.168 17.421  420.2    0.494 1445      0.182  323.1    0.072
OGLE-LMC-LPV-23107  14.628 16.320   42.123  0.024   82.29   0.024 2950      0.021
OGLE-LMC-LPV-23108  14.279 16.715   78.52   0.173   76.21   0.084   73.45   0.073
OGLE-LMC-LPV-23113  14.338 17.732  186.61   0.211  486.9    0.184  130.28   0.104
OGLE-LMC-LPV-23128  14.644 16.400   74.62   0.042  744.6    0.036   49.648  0.022
OGLE-LMC-LPV-23145  15.076 17.323   43.463  0.073   44.543  0.069   69.51   0.062
OGLE-LMC-LPV-23150  14.888 16.634   85.06   0.042   74.11   0.027  435.4    0.024
OGLE-LMC-LPV-23155  14.526 16.445   59.02   0.037 4237      0.054  110.23   0.026
OGLE-LMC-LPV-23162  14.262 17.065  192.73   0.197  179.05   0.155  613.1    0.107
OGLE-LMC-LPV-23172  14.560 17.846  296.2    0.404  448.0    0.213 1110      0.104
OGLE-LMC-LPV-23176  13.912 16.505 1108      0.553 3279      0.129  176.68   0.067
OGLE-LMC-LPV-23177  14.009 17.060  211.9    0.168 2506      0.196  182.25   0.102
OGLE-LMC-LPV-23184  14.733 16.994   99.81   0.130   60.16   0.079  243.4    0.051
OGLE-LMC-LPV-23189  15.156 16.766   44.881  0.045  322.6    0.038   50.52   0.031
OGLE-LMC-LPV-23203  14.227 16.611  122.62   0.119 1538      0.152  134.95   0.088
OGLE-LMC-LPV-23218  14.276 17.029  984.1    0.319  853.2    0.119 1905      0.051
OGLE-LMC-LPV-23237  14.520 18.192  443.5    0.525 3497      0.385  473.3    0.147
OGLE-LMC-LPV-23263  14.115 17.357  109.30   0.106  519.5    0.117  182.32   0.101
OGLE-LMC-LPV-23276  14.793 16.968  118.62   0.132   65.61   0.102  115.93   0.077
OGLE-LMC-LPV-23287  14.516 16.865  107.42   0.094  103.21   0.087  889.7    0.063
OGLE-LMC-LPV-23292  14.089 16.687  307.5    0.148  181.85   0.119  166.89   0.086
OGLE-LMC-LPV-23295  14.004 16.163   92.71   0.049  603.1    0.051   85.91   0.033
OGLE-LMC-LPV-23296  14.766 16.915   54.49   0.048  660.1    0.083  104.57   0.044
OGLE-LMC-LPV-23298  14.013 16.255  200.6    0.296  144.86   0.094  174.64   0.052
OGLE-LMC-LPV-23308  14.345 17.479  103.63   0.233  181.82   0.143  112.35   0.095
OGLE-LMC-LPV-23332  14.553 17.674  175.47   0.109  969.9    0.110  305.3    0.119
OGLE-LMC-LPV-23339  14.590 16.867  163.27   0.079  669.8    0.176  214.2    0.074
OGLE-LMC-LPV-23340  14.398 16.882   78.62   0.260 1012      0.101   81.79   0.077
OGLE-LMC-LPV-23352  13.986 17.135  214.5    0.237 5405      0.166  394.3    0.096
OGLE-LMC-LPV-23355  14.042 16.710  267.8    0.177  504.0    0.141  160.00   0.075
OGLE-LMC-LPV-23368  14.272 16.948  274.9    0.216 3906      0.122  154.92   0.064
OGLE-LMC-LPV-23381  14.613 17.170  158.25   0.133 2667      0.070   91.17   0.061
OGLE-LMC-LPV-23395  14.182 16.989  326.2    0.259  310.6    0.128  393.5    0.126
OGLE-LMC-LPV-23416  13.877 16.860  116.35   0.159  213.9    0.118  122.82   0.112
OGLE-LMC-LPV-23419  14.282 16.566   86.07   0.049  517.1    0.091  241.7    0.043
OGLE-LMC-LPV-23421  14.666 17.622  239.8    0.222 1401      0.119  216.8    0.086
OGLE-LMC-LPV-23422  13.951 16.866  106.91   0.146  172.38   0.126  110.16   0.103
OGLE-LMC-LPV-23425  15.465 17.155   31.349  0.059  279.5    0.061   25.556  0.054
OGLE-LMC-LPV-23432  14.519 18.001  244.3    0.268  255.8    0.143  231.9    0.111
OGLE-LMC-LPV-23441  13.924 17.079  110.08   0.103  564.7    0.150  169.23   0.070
OGLE-LMC-LPV-23442  14.397 17.221   88.70   0.150  893.7    0.136  157.08   0.122
OGLE-LMC-LPV-23465  13.975 16.364  124.32   0.045  559.6    0.029  143.35   0.025
OGLE-LMC-LPV-23472  14.080 16.434  119.43   0.058  658.8    0.095  513.1    0.059
OGLE-LMC-LPV-23473  14.571 17.671   96.34   0.180  115.38   0.121 1203      0.119
OGLE-LMC-LPV-23481  14.390 17.618  295.6    0.195 2740      0.331  215.0    0.168
OGLE-LMC-LPV-23483  14.723 17.351  249.6    0.090 1686      0.180 1267      0.084
OGLE-LMC-LPV-23485  14.392 16.989  128.37   0.080   73.21   0.062  609.4    0.043
OGLE-LMC-LPV-23488  14.271 16.700  262.2    0.223  138.83   0.162  283.2    0.080
OGLE-LMC-LPV-23493  13.923 16.497  143.25   0.075 1145      0.119 2062      0.099
OGLE-LMC-LPV-23507  13.663 16.138 1234      0.325  146.56   0.069 1686      0.062
OGLE-LMC-LPV-23513  14.387 16.926   81.00   0.133   78.56   0.083   83.69   0.082
OGLE-LMC-LPV-23524  14.230 17.227 1012      0.492  240.9    0.084 1751      0.060
OGLE-LMC-LPV-23528  14.079 16.667  300.9    0.313  157.06   0.104  328.2    0.093
OGLE-LMC-LPV-23534  14.621 16.345   74.08   0.042  304.3    0.034   49.569  0.028
OGLE-LMC-LPV-23544  13.925 16.643  148.85   0.125 1078      0.183  767.5    0.082
OGLE-LMC-LPV-23549  14.625 18.167  425.4    0.253 5376      0.239  613.5    0.147
OGLE-LMC-LPV-23569  12.918 13.952   89.15   0.041  194.17   0.032   99.61   0.029
OGLE-LMC-LPV-23574  15.560 17.948   80.86   0.421   70.73   0.199  452.9    0.138
OGLE-LMC-LPV-23576  14.761 17.063   70.56   0.075  921.7    0.057  113.08   0.048
OGLE-LMC-LPV-23585  14.435 17.114  271.3    0.246  149.16   0.124  284.4    0.092
OGLE-LMC-LPV-23597  14.206 16.302  228.0    0.203  253.7    0.097  122.17   0.071
OGLE-LMC-LPV-23601  14.188 16.327  163.20   0.081  654.5    0.069  100.33   0.065
OGLE-LMC-LPV-23603  15.092 17.751  114.97   0.098  612.7    0.236 2632      0.165
OGLE-LMC-LPV-23620  13.962 17.011  243.7    0.268  129.43   0.104  309.7    0.094
OGLE-LMC-LPV-23630  15.532 17.308   55.49   0.074   62.19   0.065   33.688  0.048
OGLE-LMC-LPV-23632  12.412 14.210  280.7    0.070  252.7    0.080  164.18   0.046
OGLE-LMC-LPV-23636  14.179 16.608  252.5    0.220  138.60   0.092 2299      0.057
OGLE-LMC-LPV-23639  14.102 17.144  394.8    0.473  727.8    0.233 1004      0.128
OGLE-LMC-LPV-23644  13.212 15.387  134.76   0.098  948.8    0.070  144.51   0.046
OGLE-LMC-LPV-23647  13.899 16.613  139.04   0.118  776.4    0.179  644.7    0.083
OGLE-LMC-LPV-23648  13.721 15.813  138.29   0.051  691.6    0.058  169.26   0.035
OGLE-LMC-LPV-23666  14.377 17.247  103.13   0.151   99.48   0.112 1364      0.081
OGLE-LMC-LPV-23672  14.858 16.765   50.16   0.055   78.38   0.051   52.26   0.046
OGLE-LMC-LPV-23682  14.176 16.821  177.50   0.204  160.36   0.096   99.18   0.086
OGLE-LMC-LPV-23692  15.603 17.774   63.37   0.072    2.0512 0.037    2.4612 0.036
OGLE-LMC-LPV-23699  14.734 17.418  138.08   0.082 1597      0.226  123.06   0.064
OGLE-LMC-LPV-23706  14.350 16.511  115.25   0.063  340.6    0.044   59.61   0.041
OGLE-LMC-LPV-23715  14.857 17.308   77.97   0.027  287.7    0.041  210.5    0.034
OGLE-LMC-LPV-23716  14.485 16.465   63.98   0.154  109.35   0.092   59.34   0.056
OGLE-LMC-LPV-23728  14.362 17.941  843.2    0.281  110.25   0.080  118.67   0.070
OGLE-LMC-LPV-23736  13.919 17.189  198.14   0.093  655.3    0.171  210.0    0.108
OGLE-LMC-LPV-23739  14.870 16.458   43.746  0.068  298.1    0.044   72.81   0.033
OGLE-LMC-LPV-23772  14.121 17.419  186.15   0.141  342.0    0.165  209.5    0.081
OGLE-LMC-LPV-23793  14.502 18.108  197.01   0.181  459.8    0.166 4505      0.168
OGLE-LMC-LPV-23794  14.974 16.867   69.53   0.027  184.98   0.031  364.3    0.031
OGLE-LMC-LPV-23795  14.156 17.038   97.17   0.147  100.85   0.100   94.36   0.087
OGLE-LMC-LPV-23806  14.442 17.126  148.81   0.152  729.9    0.360 3968      0.119
OGLE-LMC-LPV-23808  14.067 16.881  213.1    0.330  196.39   0.116  121.26   0.079
OGLE-LMC-LPV-23809  14.887 17.172  117.60   0.258   61.90   0.114  113.74   0.092
OGLE-LMC-LPV-23817  14.167 16.559  132.50   0.139 2315      0.183  125.30   0.077
OGLE-LMC-LPV-23843  14.274 17.284  150.81   0.112  746.8    0.112 1575      0.053
OGLE-LMC-LPV-23849  14.805 17.024   80.37   0.052  425.0    0.037   54.53   0.030
OGLE-LMC-LPV-23856  14.107 17.676  130.08   0.241  256.5    0.161  176.93   0.086
OGLE-LMC-LPV-23869  14.383 16.624  125.62   0.132   73.21   0.081   74.34   0.070
OGLE-LMC-LPV-23889  14.063 17.175  230.8    0.310  252.3    0.144  939.0    0.069
OGLE-LMC-LPV-23921  14.185 17.945  126.87   0.345  218.4    0.141  132.98   0.082
OGLE-LMC-LPV-23948  14.187 16.739   82.67   0.067  617.7    0.095   79.07   0.071
OGLE-LMC-LPV-23964  13.303 15.766  152.81   0.119 1166      0.109  106.87   0.046
OGLE-LMC-LPV-23969  14.408 17.370   89.68   0.101  761.6    0.164  142.73   0.100
OGLE-LMC-LPV-23976  14.298 16.966  149.57   0.128 1065      0.080  258.1    0.064
OGLE-LMC-LPV-24024  14.011 16.570  152.43   0.108  930.2    0.081  146.71   0.072
OGLE-LMC-LPV-24030  14.555 16.722   59.30   0.038  425.5    0.037   91.86   0.028
OGLE-LMC-LPV-24051  15.205 17.394   96.50   0.085   89.77   0.062   56.45   0.055
OGLE-LMC-LPV-24061  13.828 16.904  211.0    0.132 1323      0.173  283.9    0.088
OGLE-LMC-LPV-24069  15.367 17.914   46.036  0.061  233.4    0.113  316.4    0.068
OGLE-LMC-LPV-24070  13.896 17.041  165.86   0.135  208.6    0.107  982.3    0.070
OGLE-LMC-LPV-24092  13.523 16.735  226.9    0.207 2075      0.448  396.5    0.146
OGLE-LMC-LPV-24095  13.601 15.865 1151      0.336  742.9    0.057  127.50   0.052
OGLE-LMC-LPV-24100  14.298 16.627  115.43   0.217 1531      0.149  110.56   0.095
OGLE-LMC-LPV-24110  13.968 16.716  345.4    0.274  443.3    0.157  264.2    0.175
OGLE-LMC-LPV-24113  14.014 17.088   94.45   0.124  517.1    0.178  429.9    0.080
OGLE-LMC-LPV-24115  14.314 16.964  290.0    0.161 2320      0.085  151.65   0.051
OGLE-LMC-LPV-24119  14.930 16.919   64.16   0.044  162.95   0.043   40.174  0.032
OGLE-LMC-LPV-24128  14.486 17.004  104.35   0.079 1272      0.161  330.4    0.052
OGLE-LMC-LPV-24131  14.618 16.484  118.12   0.553   60.74   0.127 2833      0.117
OGLE-LMC-LPV-24132  14.386 16.139  119.48   0.685  355.2    0.247  649.4    0.192
OGLE-LMC-LPV-24148  14.199 17.036   95.85   0.152  993.0    0.152  164.15   0.132
OGLE-LMC-LPV-24149  14.621 17.421 1044      0.327  582.1    0.115  470.8    0.101
OGLE-LMC-LPV-24152  15.764 17.183   29.264  0.071   36.252  0.052   20.178  0.041
OGLE-LMC-LPV-24157  15.541 19.399  209.7    0.354  118.30   0.119  123.61   0.099
OGLE-LMC-LPV-24161  14.558 16.854  139.07   0.223   75.56   0.104  147.89   0.090
OGLE-LMC-LPV-24166  13.976 16.741  172.71   0.117 1252      0.239  893.7    0.137
OGLE-LMC-LPV-24171  14.355 17.431  156.54   0.110  232.5    0.196 2288      0.159
OGLE-LMC-LPV-24172  14.765 18.117  104.86   0.125  101.76   0.104 1092      0.095
OGLE-LMC-LPV-24188  14.361 17.118  196.73   0.783 2646      0.104  158.23   0.101
OGLE-LMC-LPV-24192  13.789 16.377  156.89   0.137 1634      0.166  169.32   0.068
OGLE-LMC-LPV-24204  14.079 17.042  386.4    0.296  219.6    0.096  353.7    0.082
OGLE-LMC-LPV-24213  14.564 17.307  124.95   0.088 2070      0.231 1269      0.091
OGLE-LMC-LPV-24229  14.865 17.494   66.32   0.170  116.73   0.088  512.8    0.079
OGLE-LMC-LPV-24249  14.013 16.348  146.54   0.118  271.7    0.088  336.5    0.054
OGLE-LMC-LPV-24251  14.024 16.538  168.92   0.162  290.7    0.142 4292      0.104
OGLE-LMC-LPV-24253  15.430 17.298   63.54   0.122   65.04   0.145   83.46   0.107
OGLE-LMC-LPV-24265  14.487 16.333   60.73   0.049   59.92   0.038  107.64   0.036
OGLE-LMC-LPV-24276  16.813 20.287  482.9    0.726 1555      1.690 5181      1.010
OGLE-LMC-LPV-24293  14.926 17.264   76.23   0.043  445.8    0.101  631.3    0.068
OGLE-LMC-LPV-24305  14.329 17.905  420.1    0.401 1248      0.133  187.76   0.062
OGLE-LMC-LPV-24310  14.182 16.483   70.92   0.050  414.9    0.088  124.64   0.063
OGLE-LMC-LPV-24323  13.568 16.872  123.20   0.111 1309      0.088  501.0    0.036
OGLE-LMC-LPV-24328  14.428 17.291   91.65   0.303  164.07   0.224  195.31   0.097
OGLE-LMC-LPV-24330  14.209 17.045   88.32   0.062  660.9    0.123  444.6    0.076
OGLE-LMC-LPV-24334  14.023 17.293  195.12   0.158 1672      0.428 3413      0.200
OGLE-LMC-LPV-24337  14.111 16.642  158.87   0.137 1309      0.093  336.9    0.086
OGLE-LMC-LPV-24341  14.158 16.724  148.72   0.096 1267      0.222  311.7    0.098
OGLE-LMC-LPV-24372  14.526 16.916   97.78   0.070  497.8    0.070  103.25   0.062
OGLE-LMC-LPV-24376  13.965 16.339  116.10   0.113 1032      0.072 2331      0.040
OGLE-LMC-LPV-24384  14.222 17.484   99.33   0.068  202.4    0.092 2404      0.077
OGLE-LMC-LPV-24390  14.308 16.610   97.25   0.071 1232      0.081   92.35   0.045
OGLE-LMC-LPV-24392  14.254 17.704  227.5    0.144 1412      0.171  543.2    0.124
OGLE-LMC-LPV-24394  14.178 16.758  121.64   0.074  927.6    0.126 3086      0.077
OGLE-LMC-LPV-24396  14.016 17.124  112.99   0.122 1076      0.129 2439      0.074
OGLE-LMC-LPV-24399  13.701 16.403  170.82   0.099  428.8    0.119  187.23   0.103
OGLE-LMC-LPV-24402  13.039 15.408  225.7    0.164 1815      0.247  414.1    0.126
OGLE-LMC-LPV-24416  14.418 17.508  233.4    0.083 4762      0.303  945.2    0.188
OGLE-LMC-LPV-24435  14.152 16.667  144.58   0.127 1130      0.090  149.50   0.078
OGLE-LMC-LPV-24447  14.446 16.822  130.79   0.131  219.3    0.106  242.8    0.085
OGLE-LMC-LPV-24448  13.948 16.539  196.77   0.095  838.9    0.157 1161      0.071
OGLE-LMC-LPV-24453  14.688 16.431   48.666  0.040  175.50   0.028   42.144  0.025
OGLE-LMC-LPV-24463  14.257 17.243  334.0    0.225  205.8    0.073  183.89   0.070
OGLE-LMC-LPV-24475  14.262 17.087   82.90   0.057  488.3    0.070  894.5    0.070
OGLE-LMC-LPV-24485  14.247 16.526  161.87   0.773 4545      0.175   85.17   0.098
OGLE-LMC-LPV-24495  13.991 16.778  207.5    0.122  187.09   0.095 1193      0.072
OGLE-LMC-LPV-24499  13.114 15.685  220.1    0.235 1898      0.148  195.24   0.068
OGLE-LMC-LPV-24534  14.056 17.846  134.19   0.143  215.9    0.122  383.4    0.113
OGLE-LMC-LPV-24541  14.066 16.872  161.13   0.106 1695      0.181  181.95   0.088
OGLE-LMC-LPV-24548  13.515 16.092  190.44   0.141 1355      0.221  342.8    0.107
OGLE-LMC-LPV-24552  13.931 16.476  134.95   0.077  202.7    0.072  896.9    0.047
OGLE-LMC-LPV-24555  14.470 16.414   50.56   0.080   97.48   0.047  676.6    0.044
OGLE-LMC-LPV-24563  15.180 18.344  371.1    0.698 1030      0.447 2237      0.396
OGLE-LMC-LPV-24566  14.124 16.971  322.1    0.206  181.88   0.123  278.2    0.076
OGLE-LMC-LPV-24570  14.003 17.081  101.22   0.131  697.8    0.085 1433      0.083
OGLE-LMC-LPV-24595  14.282 16.960   90.79   0.095  976.6    0.129   89.42   0.084
OGLE-LMC-LPV-24609  14.253 16.865   94.70   0.095  969.0    0.101  159.87   0.068
OGLE-LMC-LPV-24617  13.195 15.898  457.0    0.297  242.0    0.150  956.9    0.121
OGLE-LMC-LPV-24642  13.981 17.257  232.4    0.199  416.5    0.220  724.6    0.112
OGLE-LMC-LPV-24643  14.608 16.554   84.69   0.060  280.8    0.037  351.1    0.026
OGLE-LMC-LPV-24653  14.075 16.862  348.0    0.374  230.5    0.106 3584      0.080
OGLE-LMC-LPV-24657  13.125 15.644  456.8    0.281 3704      0.232  245.3    0.119
OGLE-LMC-LPV-24669  14.109 16.906  347.6    0.291  922.5    0.103  124.53   0.059
OGLE-LMC-LPV-24691  14.312 17.121  159.57   0.215  221.3    0.108  491.9    0.086
OGLE-LMC-LPV-24702  13.919 16.798  109.61   0.069  723.1    0.278  660.5    0.217
OGLE-LMC-LPV-24705  14.817 17.792  341.4    0.326  554.6    0.160  296.9    0.087
OGLE-LMC-LPV-24710  13.729 16.895  489.9    0.352  226.0    0.165 1692      0.074
OGLE-LMC-LPV-24733  14.646 17.439  317.6    0.230 3876      0.104  170.27   0.057
OGLE-LMC-LPV-24747  14.152 17.091  101.78   0.131   98.84   0.098 1021      0.090
OGLE-LMC-LPV-24765  14.658 16.846  124.47   0.123   74.54   0.070  114.32   0.050
OGLE-LMC-LPV-24771  14.116 16.525  134.36   0.081  540.5    0.069  375.2    0.054
OGLE-LMC-LPV-24788  12.704 15.420  150.32   0.083  679.8    0.045 1605      0.031
OGLE-LMC-LPV-24801  13.993 16.160  161.93   0.227  146.48   0.086  132.84   0.067
OGLE-LMC-LPV-24803  13.709 16.480  189.47   0.240  297.7    0.216 2833      0.095
OGLE-LMC-LPV-24810  14.352 16.841   74.09   0.073 1916      0.056  294.6    0.039
OGLE-LMC-LPV-24812  14.973 16.699   46.570  0.028  310.4    0.033   66.71   0.029
OGLE-LMC-LPV-24814  13.918 16.643   99.95   0.105 1007      0.079  102.48   0.076
OGLE-LMC-LPV-24817  13.996 16.273  120.28   0.042  854.0    0.035  117.77   0.031
OGLE-LMC-LPV-24823  14.850 16.978   53.70   0.057  524.4    0.047  206.6    0.033
OGLE-LMC-LPV-24829  14.281 16.855  117.22   0.061 1049      0.133  252.6    0.047
OGLE-LMC-LPV-24830  14.072 16.655   89.28   0.076 1664      0.086  490.2    0.085
OGLE-LMC-LPV-24848  14.226 17.042  102.70   0.330   93.87   0.117 1055      0.110
OGLE-LMC-LPV-24858  13.622 16.243  113.39   0.125  108.07   0.105  650.6    0.102
OGLE-LMC-LPV-24882  14.708 16.490  105.99   0.445  111.14   0.097   54.07   0.086
OGLE-LMC-LPV-24885  15.007 17.376   57.33   0.068  554.0    0.064   49.930  0.030
OGLE-LMC-LPV-24897  13.599 16.398  214.7    0.082  415.5    0.126 1715      0.081
OGLE-LMC-LPV-24900  14.595 16.170   66.83   0.067  179.08   0.055  142.65   0.037
OGLE-LMC-LPV-24909  14.458 17.287  100.72   0.156 1151      0.233  105.86   0.111
OGLE-LMC-LPV-24914  14.350 16.878   92.88   0.086   82.93   0.070   99.81   0.035
OGLE-LMC-LPV-24926  14.151 17.284  229.7    0.254  124.10   0.119  247.3    0.096
OGLE-LMC-LPV-24930  14.769 16.536   74.36   0.036  177.94   0.033   64.36   0.025
OGLE-LMC-LPV-24931  14.299 17.780  136.81   0.255  233.9    0.129  223.3    0.089
OGLE-LMC-LPV-24933  14.333 17.991  220.9    0.165  403.1    0.219 1148      0.189
OGLE-LMC-LPV-24938  13.956 16.243  295.3    0.217  334.8    0.081  268.7    0.057
OGLE-LMC-LPV-24939  14.289 18.456  139.82   0.257  248.1    0.178 1739      0.162
OGLE-LMC-LPV-24968  14.002 16.909  143.43   0.056 1099      0.103  394.8    0.069
OGLE-LMC-LPV-24977  14.185 16.200  206.6    0.667  262.5    0.108  222.0    0.093
OGLE-LMC-LPV-24991  13.917 17.180  124.58   0.151 1479      0.153  224.4    0.118
OGLE-LMC-LPV-24998  14.114 17.229  156.52   0.080 3610      0.229  213.6    0.142
OGLE-LMC-LPV-25010  13.861 17.374  472.3    0.429 1395      0.120  427.0    0.115
OGLE-LMC-LPV-25019  13.637    -    261.6    0.168 1506      0.172  347.1    0.086
OGLE-LMC-LPV-25041  14.362 16.754   74.63   0.070  251.5    0.076  394.0    0.073
OGLE-LMC-LPV-25045  13.923 16.811 1656      0.406 6711      0.171  175.78   0.086
OGLE-LMC-LPV-25062  14.052 17.058  110.98   0.104  896.9    0.123  187.20   0.084
OGLE-LMC-LPV-25066  15.446 19.171  401.8    0.614 1401      1.483 3333      0.769
OGLE-LMC-LPV-25070  13.395 15.740  158.73   0.079  900.1    0.121  166.69   0.054
OGLE-LMC-LPV-25091  13.822 16.936  218.8    0.237 1074      0.172  420.9    0.149
OGLE-LMC-LPV-25112  15.241 18.152   71.25   0.127  137.34   0.151  140.35   0.152
OGLE-LMC-LPV-25113  14.287 17.356  101.11   0.124 3623      0.062  104.29   0.052
OGLE-LMC-LPV-25130  14.239 17.297  183.25   0.046 1600      0.390  185.70   0.136
OGLE-LMC-LPV-25134  15.339 18.153  293.1    0.413 2907      1.179 6757      0.521
OGLE-LMC-LPV-25135  14.570 17.224  142.17   0.205   80.13   0.148   82.64   0.097
OGLE-LMC-LPV-25137  15.294 18.610  279.8    0.304  739.6    0.179 1934      0.147
OGLE-LMC-LPV-25147  13.960 16.463   89.99   0.057  684.9    0.106 4717      0.059
OGLE-LMC-LPV-25152  14.085 17.048  102.62   0.226 1477      0.102  100.39   0.086
OGLE-LMC-LPV-25154  14.097 17.307  360.5    0.286  868.1    0.400  180.96   0.163
OGLE-LMC-LPV-25165  14.682 18.337  222.0    0.111 1439      0.234 3861      0.109
OGLE-LMC-LPV-25183  14.118 16.560  245.5    0.158 2933      0.126  166.03   0.059
OGLE-LMC-LPV-25188  13.762 16.389  178.26   0.294  486.6    0.139  170.79   0.096
OGLE-LMC-LPV-25195  14.280 17.289  101.33   0.107 1013      0.124  103.35   0.077
OGLE-LMC-LPV-25213  14.288 16.955  257.6    0.209  136.52   0.125 2342      0.100
OGLE-LMC-LPV-25220  14.237 17.593  113.11   0.067  905.8    0.215  190.19   0.072
OGLE-LMC-LPV-25233  13.685 17.082  127.79   0.143 1064      0.074  197.24   0.067
OGLE-LMC-LPV-25235  14.466 18.160  467.9    0.501 1290      0.195 1961      0.168
OGLE-LMC-LPV-25243  14.176 17.568  180.12   0.090  989.1    0.127  127.57   0.060
OGLE-LMC-LPV-25249  14.339 17.837  114.96   0.132 1515      0.133  118.19   0.091
OGLE-LMC-LPV-25258  13.880 16.632  338.3    0.306  382.0    0.119  218.7    0.056
OGLE-LMC-LPV-25259  13.996 17.318  135.34   0.121 1433      0.129  119.25   0.087
OGLE-LMC-LPV-25273  14.813 18.748  124.63   0.173  219.1    0.158 1335      0.143
OGLE-LMC-LPV-25278  15.318 18.387  291.4    0.334 6173      1.963  576.7    0.746
OGLE-LMC-LPV-25287  14.170 16.648  151.51   0.127  244.0    0.094  145.62   0.060
OGLE-LMC-LPV-25291  14.021 17.132  441.1    0.324  888.1    0.162  189.72   0.111
OGLE-LMC-LPV-25295  14.082 17.213  221.1    0.434  114.52   0.094 1267      0.071
OGLE-LMC-LPV-25300  14.213 16.786   91.13   0.053  115.58   0.045   89.06   0.039
OGLE-LMC-LPV-25320  14.470 16.171   78.58   0.054   94.00   0.046  746.3    0.044
OGLE-LMC-LPV-25323  14.215 17.084  101.09   0.106 1230      0.254 1585      0.200
OGLE-LMC-LPV-25341  14.072 17.344  216.7    0.317  407.0    0.255 1346      0.124
OGLE-LMC-LPV-25343  14.393 16.888   84.11   0.196  148.65   0.167  993.0    0.096
OGLE-LMC-LPV-25345  14.755 17.793  343.7    0.800 5917      0.428 1003      0.312
OGLE-LMC-LPV-25350  14.774 17.000   90.53   0.048  404.0    0.066  306.7    0.066
OGLE-LMC-LPV-25364  14.400 17.001   78.78   0.052  458.5    0.136   74.54   0.075
OGLE-LMC-LPV-25374  14.553 16.925   69.54   0.051  304.0    0.108  688.2    0.077
OGLE-LMC-LPV-25378  13.887 16.961  187.51   0.165  331.6    0.151  427.2    0.121
OGLE-LMC-LPV-25392  13.833 16.591  171.14   0.100 1404      0.172  273.6    0.074
OGLE-LMC-LPV-25395  14.250 16.697  200.7    0.082  120.16   0.071  552.8    0.040
OGLE-LMC-LPV-25400  14.599 16.308   47.639  0.030   78.87   0.029  247.2    0.027
OGLE-LMC-LPV-25404  13.612 16.361  178.34   0.177 1664      0.131  190.11   0.074
OGLE-LMC-LPV-25407  13.972 16.366  203.7    0.086 2137      0.279  564.7    0.067
OGLE-LMC-LPV-25426  14.839 16.610   43.013  0.011  437.6    0.023   90.65   0.008
OGLE-LMC-LPV-25428  13.379 15.617  154.62   0.159  162.55   0.100 2469      0.081
OGLE-LMC-LPV-25429  14.268 16.910  118.89   0.062 2874      0.051  115.66   0.038
OGLE-LMC-LPV-25438  14.648 17.254   83.03   0.125  144.38   0.071 1048      0.060
OGLE-LMC-LPV-25442  14.096 16.432  177.36   0.788  182.58   0.142  214.7    0.121
OGLE-LMC-LPV-25443  14.492 17.947  209.3    0.214  170.27   0.107 1152      0.074
OGLE-LMC-LPV-25447  14.730 16.569   81.09   0.052  195.62   0.052  373.0    0.047
OGLE-LMC-LPV-25457  14.267 17.681  417.5    0.248 1115      0.162  301.6    0.065
OGLE-LMC-LPV-25462  13.882 16.254  123.81   0.069 1167      0.095  198.89   0.053
OGLE-LMC-LPV-25476  14.523 16.939   85.43   0.066  567.2    0.050   82.88   0.026
OGLE-LMC-LPV-25487  14.189 17.357  335.6    0.264  198.93   0.147  392.0    0.115
OGLE-LMC-LPV-25489  14.591 16.235   47.437  0.071   61.71   0.048   51.10   0.044
OGLE-LMC-LPV-25499  14.047 16.708  201.0    0.239  109.96   0.144  208.6    0.123
OGLE-LMC-LPV-25504  14.695 18.276  377.1    0.395 3086      0.614  356.6    0.185
OGLE-LMC-LPV-25539  13.899 16.406  140.86   0.124 1621      0.139  133.12   0.064
OGLE-LMC-LPV-25553  14.344 16.322  120.98   0.778  146.76   0.176  414.4    0.155
OGLE-LMC-LPV-25561  14.242 17.406  177.87   0.163 1570      0.243 2809      0.202
OGLE-LMC-LPV-25562  14.384 17.150  183.28   0.185   98.61   0.087  198.93   0.074
OGLE-LMC-LPV-25573  13.506 16.396  202.1    0.178 1992      0.202  156.84   0.073
OGLE-LMC-LPV-25576  14.376 17.085  143.44   0.215  147.95   0.145 1389      0.094
OGLE-LMC-LPV-25578  14.748 16.189   67.83   0.126   69.19   0.092   61.77   0.085
OGLE-LMC-LPV-25579  13.650 16.727  207.0    0.209 3460      0.310  220.0    0.103
OGLE-LMC-LPV-25582  14.111 16.883  155.16   0.119 1073      0.164  292.4    0.095
OGLE-LMC-LPV-25591  14.106 16.572  103.19   0.243  194.89   0.082  100.47   0.063
OGLE-LMC-LPV-25619  14.465 18.291  111.68   0.137  122.07   0.086  420.0    0.075
OGLE-LMC-LPV-25627  14.251 16.959  100.05   0.096  200.2    0.088   93.15   0.073
OGLE-LMC-LPV-25629  14.195 16.143  159.15   0.466  149.10   0.289 2299      0.190
OGLE-LMC-LPV-25634  14.015 17.062  201.3    0.228 2242      0.167  348.8    0.109
OGLE-LMC-LPV-25666  14.863 18.308  459.8    0.555 2070      0.519 1504      0.269
OGLE-LMC-LPV-25689  14.490 17.576  301.2    0.308 1504      0.145  319.6    0.126
OGLE-LMC-LPV-25700  14.247 16.660  223.9    0.704  196.73   0.154  694.9    0.127
OGLE-LMC-LPV-25713  14.319 16.889  285.4    0.174  317.4    0.116  466.9    0.096
OGLE-LMC-LPV-25721  14.468 17.451  181.13   0.164 2062      0.160  105.60   0.090
OGLE-LMC-LPV-25732  14.228 17.293  112.26   0.121  512.6    0.160  299.7    0.088
OGLE-LMC-LPV-25746  14.867 17.024  115.62   0.474  122.56   0.233 1927      0.219
OGLE-LMC-LPV-25761  14.434 16.464   83.97   0.045 1222      0.113  375.9    0.068
OGLE-LMC-LPV-25764  13.907 16.363  121.51   0.049  891.3    0.072  389.7    0.046
OGLE-LMC-LPV-25788  14.266 16.960  325.1    0.264 1658      0.362  439.8    0.116
OGLE-LMC-LPV-25794  14.455 16.562   89.60   0.064   95.14   0.051  468.6    0.038
OGLE-LMC-LPV-25801  14.245 16.758  217.9    0.189  124.10   0.123 4219      0.113
OGLE-LMC-LPV-25817  14.438 16.965  185.15   0.736 2907      0.287  175.93   0.246
OGLE-LMC-LPV-25821  14.583 16.799   67.80   0.121   60.77   0.073   71.31   0.067
OGLE-LMC-LPV-25841  14.409 17.348   99.64   0.093  170.97   0.108  523.0    0.090
OGLE-LMC-LPV-25862  14.607 16.431  105.69   0.475  125.17   0.075   89.77   0.060
OGLE-LMC-LPV-25876  14.305 18.181  134.30   0.192 3003      0.138  236.2    0.111
OGLE-LMC-LPV-25883  14.891 16.843   88.62   0.149   50.70   0.090  678.9    0.086
OGLE-LMC-LPV-25892  14.181 16.529  233.5    0.244  128.04   0.098  252.0    0.091
OGLE-LMC-LPV-25894  14.398 18.123  757.6    0.302  503.5    0.113  352.7    0.077
OGLE-LMC-LPV-25929  15.003 17.043   51.51   0.070  619.6    0.080   81.39   0.050
OGLE-LMC-LPV-25930  13.517 16.160  174.98   0.083 1258      0.214  269.2    0.055
OGLE-LMC-LPV-25937  14.073 16.510   96.98   0.067 1004      0.089  429.7    0.066
OGLE-LMC-LPV-25944  15.116 16.753   52.03   0.034  366.0    0.036   49.434  0.024
OGLE-LMC-LPV-25948  13.172 15.442  192.69   0.087 1508      0.050  114.56   0.026
OGLE-LMC-LPV-25962  13.879 16.935  427.6    0.423  899.3    0.153 4098      0.071
OGLE-LMC-LPV-25988  14.575 16.913  838.9    0.194   88.39   0.075  340.1    0.054
OGLE-LMC-LPV-25995  14.574 16.670  197.71   0.081  504.8    0.103  110.19   0.052
OGLE-LMC-LPV-26000  14.381 17.106  151.72   0.067  686.3    0.060   94.22   0.056
OGLE-LMC-LPV-26006  14.475 17.548  113.69   0.192  213.6    0.198  224.4    0.126
OGLE-LMC-LPV-26015  14.267 16.617   71.81   0.084  188.68   0.063  522.5    0.061
OGLE-LMC-LPV-26032  14.300 16.790   73.52   0.089 3049      0.114  703.2    0.056
OGLE-LMC-LPV-26040  13.768 16.127 1075      0.273 3135      0.053  207.3    0.040
OGLE-LMC-LPV-26051  14.222 17.110   99.87   0.231  488.5    0.129  172.65   0.096
OGLE-LMC-LPV-26075  14.910 16.996   66.60   0.044  843.9    0.045  346.6    0.039
OGLE-LMC-LPV-26079  14.883 17.396  121.70   0.145  856.9    0.170   81.53   0.109
OGLE-LMC-LPV-26094  14.526 17.158   83.03   0.127  140.19   0.099  128.44   0.063
OGLE-LMC-LPV-26100  14.119 16.973  152.21   0.112 1263      0.149  919.1    0.067
OGLE-LMC-LPV-26101  13.732 15.948   90.33   0.038   69.32   0.029 2770      0.021
OGLE-LMC-LPV-26125  14.053 17.767  123.06   0.087  659.6    0.079  142.57   0.057
OGLE-LMC-LPV-26136  14.986 17.902  298.1    0.683 4367      0.591  175.72   0.219
OGLE-LMC-LPV-26144  14.835 17.133   62.82   0.211  874.9    0.109  100.03   0.096
OGLE-LMC-LPV-26152  14.375 18.170  118.76   0.165 2212      0.139  129.79   0.125
OGLE-LMC-LPV-26158  15.064 18.119  125.79   0.152 3195      0.124  207.3    0.096
OGLE-LMC-LPV-26173  14.524 17.514  173.10   0.135 2141      0.203  408.0    0.110
OGLE-LMC-LPV-26181  13.867 16.573  110.88   0.084  722.5    0.069  203.9    0.059
OGLE-LMC-LPV-26212  14.296 17.930  121.71   0.119  202.0    0.117  538.2    0.113
OGLE-LMC-LPV-26221  14.062 17.331  135.83   0.096 4049      0.158  527.4    0.077
OGLE-LMC-LPV-26228  14.241 16.619   82.89   0.066  149.48   0.081  531.1    0.057
OGLE-LMC-LPV-26229  14.861 17.490  110.02   0.151  949.7    0.084   78.93   0.056
OGLE-LMC-LPV-26232  14.260 17.060  157.01   0.119  870.3    0.161   91.16   0.078
OGLE-LMC-LPV-26237  14.053    -     69.87   0.066  735.3    0.133  111.53   0.031
OGLE-LMC-LPV-26239  13.999 17.220  184.11   0.090 6803      0.189 1014      0.097
OGLE-LMC-LPV-26240  14.454 17.122  252.6    0.684 1653      0.252  133.32   0.167
OGLE-LMC-LPV-26256  14.174 16.799  419.1    0.171  747.9    0.084   86.12   0.072
OGLE-LMC-LPV-26275  14.101 17.026  309.2    0.128  444.6    0.099  182.38   0.078
OGLE-LMC-LPV-26277  14.049 17.280  396.0    0.270  325.7    0.200 1232      0.150
OGLE-LMC-LPV-26281  14.816 18.548  128.97   0.150  241.5    0.152  131.67   0.104
OGLE-LMC-LPV-26305  14.534 16.746   64.73   0.048 2688      0.058  156.62   0.050
OGLE-LMC-LPV-26306  14.184 17.447  102.21   0.071  803.2    0.144 6849      0.077
OGLE-LMC-LPV-26307  14.292 17.938  109.46   0.141  115.06   0.116  724.6    0.110
OGLE-LMC-LPV-26324  14.107 16.806  334.0    0.294  176.93   0.078  607.9    0.071
OGLE-LMC-LPV-26326  13.039 16.628  206.8    0.433  564.3    0.195 1656      0.127
OGLE-LMC-LPV-26339  14.043 17.087  106.87   0.111   96.29   0.068  168.35   0.056
OGLE-LMC-LPV-26344  14.714 16.741   99.90   0.179   65.49   0.071   71.18   0.041
OGLE-LMC-LPV-26345  14.392 17.294  134.23   0.108 1312      0.150 3922      0.087
OGLE-LMC-LPV-26360  14.118 17.192  320.1    0.307  184.30   0.137  493.3    0.104
OGLE-LMC-LPV-26364  14.323 18.435  137.31   0.345 4032      0.122  262.5    0.105
OGLE-LMC-LPV-26376  15.031 17.557   56.09   0.059  458.1    0.058  305.4    0.048
OGLE-LMC-LPV-26389  15.480 17.259   52.23   0.037  219.3    0.027   34.643  0.025
OGLE-LMC-LPV-26391  13.598 16.341  195.12   0.180  485.9    0.214  328.6    0.151
OGLE-LMC-LPV-26392  14.438 17.021   82.94   0.088  656.6    0.094   87.10   0.081
OGLE-LMC-LPV-26400  14.608 17.228  270.8    0.186  309.3    0.153 1107      0.114
OGLE-LMC-LPV-26403  14.543 17.540 1012      0.586 4926      0.284  335.8    0.123
OGLE-LMC-LPV-26413  14.631 17.270  123.36   0.071  416.5    0.056  578.7    0.054
OGLE-LMC-LPV-26418  14.151 16.956  234.3    0.203 1789      0.160  155.47   0.100
OGLE-LMC-LPV-26425  14.024 16.929  266.4    0.182 1692      0.166  115.59   0.073
OGLE-LMC-LPV-26429  13.915 16.462  154.59   0.124 1323      0.110  228.4    0.037
OGLE-LMC-LPV-26431  13.668 16.689  416.6    0.310  845.3    0.212 2268      0.123
OGLE-LMC-LPV-26432  14.384 16.693   71.25   0.050  894.5    0.056  107.43   0.040
OGLE-LMC-LPV-26439  14.439 16.655   71.45   0.166  143.43   0.062  749.6    0.060
OGLE-LMC-LPV-26442  14.640 16.393   49.778  0.040   70.79   0.035  312.4    0.034
OGLE-LMC-LPV-26443  14.117 17.484  106.39   0.114  545.3    0.191  110.59   0.066
OGLE-LMC-LPV-26447  14.185 16.853  142.32   0.133  202.8    0.091  648.1    0.071
OGLE-LMC-LPV-26451  14.722 16.876  107.50   0.084  219.9    0.096  114.27   0.049
OGLE-LMC-LPV-26454  14.281 17.761  125.02   0.262  118.09   0.105  234.1    0.092
OGLE-LMC-LPV-26458  14.188 16.549  172.74   0.283   94.97   0.142  183.99   0.084
OGLE-LMC-LPV-26459  14.293 16.497  158.74   0.791  547.9    0.145  237.4    0.090
OGLE-LMC-LPV-26470  14.267 17.099  962.5    0.491  295.9    0.123 3745      0.105
OGLE-LMC-LPV-26474  14.441 16.694   72.65   0.040  718.9    0.130  502.5    0.066
OGLE-LMC-LPV-26487  13.895 16.717  157.63   0.120  733.7    0.103  128.52   0.076
OGLE-LMC-LPV-26488  13.556 16.589  257.2    0.147 6135      0.172  469.3    0.095
OGLE-LMC-LPV-26495  15.094 18.612  317.1    0.323 1277      0.163  312.0    0.062
OGLE-LMC-LPV-26500  14.097 17.357  204.3    0.104 1572      0.255  333.6    0.113
OGLE-LMC-LPV-26504  13.683 15.982  148.74   0.027 1451      0.116 2625      0.044
OGLE-LMC-LPV-26505  14.198 17.535  112.75   0.156  507.4    0.198  187.69   0.166
OGLE-LMC-LPV-26507  14.185 16.979   91.93   0.063  526.3    0.079  136.61   0.052
OGLE-LMC-LPV-26516  14.134 16.469   75.26   0.079  482.4    0.065  367.0    0.036
OGLE-LMC-LPV-26529  14.507 16.665   83.89   0.039  431.4    0.147  651.5    0.089
OGLE-LMC-LPV-26533  14.712 17.054  142.87   0.183  401.9    0.089  266.2    0.085
OGLE-LMC-LPV-26540  14.667 16.430  107.05   0.502   55.39   0.084  102.65   0.086
OGLE-LMC-LPV-26548  14.051 17.343  388.3    0.290  416.8    0.131 1506      0.099
OGLE-LMC-LPV-26555  14.543 16.559   58.84   0.051   55.19   0.043   94.82   0.042
OGLE-LMC-LPV-26567  14.446 17.719  223.7    0.285  199.48   0.176  115.85   0.161
OGLE-LMC-LPV-26582  14.662 16.411   96.97   0.220   94.64   0.102   51.16   0.089
OGLE-LMC-LPV-26590  14.154 16.122  739.6    0.349 4464      0.176  651.5    0.089
OGLE-LMC-LPV-26598  14.085 16.834  171.06   0.125  310.2    0.130  180.67   0.073
OGLE-LMC-LPV-26607  14.290 17.362   91.07   0.088  780.6    0.205   83.36   0.047
OGLE-LMC-LPV-26609  13.835 16.292  139.00   0.084 1040      0.140   98.77   0.049
OGLE-LMC-LPV-26626  14.277 17.898  119.79   0.240 1600      0.159  113.46   0.116
OGLE-LMC-LPV-26631  13.759 16.787  141.46   0.090  497.5    0.118  403.4    0.097
OGLE-LMC-LPV-26637  14.594 17.101  219.1    0.320  271.1    0.169 2326      0.147
OGLE-LMC-LPV-26704  13.532 16.567  221.3    0.190 1330      0.171  340.4    0.104
OGLE-LMC-LPV-26716  14.363 17.120  565.9    0.188   86.72   0.064  104.84   0.062
OGLE-LMC-LPV-26718  13.986 17.386  112.92   0.157  775.8    0.227  199.28   0.084
OGLE-LMC-LPV-26719  14.133 16.873  207.0    0.070  983.3    0.125  416.3    0.069
OGLE-LMC-LPV-26724  14.578 16.682  136.67   0.629  126.63   0.113  147.43   0.090
OGLE-LMC-LPV-26728  14.391 17.624  400.9    0.531 2326      0.197  371.9    0.131
OGLE-LMC-LPV-26730  14.291 16.847   88.61   0.091   90.22   0.086  302.5    0.075
OGLE-LMC-LPV-26740  14.667 18.133  160.98   0.077  580.4    0.094  152.91   0.053
OGLE-LMC-LPV-26779  15.038 16.860   89.42   0.438   93.13   0.118  110.88   0.095
OGLE-LMC-LPV-26780  14.067 17.077  183.76   0.177 1328      0.225  326.1    0.088
OGLE-LMC-LPV-26784  20.086    -    620.3    0.571 2137      0.166  182.95   0.140
OGLE-LMC-LPV-26786  14.456 17.718  324.7    0.234 1808      0.142 1214      0.129
OGLE-LMC-LPV-26798  14.053 17.095  184.88   0.062 2096      0.193 1279      0.085
OGLE-LMC-LPV-26803  14.035    -    105.65   0.235  113.43   0.084    3.0294 0.048
OGLE-LMC-LPV-26810  14.327 17.485  208.0    0.150  286.1    0.144  395.4    0.117
OGLE-LMC-LPV-26815  14.513 16.484   69.80   0.029  620.3    0.058  735.8    0.040
OGLE-LMC-LPV-26818  14.082 16.758   97.11   0.053  564.3    0.085  762.2    0.070
OGLE-LMC-LPV-26831  14.150 16.445  149.37   0.175   82.67   0.130  144.13   0.092
OGLE-LMC-LPV-26837  14.257 17.407   83.44   0.070  516.3    0.087  183.22   0.075
OGLE-LMC-LPV-26850  14.646 16.553  100.74   0.353  120.41   0.169  137.17   0.104
OGLE-LMC-LPV-26857  13.506 16.067 1186      0.405  179.95   0.139 1681      0.097
OGLE-LMC-LPV-26860  14.524 16.313   89.06   0.065   56.91   0.038  756.4    0.033
OGLE-LMC-LPV-26899  14.373 17.468  151.27   0.114  976.6    0.102  272.9    0.078
OGLE-LMC-LPV-26911  14.682 16.540   50.41   0.043   75.86   0.037   73.42   0.032
OGLE-LMC-LPV-26915  14.391 16.744   74.69   0.082  736.9    0.131   79.31   0.071
OGLE-LMC-LPV-26917  14.076 16.820  294.0    0.207  274.0    0.101  381.1    0.090
OGLE-LMC-LPV-26920  14.393 16.995   76.79   0.061  345.7    0.085   81.23   0.058
OGLE-LMC-LPV-26927  14.012 16.681  163.09   0.189 3559      0.142  176.93   0.061
OGLE-LMC-LPV-26932  14.348 16.788  103.99   0.086  635.7    0.109  252.2    0.041
OGLE-LMC-LPV-26937  14.334 16.823   82.19   0.077  398.4    0.066  610.5    0.055
OGLE-LMC-LPV-26944  14.080 16.664  225.3    0.130 3846      0.109  216.9    0.032
OGLE-LMC-LPV-26949  14.771 16.625   51.01   0.043  229.6    0.030   57.87   0.031
OGLE-LMC-LPV-26959  15.214 17.178   61.89   0.037  204.3    0.039   63.80   0.035
OGLE-LMC-LPV-26963  14.203 17.259  116.17   0.162  109.97   0.119 1466      0.086
OGLE-LMC-LPV-26966  14.592 16.712   57.29   0.054  423.4    0.090  395.3    0.072
OGLE-LMC-LPV-26971  14.188 17.969  129.99   0.172  935.5    0.161  120.39   0.105
OGLE-LMC-LPV-26973  14.083 16.626  107.09   0.051 1838      0.085  521.4    0.040
OGLE-LMC-LPV-26980  14.635 16.356   52.29   0.062  651.0    0.070   50.11   0.053
OGLE-LMC-LPV-26981  13.570 16.526  194.63   0.136 1972      0.307  406.7    0.095
OGLE-LMC-LPV-26984  14.528 17.086   74.93   0.066  313.9    0.118  367.1    0.083
OGLE-LMC-LPV-26993  14.401 17.238   85.73   0.098  159.95   0.140  903.3    0.112
OGLE-LMC-LPV-26997  13.895 16.117  251.3    0.414 3891      0.273  156.25   0.190
OGLE-LMC-LPV-27003  14.257 16.207   77.06   0.038 1093      0.094  472.6    0.049
OGLE-LMC-LPV-27009  14.551 17.775  416.6    0.439 6024      0.216 1393      0.166
OGLE-LMC-LPV-27017  13.743 16.054  142.73   0.069 1015      0.098  290.7    0.044
OGLE-LMC-LPV-27022  14.543 17.968  120.31   0.162 1366      0.201  114.59   0.160
OGLE-LMC-LPV-27031  14.243 16.294   74.16   0.060   75.99   0.042   68.87   0.036
OGLE-LMC-LPV-27043  13.942 16.747  154.34   0.093 1043      0.232 1645      0.151
OGLE-LMC-LPV-27056  14.202 16.745   94.21   0.256  173.61   0.181  440.5    0.094
OGLE-LMC-LPV-27057  14.610 16.753  116.10   0.070  511.8    0.052  737.5    0.041
OGLE-LMC-LPV-27061  13.943 16.377  144.15   0.109  785.5    0.060  177.15   0.046
OGLE-LMC-LPV-27062  15.588 18.349  205.2    0.271 1613      0.153  172.24   0.121
OGLE-LMC-LPV-27065  14.204 17.490  111.16   0.081  406.5    0.084  888.9    0.053
OGLE-LMC-LPV-27074  14.230 15.854  141.22   0.169 1488      0.171  155.91   0.102
OGLE-LMC-LPV-27078  14.323 16.820   77.64   0.104   96.61   0.074  719.9    0.062
OGLE-LMC-LPV-27082  13.814 17.062  219.2    0.089 1067      0.164  713.8    0.075
OGLE-LMC-LPV-27095  14.738 17.204  100.04   0.043 2500      0.055   61.86   0.031
OGLE-LMC-LPV-27098  15.578 17.739   43.493  0.086   44.360  0.055   76.62   0.052
OGLE-LMC-LPV-27103  14.418 18.523  146.98   0.330  277.2    0.190  144.03   0.093
OGLE-LMC-LPV-27126  14.159 16.977   95.30   0.122  100.25   0.090 1100      0.093
OGLE-LMC-LPV-27138  14.037 16.681  216.6    0.374 7143      0.145  225.2    0.124
OGLE-LMC-LPV-27145  15.534 16.980   35.534  0.023   34.502  0.019   40.204  0.020
OGLE-LMC-LPV-27149  15.410 18.097  129.74   0.187  143.82   0.118  123.58   0.085
OGLE-LMC-LPV-27151  14.302 16.524  175.73   0.438  154.39   0.342  169.18   0.268
OGLE-LMC-LPV-27177  15.420 16.968   52.30   0.044   36.988  0.029 4405      0.029
OGLE-LMC-LPV-27185  13.845 16.487  142.99   0.137 1167      0.124  202.0    0.093
OGLE-LMC-LPV-27196  14.327 17.749  433.1    0.359  308.6    0.164  205.8    0.135
OGLE-LMC-LPV-27202  15.577 19.068  321.9    0.773 1350      0.664  396.8    0.349
OGLE-LMC-LPV-27235  14.661 16.829  289.6    0.114   60.35   0.048 1727      0.038
OGLE-LMC-LPV-27243  14.214 18.155  128.82   0.131  131.39   0.086 1074      0.083
OGLE-LMC-LPV-27267  14.522 16.134   79.55   0.118   75.43   0.059  634.9    0.044
OGLE-LMC-LPV-27286  14.363 16.590   63.66   0.036  418.1    0.061   65.69   0.032
OGLE-LMC-LPV-27295  13.838 17.085  506.6    0.378  545.0    0.227 2217      0.174
OGLE-LMC-LPV-27332  15.510 17.172   38.977  0.097   43.026  0.073  477.8    0.045
OGLE-LMC-LPV-27337  13.603 15.876  162.50   0.158  307.0    0.061  332.7    0.056
OGLE-LMC-LPV-27342  14.127 17.103  392.9    0.480 7519      0.268  339.8    0.100
OGLE-LMC-LPV-27343  14.626 17.036  140.65   0.252  564.3    0.151  153.19   0.117
OGLE-LMC-LPV-27351  14.241 17.415  326.6    0.272  192.01   0.140 3704      0.090
OGLE-LMC-LPV-27355  15.080 17.151   48.617  0.040  499.0    0.030   49.368  0.031
OGLE-LMC-LPV-27361  15.210 18.407   76.30   0.078  891.3    0.082  124.89   0.082
OGLE-LMC-LPV-27368  14.697 16.416   76.12   0.035  252.5    0.041   46.209  0.028
OGLE-LMC-LPV-27403  14.132 17.081  102.53   0.248  105.71   0.100  204.6    0.096
OGLE-LMC-LPV-27411  14.251 16.692  135.92   0.136  233.8    0.128  885.7    0.048
OGLE-LMC-LPV-27415  14.702 16.488   46.738  0.025  419.6    0.044  192.57   0.024
OGLE-LMC-LPV-27416  14.702 17.289   71.93   0.206  797.4    0.122  144.72   0.092
OGLE-LMC-LPV-27427  14.561 17.051  119.60   0.122 1332      0.206  210.6    0.067
OGLE-LMC-LPV-27429  13.849 16.752  106.18   0.097  310.8    0.111  711.2    0.080
OGLE-LMC-LPV-27430  13.900 16.539  304.8    0.421 3623      0.181  160.13   0.113
OGLE-LMC-LPV-27437  15.054 17.650   66.55   0.157   68.07   0.113  116.71   0.091
OGLE-LMC-LPV-27439  14.055 17.528  453.4    0.464  652.7    0.102  391.5    0.065
OGLE-LMC-LPV-27441  14.467 16.585  131.23   0.104  600.6    0.132  498.0    0.079
OGLE-LMC-LPV-27443  13.488 15.702  120.55   0.035 1391      0.048  586.9    0.028
OGLE-LMC-LPV-27446  15.437 18.798 1087      0.515  699.3    0.217  297.5    0.101
OGLE-LMC-LPV-27448  14.190 16.783  250.4    0.181 3546      0.121  142.05   0.082
OGLE-LMC-LPV-27454  14.202 17.075  167.07   0.241 1124      0.145   98.86   0.121
OGLE-LMC-LPV-27455  15.398 18.277   66.05   0.172   70.37   0.061   60.41   0.045
OGLE-LMC-LPV-27456  14.745 17.782  868.8    0.531  225.6    0.144  129.25   0.099
OGLE-LMC-LPV-27460  14.414 16.744  166.60   0.204  156.84   0.080   87.10   0.070
OGLE-LMC-LPV-27474  15.475 20.358  137.18   0.163 1515      0.144  205.3    0.095
OGLE-LMC-LPV-27479  15.005 17.369   57.91   0.096  665.8    0.081   58.93   0.061
OGLE-LMC-LPV-27484  15.356 19.126   82.96   0.222 1603      0.178  156.01   0.140
OGLE-LMC-LPV-27485  14.104 17.418  103.02   0.120  724.1    0.115   98.94   0.089
OGLE-LMC-LPV-27486  13.895 16.245  248.3    0.258  136.63   0.111  270.9    0.058
OGLE-LMC-LPV-27487  15.394 17.813   63.02   0.122   64.49   0.089   99.33   0.060
OGLE-LMC-LPV-27502  14.412 16.939  123.53   0.062  754.7    0.066 2732      0.052
OGLE-LMC-LPV-27509  14.366 17.553  208.1    0.308  828.5    0.159  109.70   0.134
OGLE-LMC-LPV-27515  14.566 16.118   56.57   0.030   36.647  0.015  144.72   0.014
OGLE-LMC-LPV-27517  14.613 17.315  131.74   0.152  277.0    0.123  521.1    0.069
OGLE-LMC-LPV-27519  14.503 16.495   65.48   0.081  476.2    0.057   59.65   0.039
OGLE-LMC-LPV-27530  14.781 17.690  315.8    0.214  376.8    0.087 4902      0.052
OGLE-LMC-LPV-27533  14.639 17.134   65.69   0.058  482.4    0.079  528.3    0.056
OGLE-LMC-LPV-27537  14.414 17.451  190.86   0.230 1387      0.136  105.10   0.115
OGLE-LMC-LPV-27540  13.876 16.652  201.5    0.138 1634      0.125  324.6    0.100
OGLE-LMC-LPV-27549  15.534 18.140  635.6    0.944 4049      0.413  184.88   0.129
OGLE-LMC-LPV-27559  13.309 15.948  172.50   0.182  190.04   0.084  999.0    0.082
OGLE-LMC-LPV-27560  14.397 16.782   76.02   0.077  647.7    0.104  136.39   0.053
OGLE-LMC-LPV-27581  14.461 17.620   94.56   0.104  157.38   0.062  461.9    0.063
OGLE-LMC-LPV-27582  14.526 17.101   83.00   0.172  950.6    0.134   80.43   0.090
OGLE-LMC-LPV-27583  14.447 17.307  187.12   0.319  314.6    0.157  555.6    0.095
OGLE-LMC-LPV-27589  14.540 17.036  106.68   0.074  573.7    0.194 7752      0.167
OGLE-LMC-LPV-27596  15.064 17.607   86.73   0.077  868.8    0.057  174.49   0.034
OGLE-LMC-LPV-27601  13.970 17.158  214.8    0.184 1642      0.126  192.05   0.134
OGLE-LMC-LPV-27605  14.931 17.089  128.90   0.259  115.71   0.107 2174      0.097
OGLE-LMC-LPV-27614  16.998 19.198  312.6    0.533 1805      1.765  749.1    0.668
OGLE-LMC-LPV-27634  14.018 17.112  125.80   0.345  513.6    0.145  731.5    0.077
OGLE-LMC-LPV-27638  14.063    -    251.3    0.538  133.71   0.119  277.5    0.106
OGLE-LMC-LPV-27650  15.018 16.809  101.15   0.074  649.4    0.052  282.2    0.044
OGLE-LMC-LPV-27668  14.132 17.126  107.86   0.176  182.55   0.140  199.04   0.078
OGLE-LMC-LPV-27671  14.711 17.723   78.73   0.050  186.01   0.057  235.6    0.043
OGLE-LMC-LPV-27692  14.074 17.093  396.2    0.152  177.87   0.131  957.9    0.088
OGLE-LMC-LPV-27696  14.322 16.902  177.94   0.140  280.0    0.100  457.5    0.086
OGLE-LMC-LPV-27700  14.939 17.920  133.92   0.096  762.2    0.195  123.87   0.116
OGLE-LMC-LPV-27726  14.241 16.544  191.75   0.110  295.7    0.149  645.2    0.089
OGLE-LMC-LPV-27731  14.314 16.780   77.59   0.057  396.0    0.083  282.2    0.065
OGLE-LMC-LPV-27738  14.041 16.059 1101      0.278 2309      0.060  172.44   0.041
OGLE-LMC-LPV-27754  14.080 17.358  243.2    0.248 2169      0.316  500.8    0.245
OGLE-LMC-LPV-27767  14.004 16.743  158.91   0.073 1006      0.309 4484      0.105
OGLE-LMC-LPV-27773  14.085 17.328  117.16   0.159  121.12   0.106  422.7    0.086
OGLE-LMC-LPV-27778  13.970 15.769   69.30   0.068  918.3    0.070   70.30   0.053
OGLE-LMC-LPV-27786  14.225 17.523  129.31   0.150  223.3    0.103  122.71   0.089
OGLE-LMC-LPV-27792  14.412 17.611  103.91   0.134  108.42   0.093  651.9    0.090
OGLE-LMC-LPV-27808  14.239 16.745  155.24   0.216  290.4    0.141  753.6    0.102
OGLE-LMC-LPV-27812  14.654 16.474  117.20   0.733  155.11   0.182  317.7    0.192
OGLE-LMC-LPV-27814  14.310 16.865   83.14   0.091  924.2    0.083  138.27   0.060
OGLE-LMC-LPV-27817  15.218 17.409   51.37   0.091   54.78   0.039   93.69   0.034
OGLE-LMC-LPV-27820  14.450 16.657  149.76   0.164  135.43   0.103 3984      0.076
OGLE-LMC-LPV-27826  14.567 16.641   62.10   0.039  260.1    0.109  337.2    0.075
OGLE-LMC-LPV-27828  15.133 17.672  130.44   0.332  135.91   0.294  121.94   0.134
OGLE-LMC-LPV-27861  14.290 17.138  107.77   0.126  194.06   0.149  118.61   0.115
OGLE-LMC-LPV-27875  14.357 16.720  116.39   0.057  346.0    0.056  466.0    0.045
OGLE-LMC-LPV-27878  14.282 16.758  216.9    0.212  883.4    0.129  274.2    0.078
OGLE-LMC-LPV-27891  14.210 17.355  111.74   0.420  188.71   0.207 1437      0.158
OGLE-LMC-LPV-27899  14.225 16.923  101.85   0.062  491.2    0.156  921.7    0.083
OGLE-LMC-LPV-27915  14.553 17.266  122.80   0.087  996.0    0.054  193.16   0.048
OGLE-LMC-LPV-27919  14.759 16.940   82.69   0.047   56.20   0.044   53.59   0.035
OGLE-LMC-LPV-27923  14.446 16.717  142.34   0.208  911.6    0.148   78.59   0.055
OGLE-LMC-LPV-27933  13.978 16.843  303.4    0.147  183.65   0.144  469.0    0.079
OGLE-LMC-LPV-27938  13.324 15.854  229.0    0.103 1362      0.170  106.69   0.064
OGLE-LMC-LPV-27939  15.342 17.301   99.90   0.108  401.4    0.078  331.8    0.069
OGLE-LMC-LPV-27941  13.985 16.471  151.82   0.141  240.9    0.124  156.86   0.084
OGLE-LMC-LPV-27946  14.683 17.481   81.59   0.052  385.5    0.118  485.7    0.051
OGLE-LMC-LPV-27964  14.221 16.639  105.10   0.109 1515      0.135  389.0    0.056
OGLE-LMC-LPV-27969  14.894 17.066  133.44   0.084  597.7    0.091  140.33   0.047
OGLE-LMC-LPV-27975  13.342 15.377  223.0    0.199  967.1    0.160  126.12   0.087
OGLE-LMC-LPV-27977  14.173 16.458  754.1    0.229   96.32   0.099  173.04   0.078
OGLE-LMC-LPV-27978  14.223 16.727  109.53   0.067  413.1    0.090  333.9    0.060
OGLE-LMC-LPV-27983  14.590 16.440  113.13   0.118  104.70   0.103  108.06   0.055
OGLE-LMC-LPV-27987  14.596 16.896  142.09   0.068 2907      0.098   99.22   0.042
OGLE-LMC-LPV-27993  14.474 16.691   65.31   0.057  864.3    0.078   99.49   0.044
OGLE-LMC-LPV-28014  13.929 16.404  214.5    0.103  848.2    0.105  554.0    0.056
OGLE-LMC-LPV-28019  14.610 18.485  110.89   0.084  189.25   0.086  130.62   0.079
OGLE-LMC-LPV-28021  14.106 16.776  310.8    0.229  344.2    0.154  392.6    0.076
OGLE-LMC-LPV-28027  13.441 16.649  242.1    0.125 1058      0.128  437.8    0.098
OGLE-LMC-LPV-28032  14.190 17.315  177.73   0.204  728.3    0.164  287.4    0.146
OGLE-LMC-LPV-28035  14.448 16.698   75.04   0.059 3817      0.101  176.43   0.051
OGLE-LMC-LPV-28040  14.189 17.071   92.85   0.094  142.84   0.088   84.41   0.076
OGLE-LMC-LPV-28042  13.724 16.346  146.33   0.080 1060      0.148 1698      0.048
OGLE-LMC-LPV-28055  14.183 17.041  170.65   0.187 1859      0.164  186.57   0.138
OGLE-LMC-LPV-28057  14.550 16.905   78.08   0.109  134.07   0.081  785.5    0.068
OGLE-LMC-LPV-28072  13.984 16.761  174.39   0.190  940.7    0.165  242.8    0.078
OGLE-LMC-LPV-28113  14.407 16.961  280.1    0.171  266.5    0.117 6849      0.105
OGLE-LMC-LPV-28116  14.965 17.709  145.01   0.268  152.05   0.166  139.14   0.129
OGLE-LMC-LPV-28121  16.438 20.252  317.1    0.572 4695      1.671  157.36   0.254
OGLE-LMC-LPV-28128  14.101 17.246  181.03   0.234 1776      0.265  419.8    0.157
OGLE-LMC-LPV-28143  13.961 15.972   71.40   0.036  653.6    0.026 2016      0.025
OGLE-LMC-LPV-28157  14.481 17.780  214.6    0.251  118.69   0.152  221.7    0.125
OGLE-LMC-LPV-28161  14.521 16.948  243.2    0.127 1011      0.131  711.7    0.072
OGLE-LMC-LPV-28184  14.337 17.013   91.70   0.173   88.98   0.128  177.02   0.096
OGLE-LMC-LPV-28201  14.524 16.402  107.88   0.276  116.14   0.098 4292      0.093
OGLE-LMC-LPV-28211  14.451 17.185   91.68   0.135 1290      0.120  157.88   0.094
OGLE-LMC-LPV-28226  14.636 17.570  100.29   0.165  169.29   0.159 1203      0.085
OGLE-LMC-LPV-28233  14.179 16.716  198.85   0.454  105.27   0.166  181.62   0.087
OGLE-LMC-LPV-28243  14.579 16.631   93.64   0.081   59.98   0.053  238.3    0.037
OGLE-LMC-LPV-28246  13.207 15.569  179.01   0.135  762.8    0.100 2114      0.066
OGLE-LMC-LPV-28249  14.568 17.458   90.00   0.219  158.28   0.127 1063      0.120
OGLE-LMC-LPV-28257  15.116 17.420   52.34   0.043   82.79   0.035   77.27   0.030
OGLE-LMC-LPV-28266  13.677 16.561  198.41   0.134 1053      0.378  319.4    0.126
OGLE-LMC-LPV-28274  14.907 16.735   43.455  0.021  340.0    0.022   40.547  0.018
OGLE-LMC-LPV-28297  13.929 16.222   96.44   0.038 4167      0.036  256.6    0.034
OGLE-LMC-LPV-28298  14.364 16.816  124.43   0.236 1761      0.190  120.74   0.116
OGLE-LMC-LPV-28303  14.374 17.217 1972      0.221  203.7    0.104  332.7    0.087
OGLE-LMC-LPV-28306  14.823 17.394  594.2    0.422  504.3    0.151  338.1    0.079
OGLE-LMC-LPV-28311  14.699 16.779   65.24   0.092  703.2    0.177  564.0    0.086
OGLE-LMC-LPV-28316  14.151 17.547  111.62   0.129  983.3    0.106  113.90   0.098
OGLE-LMC-LPV-28333  14.074 16.798  160.36   0.081  181.32   0.075  210.8    0.043
OGLE-LMC-LPV-28338  14.176 16.502  294.1    0.467  958.8    0.058  158.28   0.057
OGLE-LMC-LPV-28365  14.232 17.027   97.48   0.114 1072      0.088   93.49   0.068
OGLE-LMC-LPV-28378  14.450 16.893   73.56   0.055  435.7    0.084  639.0    0.057
OGLE-LMC-LPV-28392  14.582 16.858   93.85   0.121  471.7    0.282  263.1    0.106
OGLE-LMC-LPV-28397  13.223 15.749  186.53   0.116  303.1    0.055 1048      0.054
OGLE-LMC-LPV-28399  15.168 17.871   66.65   0.114   64.91   0.088 2188      0.079
OGLE-LMC-LPV-28402  14.539 17.277  292.3    0.679  778.8    0.358 1642      0.240
OGLE-LMC-LPV-28403  14.234 16.082   99.21   0.034  306.7    0.053  885.0    0.029
OGLE-LMC-LPV-28405  13.851 16.697  110.39   0.139  494.3    0.096 3953      0.076
OGLE-LMC-LPV-28415  14.264 17.155  169.09   0.112 1887      0.263  291.0    0.075
OGLE-LMC-LPV-28419  14.676 16.609   58.36   0.098   60.76   0.065   59.51   0.041
OGLE-LMC-LPV-28420  14.806 16.619   68.30   0.030  406.8    0.032   44.769  0.024
OGLE-LMC-LPV-28434  14.243 16.840   96.85   0.319 1196      0.243  167.03   0.135
OGLE-LMC-LPV-28454  14.291 16.633   85.98   0.181 1058      0.135   89.55   0.083
OGLE-LMC-LPV-28467  14.954 17.722  221.5    0.141 4098      0.124  199.36   0.103
OGLE-LMC-LPV-28488  14.105 17.594  115.72   0.181  846.7    0.152  120.26   0.084
OGLE-LMC-LPV-28495  14.847 16.825   53.05   0.062   90.08   0.036 1096      0.029
OGLE-LMC-LPV-28499  13.570 16.045  179.12   0.123 1647      0.121 1016      0.057
OGLE-LMC-LPV-28507  15.622 17.266   48.588  0.085   27.896  0.038   26.893  0.035
OGLE-LMC-LPV-28523  14.573 17.495  301.9    0.234 2725      0.122  376.2    0.098
OGLE-LMC-LPV-28551  13.807 16.562  175.02   0.153  293.9    0.081  194.40   0.082
OGLE-LMC-LPV-28558  14.221 17.669  482.4    0.325 4367      0.113  230.9    0.098
OGLE-LMC-LPV-28559  14.512 16.087   62.15   0.025   43.107  0.018  155.30   0.017
OGLE-LMC-LPV-28564  14.170 16.773   85.83   0.076  402.1    0.140  343.3    0.102
OGLE-LMC-LPV-28569  14.703 16.884   86.45   0.056  167.34   0.063   80.98   0.050
OGLE-LMC-LPV-28572  14.092 17.547  112.47   0.111  754.1    0.171 1818      0.100
OGLE-LMC-LPV-28582  13.990 17.245  444.2    0.340  264.8    0.164  235.8    0.098
OGLE-LMC-LPV-28583  14.517 16.826   67.77   0.066  472.8    0.078 1418      0.045
OGLE-LMC-LPV-28586  14.629 16.354   58.31   0.070   82.50   0.059  434.8    0.048
OGLE-LMC-LPV-28590  15.051 17.244   69.93   0.051  571.4    0.055 1179      0.036
OGLE-LMC-LPV-28591  13.805 16.305  143.04   0.053  888.9    0.081  754.7    0.057
OGLE-LMC-LPV-28595  14.138    -    217.4    0.119 2681      0.177  158.23   0.050
OGLE-LMC-LPV-28597  15.339 17.689   43.351  0.060  201.2    0.049   39.421  0.038
OGLE-LMC-LPV-28605  14.476 17.802  109.03   0.098  177.56   0.124 1111      0.093
OGLE-LMC-LPV-28617  14.627 16.486  124.07   0.227  129.97   0.178  136.30   0.099
OGLE-LMC-LPV-28626  14.987 17.545   89.63   0.060 1040      0.042   87.84   0.028
OGLE-LMC-LPV-28642  14.143 16.561  332.0    0.487  363.4    0.121  173.70   0.098
OGLE-LMC-LPV-28654  14.373 17.535  189.91   0.130  168.75   0.077  112.31   0.054
OGLE-LMC-LPV-28662  14.350 16.800  179.60   0.141  910.7    0.085   91.61   0.055
OGLE-LMC-LPV-28671  14.340 17.092   78.81   0.091  644.7    0.086  123.47   0.066
OGLE-LMC-LPV-28695  14.624 17.595  178.58   0.158  389.4    0.119  166.67   0.089
OGLE-LMC-LPV-28712  14.095 17.515  209.8    0.230 1821      0.196  120.54   0.189
OGLE-LMC-LPV-28717  15.473 18.098   70.05   0.041  657.0    0.082  486.6    0.063
OGLE-LMC-LPV-28732  14.434 18.310  125.14   0.256  116.14   0.121  127.91   0.107
OGLE-LMC-LPV-28738  14.493 18.286  129.50   0.215  232.3    0.201  949.7    0.123
OGLE-LMC-LPV-28751  14.135 17.214  182.25   0.151  393.2    0.242  475.1    0.109
OGLE-LMC-LPV-28752  14.041 17.055  193.54   0.134 2558      0.151  393.2    0.135
OGLE-LMC-LPV-28755  14.162 17.590  581.5    0.227  108.27   0.091  726.7    0.092
OGLE-LMC-LPV-28787  14.237 17.378  241.8    0.303  206.5    0.140  135.08   0.116
OGLE-LMC-LPV-28792  14.159 17.726  238.1    0.174  135.01   0.138  933.7    0.072
OGLE-LMC-LPV-28796  16.068 19.862  504.7    0.760 5236      0.765  514.9    0.494
OGLE-LMC-LPV-28798  14.032 17.135  195.58   0.166 2262      0.230 4785      0.177
OGLE-LMC-LPV-28805  14.460 17.638   96.75   0.084 5319      0.089  180.41   0.073
OGLE-LMC-LPV-28808  13.664 15.960 1116      0.263  125.74   0.085  431.4    0.067
OGLE-LMC-LPV-28809  14.456 16.988   78.39   0.090  453.1    0.095  414.6    0.068
OGLE-LMC-LPV-28816  14.794 17.288  126.94   0.089 1370      0.108  350.3    0.061
OGLE-LMC-LPV-28820  14.631 16.645  131.97   0.261  137.93   0.102  121.77   0.056
OGLE-LMC-LPV-28822  14.311 16.370  155.50   0.538  151.31   0.165  171.41   0.134
OGLE-LMC-LPV-28827  14.450 16.478  126.69   0.041  905.8    0.049   80.44   0.029
OGLE-LMC-LPV-28830  14.866 16.567   64.83   0.044  407.5    0.036   39.456  0.024
OGLE-LMC-LPV-28842  14.094 17.127  115.28   0.100  186.57   0.084  102.51   0.058
OGLE-LMC-LPV-28847  14.492 16.065   62.61   0.023   69.51   0.020  325.8    0.020
OGLE-LMC-LPV-28849  14.115 16.704  226.1    0.091 3067      0.077  133.07   0.060
OGLE-LMC-LPV-28857  14.082 17.083  180.32   0.133  295.9    0.120  573.1    0.081
OGLE-LMC-LPV-28862  14.487 18.565  137.40   0.304  253.6    0.132  643.5    0.105
OGLE-LMC-LPV-28869  14.358 16.092   93.72   0.434   91.93   0.122   96.68   0.092
OGLE-LMC-LPV-28872  16.552    -    453.2    0.600 2481      2.057 1517      1.201
OGLE-LMC-LPV-28875  14.521 16.900   97.97   0.099 1164      0.071  154.39   0.057
OGLE-LMC-LPV-28878  14.985 17.996  128.35   0.055 4785      0.118  849.6    0.107
OGLE-LMC-LPV-28884  14.355 17.023  198.33   0.066  739.6    0.313 1063      0.241
OGLE-LMC-LPV-28887  14.421 16.452  123.53   0.170  720.5    0.110   67.86   0.099
OGLE-LMC-LPV-28890  14.674 17.142  100.75   0.085  162.02   0.070  526.3    0.055
OGLE-LMC-LPV-28893  14.847 16.648   45.882  0.027  312.2    0.038  370.4    0.020
OGLE-LMC-LPV-28897  14.191 16.328  157.23   0.631 6944      0.248  164.53   0.166
OGLE-LMC-LPV-28900  14.264 16.814  135.28   0.089  523.6    0.135 1618      0.076
OGLE-LMC-LPV-28905  14.258 17.119   94.16   0.199 1151      0.120   87.05   0.092
OGLE-LMC-LPV-28910  14.824 16.463   68.23   0.025   62.29   0.024   39.944  0.021
OGLE-LMC-LPV-28911  14.129 16.778  161.36   0.118  951.5    0.062  149.70   0.051
OGLE-LMC-LPV-28912  14.301 16.815   82.69   0.092  657.9    0.156   98.81   0.056
OGLE-LMC-LPV-28922  13.361 15.759  169.52   0.084 1326      0.101  928.5    0.051
OGLE-LMC-LPV-28931  14.277 16.639  122.09   0.097 3788      0.123  568.8    0.078
OGLE-LMC-LPV-28940  14.609 16.488   52.75   0.046   87.37   0.032   68.28   0.021
OGLE-LMC-LPV-28943  14.215 16.942  205.6    0.271  109.95   0.127  249.3    0.077
OGLE-LMC-LPV-28953  13.872 16.216  233.9    0.095  727.8    0.129  847.5    0.116
OGLE-LMC-LPV-28954  14.223 17.288  182.54   0.237 1086      0.180  110.79   0.138
OGLE-LMC-LPV-28958  14.124 16.581  141.50   0.134  715.3    0.094 1661      0.076
OGLE-LMC-LPV-28959  14.358 16.893  126.22   0.099  397.3    0.064   79.25   0.047
OGLE-LMC-LPV-28962  14.701 16.271   40.935  0.056   67.03   0.048  697.8    0.046
OGLE-LMC-LPV-28963  14.126 16.845  341.3    0.714  182.55   0.188  410.0    0.167
OGLE-LMC-LPV-28966  14.065 17.307  122.83   0.156  375.9    0.113  115.25   0.088
OGLE-LMC-LPV-28974  14.090 17.143  199.89   0.177  381.5    0.165 1381      0.150
OGLE-LMC-LPV-28977  14.038 16.844  104.45   0.150   97.10   0.091  120.13   0.080
OGLE-LMC-LPV-28978  14.578 16.758   66.39   0.056  329.8    0.076  465.1    0.053
OGLE-LMC-LPV-28999  13.998 16.299  125.54   0.141  645.2    0.143  119.16   0.115
OGLE-LMC-LPV-29001  15.418 18.168   51.37   0.092  668.4    0.108   50.08   0.066
OGLE-LMC-LPV-29010  14.175 16.752  106.41   0.085 1497      0.082  101.68   0.068
OGLE-LMC-LPV-29015  14.301 16.749  231.5    0.228 1504      0.142  262.1    0.126
OGLE-LMC-LPV-29021  14.321 16.310  138.50   0.795  209.6    0.155   75.98   0.117
OGLE-LMC-LPV-29039  14.235 17.503  359.2    0.214  230.9    0.113  977.5    0.121
OGLE-LMC-LPV-29041  14.156 16.762 1477      0.268  127.13   0.086  204.4    0.060
OGLE-LMC-LPV-29045  14.210 17.096  207.3    0.177  182.12   0.145  113.99   0.100
OGLE-LMC-LPV-29048  14.394 17.420  355.1    0.666 3012      0.260  390.0    0.170
OGLE-LMC-LPV-29052  13.708 16.904  411.5    0.207  657.9    0.097  184.98   0.080
OGLE-LMC-LPV-29058  14.374 16.659   68.11   0.041  298.9    0.054   61.50   0.048
OGLE-LMC-LPV-29068  13.558 16.687  230.2    0.151 1802      0.132  255.2    0.069
OGLE-LMC-LPV-29098  14.249 17.326  226.5    0.415  122.32   0.130  202.4    0.138
OGLE-LMC-LPV-29107  14.271 16.853  207.8    0.292  107.42   0.099  174.31   0.085
OGLE-LMC-LPV-29108  14.157 16.952   97.19   0.225 1151      0.109  162.39   0.067
OGLE-LMC-LPV-29122  13.927 16.378  159.90   0.211  150.08   0.145  239.8    0.126
OGLE-LMC-LPV-29127  15.014 18.580  405.1    0.688 1453      0.260 2710      0.180
OGLE-LMC-LPV-29138  14.363 16.200   67.12   0.125  127.93   0.133  117.73   0.071
OGLE-LMC-LPV-29139  14.372 17.058  283.8    0.251  252.1    0.139  166.14   0.118
OGLE-LMC-LPV-29146  14.272 16.373   85.56   0.051  278.9    0.055 1848      0.045
OGLE-LMC-LPV-29150  15.255 18.027   84.50   0.053 1309      0.054   79.58   0.037
OGLE-LMC-LPV-29152  14.410 17.170   84.53   0.110  454.5    0.112   80.53   0.043
OGLE-LMC-LPV-29158  13.232 15.610 1200      0.353  161.19   0.134  907.4    0.077
OGLE-LMC-LPV-29163  14.476 16.950  331.9    0.416 1608      0.353  403.9    0.111
OGLE-LMC-LPV-29173  14.082 17.207  357.1    0.138  481.5    0.284 1701      0.175
OGLE-LMC-LPV-29188  14.769 17.012   84.97   0.053  406.5    0.076  345.5    0.038
OGLE-LMC-LPV-29204  14.261 16.503   85.57   0.071  159.80   0.081   96.39   0.068
OGLE-LMC-LPV-29207  14.455 16.520  133.23   0.430   72.92   0.132  150.63   0.085
OGLE-LMC-LPV-29219  14.687 16.268   77.85   0.205   78.92   0.079  541.4    0.074
OGLE-LMC-LPV-29233  14.603 18.109  119.20   0.154  116.50   0.110  200.9    0.086
OGLE-LMC-LPV-29268  14.555 17.528  171.04   0.269 1232      0.156  339.8    0.110
OGLE-LMC-LPV-29279  15.137 17.208   50.10   0.150   46.189  0.056 3012      0.054
OGLE-LMC-LPV-29296  14.738 16.685  104.53   0.022  291.3    0.022  192.23   0.016
OGLE-LMC-LPV-29298  13.931 17.025  179.79   0.197 2571      0.420  165.95   0.103
OGLE-LMC-LPV-29313  14.997 18.367   79.34   0.145   77.53   0.097 1259      0.092
OGLE-LMC-LPV-29328  14.153 17.355  187.48   0.161 1095      0.118  475.5    0.103
OGLE-LMC-LPV-29348  14.376 17.029   84.73   0.255  150.63   0.103   88.35   0.105
OGLE-LMC-LPV-29357  14.109 17.380  207.4    0.173  391.5    0.173  316.0    0.087
OGLE-LMC-LPV-29368  14.090 16.768  309.9    0.252  149.41   0.078  754.1    0.082
OGLE-LMC-LPV-29369  14.351 16.334  134.85   0.245  124.22   0.086   72.91   0.072
OGLE-LMC-LPV-29370  14.484 17.626  232.0    0.606  215.2    0.180  122.52   0.154
OGLE-LMC-LPV-29373  14.242 16.412   78.25   0.059  562.7    0.064  119.86   0.054
OGLE-LMC-LPV-29382  14.142 16.833  191.48   0.328  203.0    0.129  925.1    0.075
OGLE-LMC-LPV-29386  14.394 16.732   74.11   0.035 2625      0.038  117.76   0.035
OGLE-LMC-LPV-29387  14.712    -     58.35   0.075    3.5829 0.049    2.8856 0.038
OGLE-LMC-LPV-29394  13.974 16.576  173.40   0.086 3953      0.147  152.37   0.074
OGLE-LMC-LPV-29420  13.417 16.023  193.69   0.121  121.17   0.064  682.6    0.062
OGLE-LMC-LPV-29421  15.163 16.921   74.82   0.212   72.81   0.160  107.76   0.131
OGLE-LMC-LPV-29422  14.417 17.813   98.41   0.090  715.3    0.134  170.24   0.086
OGLE-LMC-LPV-29431  14.825 17.616  111.56   0.074  598.4    0.291 4255      0.181
OGLE-LMC-LPV-29450  14.227 17.222  209.8    0.237  198.69   0.131  107.56   0.131
OGLE-LMC-LPV-29454  14.245 16.840  146.58   0.149 2632      0.288  275.1    0.074
OGLE-LMC-LPV-29467  14.362 16.736   80.58   0.094   77.32   0.060   95.68   0.055
OGLE-LMC-LPV-29470  14.007 16.454  108.05   0.114  188.08   0.176  219.7    0.159
OGLE-LMC-LPV-29471  13.853 16.413  161.59   0.267  738.0    0.119  432.7    0.093
OGLE-LMC-LPV-29478  14.641 16.987  356.6    0.418  850.3    0.162 6061      0.074
OGLE-LMC-LPV-29485  14.241 17.496  447.5    0.221 1279      0.147  337.2    0.102
OGLE-LMC-LPV-29494  14.285 17.039  133.57   0.109  954.2    0.074   78.30   0.070
OGLE-LMC-LPV-29498  14.108 17.040  138.32   0.423  256.7    0.358  285.8    0.142
OGLE-LMC-LPV-29500  14.436 17.577  204.2    0.123  184.20   0.087  506.3    0.055
OGLE-LMC-LPV-29502  13.876 15.998  105.26   0.046  917.4    0.128  722.5    0.100
OGLE-LMC-LPV-29506  14.088 17.423  415.1    0.246  338.4    0.087  125.53   0.072
OGLE-LMC-LPV-29508  13.630 16.478  197.16   0.194 2326      0.171  349.0    0.125
OGLE-LMC-LPV-29514  14.005 16.748  136.69   0.089  888.1    0.109  142.07   0.067
OGLE-LMC-LPV-29526  15.048 17.426   60.68   0.192  106.06   0.173  109.40   0.098
OGLE-LMC-LPV-29527  14.648 17.358  105.61   0.084  726.7    0.141  516.5    0.082
OGLE-LMC-LPV-29537  13.800 16.417  335.7    0.191  288.9    0.157 4505      0.118
OGLE-LMC-LPV-29543  14.896 17.436  100.84   0.125  965.3    0.118  637.8    0.060
OGLE-LMC-LPV-29551  14.017 17.010  187.76   0.162  320.1    0.122  200.3    0.083
OGLE-LMC-LPV-29554  14.760 17.872  166.92   0.077 2825      0.222 1161      0.152
OGLE-LMC-LPV-29558  14.000 16.468  139.98   0.088   72.72   0.044  834.0    0.042
OGLE-LMC-LPV-29560  14.306 17.464  101.93   0.133  106.97   0.099  211.6    0.093
OGLE-LMC-LPV-29565  13.728 16.230  149.01   0.095  299.9    0.070 3460      0.067
OGLE-LMC-LPV-29572  13.094 15.196  166.78   0.136 2053      0.095  158.55   0.062
OGLE-LMC-LPV-29586  14.155 16.750  281.2    0.276  255.8    0.100  169.03   0.075
OGLE-LMC-LPV-29592  13.938 17.169  107.61   0.088  584.5    0.125  172.92   0.065
OGLE-LMC-LPV-29598  14.301 17.309   98.98   0.158  175.35   0.142  952.4    0.076
OGLE-LMC-LPV-29601  14.609 16.842   66.30   0.147  909.1    0.090  116.95   0.072
OGLE-LMC-LPV-29613  14.805 17.687  279.1    0.243  669.3    0.129  148.02   0.112
OGLE-LMC-LPV-29621  14.859 17.311  142.78   0.105  463.8    0.106 3030      0.067
OGLE-LMC-LPV-29624  14.184 17.317  110.79   0.099  114.61   0.082 1379      0.081
OGLE-LMC-LPV-29633  14.706 17.003   84.64   0.035  291.5    0.063  307.4    0.046
OGLE-LMC-LPV-29653  14.522 17.289  315.0    0.329 1357      0.164  180.54   0.092
OGLE-LMC-LPV-29657  14.424 17.663  118.02   0.302  199.48   0.151  224.2    0.171
OGLE-LMC-LPV-29704  14.289 16.785  118.15   0.054  447.0    0.097  491.9    0.068
OGLE-LMC-LPV-29740  14.531 18.251  113.44   0.226  197.82   0.187 2890      0.124
OGLE-LMC-LPV-29750  14.112 16.630  219.4    0.112 2049      0.234 6579      0.079
OGLE-LMC-LPV-29759  14.899 16.488   63.81   0.040  186.67   0.028  351.5    0.026
OGLE-LMC-LPV-29766  17.396 21.113  177.27   0.096  318.1    0.094  579.7    0.085
OGLE-LMC-LPV-29770  13.931 16.750  410.7    0.496  289.7    0.159  268.7    0.105
OGLE-LMC-LPV-29779  14.217 17.143  185.13   0.288  210.2    0.090  101.74   0.078
OGLE-LMC-LPV-29790  14.170 17.282  327.2    0.165  277.9    0.096 2155      0.089
OGLE-LMC-LPV-29792  15.663 17.611   38.541  0.052   62.23   0.043   39.027  0.042
OGLE-LMC-LPV-29797  14.628 17.178  504.6    0.278 2347      0.160  409.2    0.083
OGLE-LMC-LPV-29815  14.249 16.435   77.12   0.087  123.61   0.066 2252      0.049
OGLE-LMC-LPV-29823  14.501 16.317  103.22   0.561  205.7    0.120  298.2    0.075
OGLE-LMC-LPV-29827  14.014 16.349  919.2    0.437 3571      0.137  229.5    0.066
OGLE-LMC-LPV-29837  14.332 16.921  134.25   0.113 1017      0.107  146.26   0.084
OGLE-LMC-LPV-29839  14.587 17.768  313.8    0.125 1157      0.097  179.73   0.068
OGLE-LMC-LPV-29846  14.526 16.902   70.87   0.040  415.3    0.060  118.12   0.043
OGLE-LMC-LPV-29857  14.722 16.804   58.29   0.036   55.27   0.027   54.59   0.023
OGLE-LMC-LPV-29858  14.748 16.937   65.87   0.102   63.73   0.069  405.5    0.052
OGLE-LMC-LPV-29865  15.466 17.745   84.25   0.140   47.792  0.073  583.8    0.065
OGLE-LMC-LPV-29906  14.362 17.538  152.60   0.061  914.1    0.064  121.95   0.048
OGLE-LMC-LPV-29921  14.047 17.018  110.93   0.078  185.05   0.087 1145      0.079
OGLE-LMC-LPV-29930  14.020 17.077  208.9    0.130  738.6    0.217 3436      0.165
OGLE-LMC-LPV-29937  14.765 16.654   48.423  0.030   88.49   0.026  466.6    0.025
OGLE-LMC-LPV-29949  14.115 17.107  225.3    0.259  234.5    0.158  502.3    0.070
OGLE-LMC-LPV-29959  14.977 18.059   81.26   0.071  133.73   0.077  551.6    0.057
OGLE-LMC-LPV-29960  15.013 17.517  699.3    0.559 3226      0.196  281.5    0.119
OGLE-LMC-LPV-29975  14.427 16.479  117.70   0.174   67.55   0.108  129.74   0.079
OGLE-LMC-LPV-29977  14.362 18.064  121.62   0.189  214.7    0.152 1582      0.138
OGLE-LMC-LPV-30016  14.419 16.861   72.57   0.107   65.82   0.064  315.5    0.035
OGLE-LMC-LPV-30031  14.181 17.397  103.54   0.137  518.9    0.109  448.0    0.070
OGLE-LMC-LPV-30035  13.861 17.150  226.5    0.197  911.6    0.123  665.8    0.065
OGLE-LMC-LPV-30037  13.774 16.612  188.96   0.107  995.0    0.141  280.0    0.088
OGLE-LMC-LPV-30055  14.577 16.174   75.14   0.045  662.3    0.040   39.524  0.033
OGLE-LMC-LPV-30066  14.558 16.747  100.33   0.069  163.72   0.054  335.5    0.032
OGLE-LMC-LPV-30067  14.068 16.495  133.03   0.093  713.8    0.091  300.9    0.051
OGLE-LMC-LPV-30069  14.417 18.190  139.09   0.302  245.3    0.233  134.75   0.147
OGLE-LMC-LPV-30084  14.511 16.785   73.82   0.103  261.4    0.108  140.10   0.079
OGLE-LMC-LPV-30120  14.485 17.176  166.79   0.297  851.8    0.112   82.25   0.069
OGLE-LMC-LPV-30121  14.050 16.714  341.0    0.285  182.62   0.109 1009      0.092
OGLE-LMC-LPV-30133  14.238 17.033  135.12   0.092  630.1    0.086  158.88   0.051
OGLE-LMC-LPV-30146  13.975 16.104   85.44   0.044  664.0    0.040   86.82   0.036
OGLE-LMC-LPV-30159  13.789 16.402  163.83   0.110 1908      0.167  177.62   0.109
OGLE-LMC-LPV-30166  15.903 17.798   54.34   0.025 2188      0.012  227.6    0.009
OGLE-LMC-LPV-30178  13.920 16.411  159.90   0.154 1560      0.074  122.97   0.054
OGLE-LMC-LPV-30212  14.352 17.960  458.2    0.563 1135      0.291  783.1    0.137
OGLE-LMC-LPV-30217  14.127 16.288  238.6    0.369  261.6    0.137  125.25   0.102
OGLE-LMC-LPV-30230  13.226 15.601  186.01   0.099 1623      0.114  126.98   0.054
OGLE-LMC-LPV-30237  13.311 15.872  187.13   0.142 2037      0.244  405.0    0.138
OGLE-LMC-LPV-30250  14.730 17.592  177.04   0.538  194.33   0.217  165.54   0.195
OGLE-LMC-LPV-30260  14.909 16.812   98.88   0.551  102.07   0.196 3247      0.148
OGLE-LMC-LPV-30263  15.492 17.941   46.863  0.177   80.76   0.078  233.4    0.066
OGLE-LMC-LPV-30268  14.050 16.100   79.27   0.061  670.2    0.070  126.07   0.037
OGLE-LMC-LPV-30276  14.276 17.261  102.46   0.108  559.6    0.106  213.0    0.051
OGLE-LMC-LPV-30281  14.146 16.636 1082      0.529 4673      0.226 1272      0.117
OGLE-LMC-LPV-30283  15.211 17.620  703.7    0.565  524.4    0.177  304.0    0.143
OGLE-LMC-LPV-30285  14.884 18.633  448.5    0.757 2786      0.417 5025      0.158
OGLE-LMC-LPV-30294  14.366 17.746  225.0    0.432 6849      0.163  232.9    0.133
OGLE-LMC-LPV-30295  14.397 18.337  125.72   0.265  121.42   0.156  218.4    0.136
OGLE-LMC-LPV-30296  14.301 16.863  108.86   0.126  895.3    0.195  101.73   0.096
OGLE-LMC-LPV-30300  13.840 16.103 1076      0.203 3731      0.079  115.21   0.054
OGLE-LMC-LPV-30303  14.470 17.350   92.07   0.273 1059      0.142  162.26   0.124
OGLE-LMC-LPV-30307  14.224 16.084  116.78   0.531  107.64   0.129  417.9    0.127
OGLE-LMC-LPV-30329  15.081 17.312   90.65   0.120  677.0    0.103   97.48   0.075
OGLE-LMC-LPV-30334  14.304 16.036  120.42   0.330  133.21   0.101   63.66   0.064
OGLE-LMC-LPV-30354  14.778 17.596   67.08   0.104  392.2    0.107   63.57   0.068
OGLE-LMC-LPV-30360  15.013 18.279  321.8    0.459 1403      0.173  415.1    0.146
OGLE-LMC-LPV-30362  14.807 16.753   54.94   0.086   49.478  0.060   94.94   0.055
OGLE-LMC-LPV-30365  15.044 17.827  119.82   0.091  908.3    0.118 6757      0.109
OGLE-LMC-LPV-30372  14.618 17.850  104.78   0.214 1135      0.230  195.12   0.092
OGLE-LMC-LPV-30379  14.027 17.067  102.59   0.087 3636      0.202  210.4    0.110
OGLE-LMC-LPV-30398  14.249 17.092  137.37   0.206  281.2    0.111  634.1    0.076
OGLE-LMC-LPV-30400  14.118 16.458  121.09   0.106  711.7    0.121  857.6    0.101
OGLE-LMC-LPV-30401  14.843 17.499   96.41   0.111  156.86   0.072  149.43   0.054
OGLE-LMC-LPV-30411  14.216 17.111   75.76   0.111  672.0    0.102  114.32   0.073
OGLE-LMC-LPV-30414  13.759 16.452  176.83   0.244 2336      0.129  270.9    0.075
OGLE-LMC-LPV-30419  15.069 17.287   47.655  0.059  377.8    0.038 1805      0.023
OGLE-LMC-LPV-30425  15.380 18.352   67.78   0.069  602.4    0.089  112.63   0.081
OGLE-LMC-LPV-30429  14.574 17.923  375.8    0.748 1938      0.528  251.3    0.136
OGLE-LMC-LPV-30432  14.429 16.955   72.87   0.051  407.3    0.042   80.41   0.041
OGLE-LMC-LPV-30438  13.810 16.298  143.39   0.079 1412      0.076  132.15   0.047
OGLE-LMC-LPV-30443  14.527 17.352  197.47   0.197  515.7    0.374 4630      0.260
OGLE-LMC-LPV-30445  13.863 16.898  185.58   0.237  506.1    0.136 1011      0.101
OGLE-LMC-LPV-30454  14.208 17.090  100.72   0.102   94.39   0.109  172.98   0.047
OGLE-LMC-LPV-30472  14.257 17.598  111.62   0.182  712.3    0.112  115.02   0.100
OGLE-LMC-LPV-30473  14.611 17.181   69.29   0.070  395.7    0.072  327.7    0.056
OGLE-LMC-LPV-30487  13.915 16.924  187.76   0.122 1147      0.100  331.1    0.086
OGLE-LMC-LPV-30488  14.565 16.966   71.53   0.080  604.6    0.124   75.75   0.077
OGLE-LMC-LPV-30491  15.233 18.139  123.54   0.221   66.72   0.125   70.72   0.087
OGLE-LMC-LPV-30514  14.381 16.921  403.4    0.250  237.9    0.065  123.95   0.052
OGLE-LMC-LPV-30540  14.301 17.438  229.0    0.287  124.33   0.139  237.5    0.080
OGLE-LMC-LPV-30542  13.691 16.889  403.3    0.324  223.7    0.141  244.9    0.103
OGLE-LMC-LPV-30563  14.478 16.837   68.90   0.038  338.2    0.070  107.84   0.047
OGLE-LMC-LPV-30579  14.230 17.520  190.33   0.096 1076      0.155  309.7    0.102
OGLE-LMC-LPV-30585  14.124 16.751  188.92   0.209  105.06   0.112  168.21   0.097
OGLE-LMC-LPV-30594  14.093 16.256  824.4    0.349  103.91   0.077  110.08   0.035
OGLE-LMC-LPV-30600  14.185 16.523  136.45   0.146  129.00   0.106  458.9    0.065
OGLE-LMC-LPV-30604  14.124 17.576  227.2    0.248  450.9    0.166  271.4    0.131
OGLE-LMC-LPV-30606  14.122 16.628  179.22   0.219  100.17   0.128  105.83   0.089
OGLE-LMC-LPV-30611  14.342 16.701  225.2    0.422  125.30   0.126  303.1    0.084
OGLE-LMC-LPV-30613  14.189 17.721  115.05   0.136  466.2    0.163  123.21   0.091
OGLE-LMC-LPV-30614  13.944 16.717  241.9    0.229 1040      0.227  449.4    0.146
OGLE-LMC-LPV-30644  15.050    -     51.76   0.125  594.2    0.100   49.935  0.051
OGLE-LMC-LPV-30659  14.979 18.159  244.0    0.156  228.1    0.120  281.1    0.089
OGLE-LMC-LPV-30692  14.356 16.388  156.09   0.695 4310      0.243  171.09   0.119
OGLE-LMC-LPV-30694  14.471 16.426   64.16   0.108  757.0    0.093  111.07   0.069
OGLE-LMC-LPV-30695  14.256 17.701  127.77   0.135 1155      0.101 1466      0.090
OGLE-LMC-LPV-30699  13.985 16.612  271.6    0.199 1575      0.273 3425      0.097
OGLE-LMC-LPV-30704  13.877 16.757  268.2    0.424  140.65   0.130 1953      0.093
OGLE-LMC-LPV-30728  14.284 17.258  161.89   0.061  175.75   0.077 1433      0.088
OGLE-LMC-LPV-30737  14.442 17.310  175.22   0.063 1626      0.189 4545      0.159
OGLE-LMC-LPV-30740  14.773 16.567   68.07   0.026  422.3    0.035 1395      0.028
OGLE-LMC-LPV-30759  14.350 17.208  128.47   0.046  410.0    0.099  298.5    0.059
OGLE-LMC-LPV-30764  13.957 17.147  380.1    0.240  294.8    0.198  523.0    0.120
OGLE-LMC-LPV-30779  14.418 16.665  226.8    0.415  193.80   0.223  242.4    0.144
OGLE-LMC-LPV-30797  13.673 16.738  245.3    0.161 2506      0.243  990.1    0.149
OGLE-LMC-LPV-30805  14.178 17.951  133.63   0.163 1475      0.155  226.5    0.141
OGLE-LMC-LPV-30809  14.754 16.479   93.06   0.317   90.27   0.072   48.137  0.061
OGLE-LMC-LPV-30823  14.003 16.827  173.74   0.208  420.9    0.101  378.9    0.096
OGLE-LMC-LPV-30846  13.081 15.761  294.1    0.147 2732      0.263  194.97   0.074
OGLE-LMC-LPV-30851  14.863 17.090   53.19   0.056  201.0    0.043  404.2    0.036
OGLE-LMC-LPV-30860  14.255 16.621  196.59   0.640  577.4    0.201  121.05   0.147
OGLE-LMC-LPV-30863  14.255 17.521  299.3    0.133  431.2    0.106  334.6    0.082
OGLE-LMC-LPV-30864  14.414 17.006  206.0    0.272 1036      0.222  230.6    0.183
OGLE-LMC-LPV-30882  14.235 17.150   83.68   0.048  567.9    0.087  713.3    0.056
OGLE-LMC-LPV-30890  14.698 16.627   92.76   0.066  575.4    0.057 2778      0.045
OGLE-LMC-LPV-30930  14.104 16.426  912.4    0.323 3937      0.077  107.48   0.048
OGLE-LMC-LPV-30932  13.867 16.634  159.85   0.093  713.3    0.138 1761      0.086
OGLE-LMC-LPV-30947  13.973 16.603  182.37   0.247 1091      0.203  242.2    0.081
OGLE-LMC-LPV-30971  14.737 17.139   99.48   0.093  479.2    0.201  586.5    0.139
OGLE-LMC-LPV-30973  14.816 16.622   94.45   0.062  105.32   0.052   72.24   0.046
OGLE-LMC-LPV-30978  14.066 16.415   93.84   0.049 2247      0.097  882.6    0.053
OGLE-LMC-LPV-30983  14.263 16.543  137.64   0.129   80.95   0.075  127.99   0.056
OGLE-LMC-LPV-31001  14.855 18.071  184.40   0.113 2717      0.211  666.7    0.151
OGLE-LMC-LPV-31027  14.443 16.953   79.37   0.063  888.9    0.126   86.62   0.094
OGLE-LMC-LPV-31051  14.592 16.867   63.94   0.069  108.12   0.057   80.53   0.047
OGLE-LMC-LPV-31062  14.495 17.468   91.84   0.064  796.2    0.167  587.9    0.142
OGLE-LMC-LPV-31068  14.767 16.706  112.51   0.346   60.15   0.083  125.11   0.067
OGLE-LMC-LPV-31069  14.645 16.407   47.531  0.057  107.53   0.073   92.68   0.038
OGLE-LMC-LPV-31075  14.405 17.190  295.9    0.237  715.3    0.134  158.81   0.093
OGLE-LMC-LPV-31078  14.187 16.685  202.7    0.642  215.8    0.153 4425      0.096
OGLE-LMC-LPV-31085  14.647 17.213   79.02   0.052 3571      0.114  740.7    0.054
OGLE-LMC-LPV-31092  14.463 16.004   92.08   0.105   95.65   0.061   82.81   0.041
OGLE-LMC-LPV-31114  14.699 16.906  127.67   0.144  171.50   0.065   75.65   0.056
OGLE-LMC-LPV-31121  15.342 18.093  174.16   0.095 2611      0.559  466.0    0.160
OGLE-LMC-LPV-31154  14.008 17.032  190.48   0.099  315.8    0.130 1377      0.092
OGLE-LMC-LPV-31161  14.213 17.155  112.56   0.051  554.6    0.121  133.73   0.064
OGLE-LMC-LPV-31164  14.407 17.359  323.8    0.538 1060      0.106  206.3    0.076
OGLE-LMC-LPV-31170  15.031 17.605   61.91   0.112  728.9    0.062  104.92   0.061
OGLE-LMC-LPV-31177  14.117 17.848  122.67   0.110  615.8    0.120  827.8    0.074
OGLE-LMC-LPV-31180  13.870 16.367  215.7    0.080  740.2    0.221  627.4    0.134
OGLE-LMC-LPV-31187  14.149 16.277  103.58   0.033 1342      0.111  262.4    0.038
OGLE-LMC-LPV-31194  13.888 16.103  108.38   0.120  881.1    0.067  735.8    0.036
OGLE-LMC-LPV-31205  14.534 16.283  106.01   0.108   55.93   0.073   98.03   0.056
OGLE-LMC-LPV-31232  14.143 16.665  144.78   0.073  138.93   0.064  441.5    0.060
OGLE-LMC-LPV-31242  13.975 17.484  125.68   0.217  221.1    0.196  132.07   0.133
OGLE-LMC-LPV-31256  14.344 16.722  184.46   0.584  173.25   0.169 3195      0.119
OGLE-LMC-LPV-31259  14.163 17.001   96.93   0.094 1229      0.102  201.5    0.086
OGLE-LMC-LPV-31260  14.359 16.613  157.04   0.704  170.85   0.122 1005      0.116
OGLE-LMC-LPV-31266  14.321 17.260  144.28   0.101  185.39   0.109  137.12   0.081
OGLE-LMC-LPV-31284  14.251 18.448  146.90   0.345  136.74   0.169  128.16   0.078
OGLE-LMC-LPV-31295  14.713 16.719   56.96   0.057  498.5    0.058   57.92   0.049
OGLE-LMC-LPV-31313  14.669 16.460   78.68   0.032  421.8    0.037   81.87   0.034
OGLE-LMC-LPV-31314  14.184 16.878  268.2    0.204 1605      0.109  160.18   0.087
OGLE-LMC-LPV-31315  14.202 17.621  459.3    0.426 4202      0.167  215.3    0.081
OGLE-LMC-LPV-31318  13.626 17.017  208.2    0.146  849.6    0.119   89.67   0.053
OGLE-LMC-LPV-31320  14.515 16.519   93.40   0.043  712.8    0.031   61.17   0.024
OGLE-LMC-LPV-31340  14.283 16.688  299.3    0.469  143.25   0.130  319.7    0.105
OGLE-LMC-LPV-31343  14.629 16.385   50.13   0.044   71.83   0.035   49.116  0.034
OGLE-LMC-LPV-31344  14.210 16.834  168.22   0.151  754.7    0.098   87.68   0.088
OGLE-LMC-LPV-31346  14.260 16.837 1019      0.229  132.21   0.096 3636      0.075
OGLE-LMC-LPV-31347  14.648 16.651   59.56   0.068   58.20   0.049   97.65   0.046
OGLE-LMC-LPV-31355  14.222 16.866  144.13   0.084  261.6    0.101 4049      0.063
OGLE-LMC-LPV-31360  14.372 16.867  904.2    0.236  113.35   0.087 3676      0.056
OGLE-LMC-LPV-31365  14.451 16.635  207.7    0.376  112.17   0.135  196.77   0.102
OGLE-LMC-LPV-31375  14.177 17.556  172.36   0.123  309.3    0.084  737.5    0.066
OGLE-LMC-LPV-31376  14.493 16.912  224.9    0.266  946.1    0.177  203.2    0.085
OGLE-LMC-LPV-31381  14.009 17.335  210.4    0.173 1645      0.347  406.3    0.108
OGLE-LMC-LPV-31397  14.265 17.061  151.41   0.076  282.0    0.100  649.8    0.073
OGLE-LMC-LPV-31398  14.263 16.688   79.54   0.087  950.6    0.071  130.70   0.054
OGLE-LMC-LPV-31406  14.544 16.919   70.12   0.048  115.70   0.039   71.59   0.039
OGLE-LMC-LPV-31420  14.916 17.657  183.59   0.141 1383      0.247  221.3    0.068
OGLE-LMC-LPV-31431  14.514 17.004   73.74   0.072 3356      0.073  119.09   0.054
OGLE-LMC-LPV-31443  14.456 16.435   65.92   0.164  113.35   0.134  925.9    0.074
OGLE-LMC-LPV-31449  14.101 16.464  144.72   0.072 4000      0.094  166.61   0.059
OGLE-LMC-LPV-31469  14.949 17.255  113.20   0.082  486.4    0.190  324.5    0.148
OGLE-LMC-LPV-31471  14.282 17.053 1130      0.402 2155      0.341  874.1    0.069
OGLE-LMC-LPV-31480  14.971 16.645   66.43   0.027   39.356  0.023   58.33   0.019
OGLE-LMC-LPV-31494  14.217 17.809  205.7    0.175 1311      0.168  114.64   0.078
OGLE-LMC-LPV-31501  14.391 17.078   80.98   0.118  879.5    0.124   84.28   0.065
OGLE-LMC-LPV-31504  13.984 17.467  127.77   0.177  225.5    0.130 1553      0.095
OGLE-LMC-LPV-31511  13.885 16.550  313.5    0.305 1027      0.086  168.04   0.072
OGLE-LMC-LPV-31512  14.141 16.855  332.5    0.416  542.3    0.071  657.0    0.045
OGLE-LMC-LPV-31530  14.059 16.914   93.35   0.066 4739      0.053  147.58   0.051
OGLE-LMC-LPV-31531  14.385 17.587  110.68   0.383 1089      0.144 4348      0.094
OGLE-LMC-LPV-31541  16.615 17.985   90.93   0.317  723.6    3.509   75.00   2.070
OGLE-LMC-LPV-31546  13.795 15.919  161.41   0.133  212.8    0.067  269.5    0.056
OGLE-LMC-LPV-31547  14.836 17.902   89.09   0.053  122.04   0.041   75.05   0.040
OGLE-LMC-LPV-31558  14.221 17.552  226.0    0.218 1401      0.089  126.36   0.067
OGLE-LMC-LPV-31564  14.619 17.507   80.57   0.141   81.72   0.080  885.0    0.076
OGLE-LMC-LPV-31576  14.447 18.354  122.70   0.187  731.0    0.248  117.94   0.080
OGLE-LMC-LPV-31586  14.755 18.009   92.76   0.110  505.8    0.113  423.5    0.062
OGLE-LMC-LPV-31600  15.363 17.875   47.744  0.053  421.1    0.060   41.188  0.043
OGLE-LMC-LPV-31609  14.067 17.575  230.0    0.220  458.5    0.320  415.3    0.227
OGLE-LMC-LPV-31619  14.563 16.846  144.25   0.462  148.94   0.267  140.81   0.089
OGLE-LMC-LPV-31620  14.322 17.133  185.32   0.147  505.6    0.195  327.4    0.110
OGLE-LMC-LPV-31622  14.473 16.709   93.71   0.042 1499      0.118 1014      0.084
OGLE-LMC-LPV-31625  14.280 17.177  168.45   0.163 3584      0.137  182.02   0.107
OGLE-LMC-LPV-31638  14.145 17.312  224.6    0.304  123.30   0.148  120.88   0.075
OGLE-LMC-LPV-31641  13.778 17.397  148.63   0.203  731.0    0.077  139.78   0.071
OGLE-LMC-LPV-31644  14.036 17.078  131.22   0.273  244.0    0.132  892.9    0.071
OGLE-LMC-LPV-31660  14.482 18.826  145.01   0.174  259.2    0.195  740.7    0.123
OGLE-LMC-LPV-31681  14.311 17.542  273.3    0.108  444.4    0.111 5348      0.075
OGLE-LMC-LPV-31689  14.261 16.959  195.93   0.396  171.53   0.087   96.11   0.072
OGLE-LMC-LPV-31692  14.373 18.062  110.57   0.284 1221      0.166  106.26   0.151
OGLE-LMC-LPV-31697  14.987 17.462   62.28   0.114   62.97   0.052  100.19   0.055
OGLE-LMC-LPV-31722  14.044 16.816  153.30   0.156 1497      0.164  406.5    0.142
OGLE-LMC-LPV-31730  14.263 17.738  260.5    0.189  801.3    0.169  486.6    0.128
OGLE-LMC-LPV-31737  14.023 17.035  179.63   0.130 3021      0.143  624.6    0.063
OGLE-LMC-LPV-31744  14.156 17.229  199.31   0.194  112.52   0.117  103.91   0.084
OGLE-LMC-LPV-31747  14.026 17.182  400.7    0.207 1927      0.109  320.3    0.083
OGLE-LMC-LPV-31753  14.973 17.041   58.44   0.126  103.08   0.094   98.58   0.070
OGLE-LMC-LPV-31763  13.995 16.435  176.70   0.164   94.95   0.069   92.02   0.040
OGLE-LMC-LPV-31764  13.926 17.253  101.52   0.086  728.9    0.168 3058      0.090
OGLE-LMC-LPV-31766  14.097 17.506  968.7    0.372  107.52   0.122  120.54   0.081
OGLE-LMC-LPV-31782  14.168 16.950  159.57   0.143 1344      0.149  541.7    0.083
OGLE-LMC-LPV-31789  14.406 16.584  190.03   0.314  108.38   0.110  229.4    0.097
OGLE-LMC-LPV-31798  14.345 16.961  191.48   0.148  214.9    0.050  179.89   0.046
OGLE-LMC-LPV-31799  14.254 17.198  210.2    0.346  217.2    0.127  118.96   0.098
OGLE-LMC-LPV-31809  14.254 16.561  109.43   0.077 3891      0.153  210.0    0.090
OGLE-LMC-LPV-31829  14.069 17.061  106.30   0.097 1264      0.099  179.89   0.087
OGLE-LMC-LPV-31840  14.420 17.225  158.19   0.265  754.7    0.174  180.44   0.101
OGLE-LMC-LPV-31852  14.278 16.895  149.95   0.150  287.4    0.167  397.0    0.148
OGLE-LMC-LPV-31862  14.077 16.145   76.30   0.025 1239      0.038  471.5    0.028
OGLE-LMC-LPV-31863  14.510 17.841   98.53   0.149  103.63   0.092  526.0    0.062
OGLE-LMC-LPV-31888  13.512 15.867  152.94   0.128 1072      0.097 1515      0.092
OGLE-LMC-LPV-31892  14.151 17.503  264.2    0.150  549.5    0.156  420.0    0.105
OGLE-LMC-LPV-31904  14.281 17.313  111.17   0.201  206.0    0.161  119.62   0.100
OGLE-LMC-LPV-31929  13.728 15.989  145.92   0.142 1543      0.139  152.58   0.106
OGLE-LMC-LPV-31939  14.616 16.522   85.42   0.101   45.370  0.062   53.72   0.048
OGLE-LMC-LPV-31947  14.252 16.980   91.14   0.151 1190      0.094   93.47   0.081
OGLE-LMC-LPV-31949  14.815 16.580   47.103  0.034  187.97   0.042  298.8    0.038
OGLE-LMC-LPV-31954  14.007 16.405  142.93   0.116  397.3    0.071 1309      0.044
OGLE-LMC-LPV-31955  14.368 17.014  177.91   0.684 4464      0.177   95.08   0.107
OGLE-LMC-LPV-31961  14.036 16.515  156.47   0.117  293.4    0.092  989.1    0.086
OGLE-LMC-LPV-31965  14.413 17.315   81.83   0.083  888.9    0.115 1238      0.060
OGLE-LMC-LPV-31969  14.833 16.695   77.88   0.057   42.801  0.042   69.34   0.043
OGLE-LMC-LPV-31970  14.641 16.495  100.91   0.320  106.96   0.085   97.56   0.086
OGLE-LMC-LPV-31977  13.925 16.130  133.74   0.112  127.67   0.076  217.9    0.055
OGLE-LMC-LPV-31997  14.238 17.312  100.98   0.113  594.5    0.115  151.91   0.070
OGLE-LMC-LPV-32004  15.102 17.292   58.93   0.051  725.7    0.098  461.7    0.042
OGLE-LMC-LPV-32013  14.625 16.802   93.32   0.057  697.4    0.122  429.6    0.058
OGLE-LMC-LPV-32016  14.863 17.281  123.39   0.169  114.85   0.079  791.1    0.074
OGLE-LMC-LPV-32022  14.207 15.991  146.88   0.422 5076      0.165  132.78   0.118
OGLE-LMC-LPV-32051  13.843 16.125  270.1    0.233  153.68   0.111  148.41   0.090
OGLE-LMC-LPV-32066  14.090 17.167  198.65   0.329 3861      0.297  203.0    0.118
OGLE-LMC-LPV-32069  14.417 16.840   83.32   0.121  162.23   0.096 3891      0.082
OGLE-LMC-LPV-32070  14.231 16.459   74.64   0.040  496.0    0.070  129.35   0.058
OGLE-LMC-LPV-32076  13.085 15.442  135.92   0.065 2083      0.036   95.19   0.034
OGLE-LMC-LPV-32077  14.355 18.070  140.89   0.205  281.8    0.165  256.9    0.103
OGLE-LMC-LPV-32078  14.326 17.554   82.08   0.089   77.31   0.066 1022      0.065
OGLE-LMC-LPV-32081  14.427 17.021   98.20   0.095  511.5    0.229  445.2    0.117
OGLE-LMC-LPV-32084  14.196 17.360  205.0    0.142  513.9    0.136  723.6    0.094
OGLE-LMC-LPV-32090  14.137 17.076  203.7    0.209 2222      0.165  329.2    0.131
OGLE-LMC-LPV-32106  14.453 16.131   86.27   0.076  638.2    0.065   75.31   0.046
OGLE-LMC-LPV-32119  13.939 16.580  163.43   0.153 2257      0.218  262.9    0.082
OGLE-LMC-LPV-32121  14.830 16.982  138.17   0.085  126.29   0.069  133.14   0.058
OGLE-LMC-LPV-32126  14.228 17.467  128.28   0.298  253.3    0.217  269.0    0.125
OGLE-LMC-LPV-32131  14.185 17.425  233.1    0.427  431.0    0.121  256.9    0.108
OGLE-LMC-LPV-32138  14.631 16.282   47.547  0.078   97.01   0.046  666.2    0.037
OGLE-LMC-LPV-32149  14.979 17.665   75.36   0.186  141.88   0.073   92.35   0.072
OGLE-LMC-LPV-32159  14.858 17.236   61.91   0.166  112.28   0.098  709.2    0.081
OGLE-LMC-LPV-32199  14.419 17.277  162.80   0.140  896.9    0.128   90.76   0.120
OGLE-LMC-LPV-32211  14.364 17.772  119.23   0.381  195.31   0.151  506.6    0.129
OGLE-LMC-LPV-32230  14.582 16.878   94.76   0.058  291.5    0.076  173.10   0.044
OGLE-LMC-LPV-32231  15.773 17.733   65.96   0.128   62.37   0.083   60.19   0.063
OGLE-LMC-LPV-32236  15.173 17.668   64.81   0.189  114.44   0.084   68.43   0.070
OGLE-LMC-LPV-32238  14.483 17.490   88.28   0.116  607.5    0.065  135.59   0.063
OGLE-LMC-LPV-32247  14.959 16.892   45.615  0.034  645.6    0.030   67.67   0.029
OGLE-LMC-LPV-32249  14.634 18.353  115.92   0.258  720.5    0.166 1387      0.147
OGLE-LMC-LPV-32267  13.110 15.557  442.4    0.192  495.8    0.091 2732      0.081
OGLE-LMC-LPV-32268  14.007 16.473  272.7    0.176  311.1    0.120  648.9    0.056
OGLE-LMC-LPV-32271  14.106 16.904 1004      0.129  175.65   0.084 1553      0.075
OGLE-LMC-LPV-32293  14.266 16.813  310.2    0.786 1353      0.147  406.2    0.110
OGLE-LMC-LPV-32316  14.083 17.108  169.26   0.163  281.5    0.177  160.64   0.077
OGLE-LMC-LPV-32329  14.540 16.230  160.21   0.782  242.1    0.370  593.8    0.289
OGLE-LMC-LPV-32358  14.363 16.054   88.62   0.066   81.17   0.050   50.83   0.033
OGLE-LMC-LPV-32362  14.218 17.757   91.13   0.067 4310      0.229  589.6    0.134
OGLE-LMC-LPV-32363  13.954 16.364  151.10   0.104 1289      0.110  248.6    0.058
OGLE-LMC-LPV-32364  14.013 17.002  187.30   0.148 1828      0.127  347.5    0.095
OGLE-LMC-LPV-32377  14.316 16.971   83.40   0.146  199.28   0.065  395.4    0.049
OGLE-LMC-LPV-32381  13.797 16.044  119.33   0.106  115.69   0.092  875.7    0.087
OGLE-LMC-LPV-32391  14.258 16.657  174.99   0.178  158.60   0.100  187.02   0.075
OGLE-LMC-LPV-32403  14.092 17.042  108.23   0.352 1372      0.162 6849      0.126
OGLE-LMC-LPV-32425  13.897 16.759  135.92   0.124  235.8    0.098  207.3    0.067
OGLE-LMC-LPV-32429  13.986 17.266  113.53   0.090  799.4    0.248 1032      0.087
OGLE-LMC-LPV-32442  14.154 17.176  185.63   0.088 6250      0.143  528.3    0.090
OGLE-LMC-LPV-32483  14.362 17.156  159.41   0.112  476.0    0.079  141.40   0.058
OGLE-LMC-LPV-32497  14.402 16.938  142.57   0.234  264.6    0.124 2597      0.084
OGLE-LMC-LPV-32516  14.434 16.877  184.57   0.508  201.0    0.163  315.0    0.123
OGLE-LMC-LPV-32519  14.192 17.599  201.9    0.138 1344      0.127  145.33   0.060
OGLE-LMC-LPV-32528  15.230 17.686   46.298  0.071  309.3    0.082   45.629  0.035
OGLE-LMC-LPV-32537  13.214 15.504  195.99   0.133 1182      0.086  205.2    0.054
OGLE-LMC-LPV-32548  14.041 17.030  100.07   0.149   94.45   0.073  156.94   0.053
OGLE-LMC-LPV-32549  14.673 16.703   60.02   0.109   63.18   0.067   98.37   0.037
OGLE-LMC-LPV-32550  15.164 17.697  154.06   0.191 1059      0.202  697.8    0.189
OGLE-LMC-LPV-32551  14.249 16.916   91.43   0.178 1007      0.146  155.69   0.142
OGLE-LMC-LPV-32552  14.242 17.728  118.62   0.108  203.0    0.161  109.13   0.099
OGLE-LMC-LPV-32555  14.316 16.074  119.34   0.510  115.21   0.245  570.5    0.121
OGLE-LMC-LPV-32575  14.244 17.967  121.83   0.138  192.05   0.092  867.3    0.070
OGLE-LMC-LPV-32584  14.250 17.744  430.3    0.373 1289      0.176  188.79   0.081
OGLE-LMC-LPV-32595  13.983 16.688  905.7    0.269  530.8    0.070  109.34   0.050
OGLE-LMC-LPV-32604  14.438 16.873   79.27   0.090   77.38   0.067  587.5    0.046
OGLE-LMC-LPV-32605  14.269 16.843  262.4    0.130 1408      0.104 1106      0.072
OGLE-LMC-LPV-32614  14.195 16.166   94.56   0.172  980.4    0.084  165.56   0.063
OGLE-LMC-LPV-32620  13.604 16.594  414.4    0.170  907.4    0.113  348.1    0.089
OGLE-LMC-LPV-32625  14.390 17.411   78.06   0.088   85.46   0.077  144.68   0.080
OGLE-LMC-LPV-32629  13.907 16.650  106.89   0.122 1577      0.071  182.05   0.053
OGLE-LMC-LPV-32666  14.498 16.660   95.85   0.046  765.7    0.067   90.16   0.046
OGLE-LMC-LPV-32667  14.184 16.835  100.95   0.179  179.02   0.165 7463      0.089
OGLE-LMC-LPV-32675  14.490 16.949  211.0    0.364  287.7    0.134  740.2    0.077
OGLE-LMC-LPV-32680  14.662 16.557   57.27   0.058   56.16   0.049  650.2    0.046
OGLE-LMC-LPV-32687  14.057 16.946  302.8    0.200  279.4    0.086 2193      0.070
OGLE-LMC-LPV-32691  14.029 17.474  458.4    0.296  871.1    0.154  243.7    0.087
OGLE-LMC-LPV-32707  14.096 17.809  138.51   0.188  239.3    0.136  124.53   0.110
OGLE-LMC-LPV-32710  14.174 16.951   86.87   0.144  561.2    0.067   80.95   0.060
OGLE-LMC-LPV-32733  14.304 16.501  234.8    0.559  211.1    0.178 1678      0.157
OGLE-LMC-LPV-32735  14.290 17.837  245.9    0.492  193.80   0.160  719.4    0.173
OGLE-LMC-LPV-32742  14.328 17.265  193.77   0.277  213.6    0.099  102.68   0.078
OGLE-LMC-LPV-32743  14.664 16.382   83.35   0.157   46.518  0.083  612.0    0.058
OGLE-LMC-LPV-32746  14.476 16.943   77.37   0.086   76.44   0.059 5714      0.060
OGLE-LMC-LPV-32748  14.017 16.890  181.79   0.119 2262      0.109  171.17   0.079
OGLE-LMC-LPV-32763  13.988 16.872  207.9    0.274  115.96   0.101  247.1    0.074
OGLE-LMC-LPV-32770  14.404 17.397  173.58   0.159   99.22   0.089  103.98   0.097
OGLE-LMC-LPV-32775  14.107 17.503  196.96   0.157  398.2    0.135  644.7    0.107
OGLE-LMC-LPV-32781  14.189 17.369  102.65   0.113  745.7    0.149  162.81   0.110
OGLE-LMC-LPV-32790  14.447 17.749  202.9    0.344  190.55   0.211  212.3    0.138
OGLE-LMC-LPV-32796  14.159 16.486   99.77   0.055  400.3    0.071  874.9    0.050
OGLE-LMC-LPV-32799  13.989 16.475   75.95   0.063  777.0    0.093  570.8    0.056
OGLE-LMC-LPV-32809  14.072 17.251   98.07   0.058  615.4    0.138  336.7    0.064
OGLE-LMC-LPV-32812  14.213 16.695  210.3    0.715  101.34   0.203  236.4    0.173
OGLE-LMC-LPV-32816  16.023 19.710  457.3    0.702 3774      1.470  811.7    0.355
OGLE-LMC-LPV-32820  13.622 16.234  168.07   0.125 1312      0.228  269.8    0.114
OGLE-LMC-LPV-32823  14.285 16.724  247.9    0.205  226.0    0.102 1779      0.069
OGLE-LMC-LPV-32827  14.152 17.299  249.1    0.320  129.22   0.206  135.59   0.145
OGLE-LMC-LPV-32844  14.496 16.673   66.49   0.088  114.43   0.051   64.87   0.044
OGLE-LMC-LPV-32858  14.290 17.128   98.26   0.133  951.5    0.182  742.9    0.103
OGLE-LMC-LPV-32860  13.761 16.288  280.6    0.164 3922      0.095  148.70   0.089
OGLE-LMC-LPV-32865  14.446 16.721   73.56   0.260  868.1    0.091  130.65   0.084
OGLE-LMC-LPV-32873  13.788 16.896  412.5    0.341 1661      0.102  366.0    0.109
OGLE-LMC-LPV-32886  13.559 16.406  145.37   0.077  505.3    0.164  311.6    0.073
OGLE-LMC-LPV-32892  14.209 16.571  125.34   0.149  223.8    0.100  210.3    0.052
OGLE-LMC-LPV-32893  14.624 16.716   62.42   0.070   63.95   0.053  720.5    0.050
OGLE-LMC-LPV-32895  14.471 18.070  236.5    0.349  124.70   0.144  134.50   0.100
OGLE-LMC-LPV-32910  14.256 17.382  109.74   0.134 1104      0.087  113.78   0.073
OGLE-LMC-LPV-32911  14.098 16.830  168.99   0.256  523.0    0.100  603.1    0.070
OGLE-LMC-LPV-32918  13.971 16.713  155.42   0.131  555.6    0.132  101.53   0.092
OGLE-LMC-LPV-32927  14.493 16.462  111.65   0.151  985.2    0.077  106.91   0.075
OGLE-LMC-LPV-32929  14.426 17.049  185.80   0.410  199.08   0.151   95.90   0.079
OGLE-LMC-LPV-32932  14.167 17.845  123.13   0.206 1486      0.145  129.28   0.111
OGLE-LMC-LPV-32937  14.124 16.642  155.40   0.108  943.4    0.121  131.65   0.061
OGLE-LMC-LPV-32973  14.806 16.832   57.31   0.058  727.3    0.070  988.1    0.035
OGLE-LMC-LPV-32988  14.624 16.561  117.59   0.209  696.4    0.124  412.0    0.049
OGLE-LMC-LPV-32990  13.823 16.443  243.9    0.165 1003      0.133  142.39   0.107
OGLE-LMC-LPV-32991  14.270 17.198   99.35   0.293  180.64   0.116   91.87   0.101
OGLE-LMC-LPV-33007  14.237 17.594  104.96   0.100  587.5    0.121   99.94   0.073
OGLE-LMC-LPV-33010  15.279 17.700  211.9    0.765  204.4    0.569  349.3    0.291
OGLE-LMC-LPV-33011  14.572 16.604  100.45   0.050   89.09   0.037   57.64   0.030
OGLE-LMC-LPV-33014  13.969 16.381  137.13   0.114  241.2    0.083 3521      0.078
OGLE-LMC-LPV-33018  14.151 17.793  484.9    0.293 2747      0.147  227.6    0.121
OGLE-LMC-LPV-33019  13.889 17.073  107.37   0.108  769.2    0.121  112.08   0.094
OGLE-LMC-LPV-33037  14.246 17.029  212.3    0.206  203.4    0.119   99.59   0.066
OGLE-LMC-LPV-33039  14.230 16.718  288.8    0.373 4310      0.500 1174      0.352
OGLE-LMC-LPV-33064  14.340 18.304  136.13   0.134  240.7    0.137  158.13   0.081
OGLE-LMC-LPV-33077  13.992 17.473  169.16   0.113  850.3    0.072  113.42   0.056
OGLE-LMC-LPV-33081  13.895 16.985  214.8    0.189  427.0    0.134 1299      0.080
OGLE-LMC-LPV-33094  14.206 17.123   95.77   0.117  163.59   0.123 1114      0.113
OGLE-LMC-LPV-33102  14.694 16.548   99.37   0.262  542.3    0.116   92.82   0.086
OGLE-LMC-LPV-33105  14.342 16.741   69.78   0.054  389.4    0.090  507.6    0.056
OGLE-LMC-LPV-33106  14.749 16.766   63.78   0.046  396.2    0.039  107.75   0.037
OGLE-LMC-LPV-33110  13.999 16.517  232.7    0.134  134.99   0.101  144.91   0.056
OGLE-LMC-LPV-33125  13.879 16.757  203.1    0.186 1656      0.357 5650      0.218
OGLE-LMC-LPV-33130  19.379    -    419.5    0.616 4255      0.394  415.5    0.218
OGLE-LMC-LPV-33135  15.761 17.871   52.35   0.060 1080      0.189  341.3    0.143
OGLE-LMC-LPV-33162  14.279 16.715   82.11   0.293  143.58   0.127   76.96   0.109
OGLE-LMC-LPV-33172  14.287 17.076  134.83   0.098  425.7    0.132  622.7    0.078
OGLE-LMC-LPV-33175  13.787 16.542  195.39   0.161 2976      0.439  244.6    0.086
OGLE-LMC-LPV-33194  14.146 16.991  177.56   0.187  927.6    0.116  102.32   0.109
OGLE-LMC-LPV-33219  14.602 17.197  132.00   0.111  721.5    0.155   79.01   0.072
OGLE-LMC-LPV-33221  14.494 17.556  108.09   0.176  112.36   0.105  200.3    0.090
OGLE-LMC-LPV-33222  14.303 17.652  190.05   0.268 1013      0.173  102.34   0.153
OGLE-LMC-LPV-33229  14.821 17.352   70.98   0.090   73.32   0.053   99.79   0.054
OGLE-LMC-LPV-33239  14.698 17.725  192.03   0.491  100.75   0.313  177.78   0.144
OGLE-LMC-LPV-33250  14.017 17.379  221.1    0.256 1353      0.143  127.40   0.136
OGLE-LMC-LPV-33254  15.067 17.514   57.95   0.097  105.92   0.093  498.0    0.068
OGLE-LMC-LPV-33264  14.308 17.409   96.72   0.112  169.61   0.089  107.01   0.055
OGLE-LMC-LPV-33266  14.699 17.191  216.9    0.173 3717      0.260  125.06   0.080
OGLE-LMC-LPV-33285  13.480 15.883  150.81   0.073 1143      0.094  102.06   0.040
OGLE-LMC-LPV-33298  15.299 18.025   55.78   0.070  529.7    0.103  282.6    0.079
OGLE-LMC-LPV-33300  14.983 16.970   50.02   0.045   45.080  0.043 2717      0.030
OGLE-LMC-LPV-33303  14.421 16.658  197.46   0.501 5952      0.197  222.3    0.174
OGLE-LMC-LPV-33317  14.095 17.805  181.75   0.156  938.1    0.159   86.21   0.072
OGLE-LMC-LPV-33318  14.292 17.761  860.6    0.515 2179      0.144 4082      0.110
OGLE-LMC-LPV-33327  14.355 17.444   90.98   0.094  497.0    0.158  664.5    0.082
OGLE-LMC-LPV-33332  14.306 16.942   82.24   0.092 1802      0.139  209.2    0.065
OGLE-LMC-LPV-33334  14.196 17.219  156.32   0.153 1471      0.326 2890      0.086
OGLE-LMC-LPV-33355  14.983 16.777   59.01   0.042   64.97   0.035   61.26   0.036
OGLE-LMC-LPV-33356  14.123 17.143   86.10   0.100  780.6    0.135   83.21   0.065
OGLE-LMC-LPV-33362  14.517 16.261  118.30   0.518 4065      0.119  120.45   0.089
OGLE-LMC-LPV-33384  13.687 16.437  195.31   0.143 2457      0.186  313.2    0.104
OGLE-LMC-LPV-33386  14.006 17.420  227.8    0.184 2049      0.331  215.4    0.124
OGLE-LMC-LPV-33391  14.771 17.113  136.41   0.081 2786      0.102  407.3    0.079
OGLE-LMC-LPV-33399  14.290 17.391  229.0    0.285  120.03   0.157  126.21   0.116
OGLE-LMC-LPV-33413  14.319 16.747   80.34   0.093  407.8    0.121   71.13   0.064
OGLE-LMC-LPV-33441  14.212 17.889  139.83   0.198 1580      0.133  132.31   0.131
OGLE-LMC-LPV-33442  14.095 16.654  209.7    0.776  226.9    0.246 3289      0.252
OGLE-LMC-LPV-33443  14.873 18.238  214.4    0.564  225.3    0.436 5952      0.246
OGLE-LMC-LPV-33464  14.208 17.242   94.56   0.094  191.68   0.082  109.71   0.071
OGLE-LMC-LPV-33467  14.066 16.873  111.52   0.073 1848      0.189  253.0    0.085
OGLE-LMC-LPV-33470  14.284 17.608  105.56   0.140  898.5    0.092   94.39   0.067
OGLE-LMC-LPV-33478  14.433 16.546   66.78   0.049  339.0    0.057   62.45   0.037
OGLE-LMC-LPV-33485  15.303 17.816   49.361  0.060  311.7    0.070  449.6    0.044
OGLE-LMC-LPV-33517  14.569 16.684   90.84   0.048  303.9    0.057  374.8    0.057
OGLE-LMC-LPV-33518  14.214 17.105  157.61   0.163  595.6    0.115  139.10   0.085
OGLE-LMC-LPV-33520  15.245 16.911   35.973  0.031  143.33   0.031  281.0    0.032
OGLE-LMC-LPV-33522  14.287 17.303  206.0    0.313 1008      0.209  112.38   0.061
OGLE-LMC-LPV-33531  14.249 18.126  125.34   0.147  135.65   0.106  411.0    0.072
OGLE-LMC-LPV-33533  14.376 16.584  142.41   0.296   98.12   0.102  193.99   0.072
OGLE-LMC-LPV-33546  13.600 15.942  273.5    0.090 1364      0.091  374.5    0.054
OGLE-LMC-LPV-33547  14.126 17.071 1672      0.333  734.2    0.128  344.9    0.120
OGLE-LMC-LPV-33563  14.117 16.532  144.03   0.124  262.1    0.113  649.4    0.056
OGLE-LMC-LPV-33569  13.758 16.327 1143      0.163  154.66   0.087 1538      0.074
OGLE-LMC-LPV-33571  14.253 17.689  167.00   0.132  827.1    0.138 3003      0.074
OGLE-LMC-LPV-33594  14.716 17.068  172.92   0.123 2299      0.200  128.40   0.056
OGLE-LMC-LPV-33601  14.068 17.091  396.8    0.298  741.8    0.103  982.3    0.069
OGLE-LMC-LPV-33637  14.621 16.385   88.90   0.047  460.6    0.052   45.964  0.033
OGLE-LMC-LPV-33642  14.383 17.120  151.17   0.080 2217      0.270  346.9    0.086
OGLE-LMC-LPV-33645  14.113 17.438  115.68   0.134  530.8    0.062  757.6    0.071
OGLE-LMC-LPV-33665  14.035 16.934  410.0    0.311  307.9    0.197  664.5    0.139
OGLE-LMC-LPV-33666  13.990 17.020  377.7    0.273 1730      0.165  427.4    0.087
OGLE-LMC-LPV-33688  15.357 17.111  216.3    0.585 2066      1.022 3937      0.776
OGLE-LMC-LPV-33700  15.158 17.899   93.47   0.087  394.0    0.109   59.28   0.063
OGLE-LMC-LPV-33705  14.068 16.494  125.16   0.055 1099      0.095 1748      0.045
OGLE-LMC-LPV-33707  14.356 17.073  162.69   0.106  179.18   0.067 1366      0.065
OGLE-LMC-LPV-33723  14.176 16.808   95.98   0.161 1477      0.110  147.54   0.091
OGLE-LMC-LPV-33749  14.052 17.523  459.9    0.604 1126      0.138  300.2    0.083
OGLE-LMC-LPV-33761  14.104 16.950  172.00   0.216  738.0    0.177  281.3    0.120
OGLE-LMC-LPV-33767  14.327 17.035   93.76   0.068  449.0    0.074   90.32   0.047
OGLE-LMC-LPV-33782  15.244 18.721  163.56   0.176 3906      0.178  495.8    0.078
OGLE-LMC-LPV-33804  14.160 16.889  303.7    0.295  166.09   0.124  389.7    0.107
OGLE-LMC-LPV-33815  15.112 16.867   50.25   0.037  456.2    0.046   78.93   0.032
OGLE-LMC-LPV-33833  13.641 16.925  239.6    0.122 3030      0.126 1208      0.083
OGLE-LMC-LPV-33859  14.954 16.611   48.671  0.017  267.8    0.029  226.3    0.026
OGLE-LMC-LPV-33871  14.321 16.951   69.59   0.040  480.8    0.088  348.9    0.071
OGLE-LMC-LPV-33872  15.296 18.251  149.93   0.067 6711      2.157 1295      0.575
OGLE-LMC-LPV-33883  13.475 15.788  163.49   0.174  749.1    0.131 1307      0.129
OGLE-LMC-LPV-33890  13.902 16.870  193.58   0.110 6289      0.147 1119      0.079
OGLE-LMC-LPV-33905  14.222 17.958  132.16   0.282  219.3    0.147  127.10   0.141
OGLE-LMC-LPV-33907  14.703 16.428   72.65   0.048  403.2    0.037   47.982  0.025
OGLE-LMC-LPV-33908  14.419 17.217   87.63   0.148 1439      0.099  150.49   0.078
OGLE-LMC-LPV-33912  13.718 16.965  254.1    0.220 1664      0.342  412.7    0.232
OGLE-LMC-LPV-33913  13.877 16.484  156.35   0.201  576.0    0.084  145.20   0.082
OGLE-LMC-LPV-33928  14.065 16.235   74.91   0.042 3953      0.042  255.4    0.029
OGLE-LMC-LPV-33936  14.330 17.260  288.6    0.294 1119      0.193  169.32   0.114
OGLE-LMC-LPV-33942  14.070 16.955  188.24   0.165  306.5    0.171  178.28   0.137
OGLE-LMC-LPV-33984  14.238 17.266  233.6    0.531  221.8    0.169  119.46   0.091
OGLE-LMC-LPV-34005  14.534 17.464   93.72   0.092   89.45   0.075   96.97   0.070
OGLE-LMC-LPV-34016  14.233 17.039  214.8    0.150  168.27   0.081  130.31   0.068
OGLE-LMC-LPV-34020  14.148 16.278  165.53   0.599  219.7    0.241  949.7    0.142
OGLE-LMC-LPV-34023  14.460 17.269   87.18   0.129   82.05   0.076 1681      0.079
OGLE-LMC-LPV-34033  13.893 16.363  145.16   0.101  572.4    0.116  136.31   0.081
OGLE-LMC-LPV-34036  14.772 16.680  112.89   0.520   50.63   0.075  425.4    0.071
OGLE-LMC-LPV-34054  14.107 17.309  187.20   0.164 1605      0.215  395.3    0.160
OGLE-LMC-LPV-34057  13.277 16.297  271.7    0.275 2141      0.236  575.7    0.140
OGLE-LMC-LPV-34069  14.086 16.662  221.8    0.559  115.07   0.153  238.6    0.122
OGLE-LMC-LPV-34072  14.301 17.221  155.58   0.176 3344      0.168  165.37   0.113
OGLE-LMC-LPV-34087  14.138 17.395  402.3    0.284 1618      0.199  233.6    0.151
OGLE-LMC-LPV-34092  14.189 17.107 1260      0.291 1017      0.110  171.94   0.075
OGLE-LMC-LPV-34100  13.942 16.697  230.3    0.449  204.8    0.120  416.0    0.081
OGLE-LMC-LPV-34103  14.126 15.706   87.92   0.300   80.31   0.180   82.80   0.174
OGLE-LMC-LPV-34121  14.586 16.778   68.46   0.244  127.11   0.113  572.7    0.072
OGLE-LMC-LPV-34131  15.422 18.953  350.2    0.703 1261      0.530 2558      0.345
OGLE-LMC-LPV-34136  14.017 16.706  122.85   0.064  334.8    0.098 1433      0.071
OGLE-LMC-LPV-34141  14.488 16.906   74.95   0.080  485.7    0.107  423.2    0.061
OGLE-LMC-LPV-34149  15.031 17.717  133.09   0.676  152.39   0.380 2755      0.262
OGLE-LMC-LPV-34151  14.673 16.793   59.74   0.062  495.0    0.077  197.94   0.033
OGLE-LMC-LPV-34156  14.373 17.295   96.24   0.186   98.64   0.104   94.60   0.099
OGLE-LMC-LPV-34157  13.726 16.208 1167      0.309  146.86   0.088   95.79   0.041
OGLE-LMC-LPV-34178  14.801 18.225   86.75   0.081 7299      0.176  588.9    0.162
OGLE-LMC-LPV-34186  14.568 16.727  197.71   0.116  506.3    0.095  158.70   0.063
OGLE-LMC-LPV-34223  14.043 16.412  120.90   0.054 1458      0.060  200.8    0.040
OGLE-LMC-LPV-34228  14.683 16.881   68.60   0.113  706.2    0.078  121.65   0.069
OGLE-LMC-LPV-34230  14.726 17.161   91.81   0.049  468.4    0.061  193.31   0.045
OGLE-LMC-LPV-34234  14.242 17.208  238.5    0.194 1028      0.179   96.90   0.073
OGLE-LMC-LPV-34235  14.198 17.330  178.89   0.101  110.01   0.089 2786      0.059
OGLE-LMC-LPV-34239  14.296 17.075  132.29   0.091  587.5    0.140  466.9    0.090
OGLE-LMC-LPV-34241  14.203 17.000   97.75   0.120 1144      0.086  171.14   0.078
OGLE-LMC-LPV-34244  13.514 16.193  215.4    0.127 2778      0.162  271.9    0.078
OGLE-LMC-LPV-34249  14.992 16.603   67.95   0.106   62.06   0.046   39.817  0.046
OGLE-LMC-LPV-34250  14.044 16.864  102.63   0.157  119.66   0.073  872.6    0.072
OGLE-LMC-LPV-34258  13.800 16.146  138.00   0.073  780.0    0.073  513.6    0.052
OGLE-LMC-LPV-34262  13.123 15.674 1540      0.235  167.14   0.073  178.51   0.071
OGLE-LMC-LPV-34277  14.109 17.119  184.88   0.137  300.4    0.105  196.08   0.102
OGLE-LMC-LPV-34278  14.018 17.122  328.4    0.205 1008      0.119 2538      0.104
OGLE-LMC-LPV-34281  13.388 16.342  237.7    0.120 2381      0.189 1613      0.096
OGLE-LMC-LPV-34296  14.866 17.207  152.84   0.173  126.58   0.077  316.6    0.066
OGLE-LMC-LPV-34305  14.256 17.147  301.3    0.194 1018      0.139  173.67   0.106
OGLE-LMC-LPV-34313  14.040 17.198  108.40   0.120  485.4    0.084  104.22   0.064
OGLE-LMC-LPV-34340  14.493 17.171   78.09   0.059  664.0    0.109   89.45   0.044
OGLE-LMC-LPV-34341  14.006 17.102  353.1    0.351 2427      0.131  186.19   0.113
OGLE-LMC-LPV-34353  14.668 16.905   78.91   0.054  932.0    0.105  266.3    0.047
OGLE-LMC-LPV-34364  15.094 17.697  882.6    0.259  730.5    0.151 1064      0.083
OGLE-LMC-LPV-34375  14.908 17.103   51.78   0.058  581.4    0.063  170.33   0.037
OGLE-LMC-LPV-34376  14.239 16.511 1055      0.270  796.2    0.068  113.56   0.068
OGLE-LMC-LPV-34382  14.607 16.383   98.10   0.183   96.17   0.131  567.9    0.095
OGLE-LMC-LPV-34383  14.322 17.168  171.51   0.220 1264      0.109  187.65   0.094
OGLE-LMC-LPV-34392  14.349 17.165  101.24   0.094  441.7    0.161  547.9    0.066
OGLE-LMC-LPV-34402  14.054 16.418  127.83   0.111  903.3    0.162  121.95   0.064
OGLE-LMC-LPV-34409  13.629 15.950  141.99   0.100 3717      0.063  134.01   0.037
OGLE-LMC-LPV-34413  14.687 18.119  102.13   0.334 1757      0.171  104.92   0.107
OGLE-LMC-LPV-34417  16.157 19.669  514.7    0.692 2427      1.472  216.5    0.350
OGLE-LMC-LPV-34425  14.181 16.191  182.95   0.569  176.58   0.145  190.59   0.137
OGLE-LMC-LPV-34432  14.018 16.771  233.1    0.592  120.80   0.142  251.1    0.115
OGLE-LMC-LPV-34433  14.326 17.977  825.7    0.506  111.16   0.122 1076      0.091
OGLE-LMC-LPV-34451  14.579 16.240   70.18   0.041   75.67   0.029   46.200  0.023
OGLE-LMC-LPV-34454  14.496 16.851  112.36   0.051  334.3    0.066   73.51   0.037
OGLE-LMC-LPV-34456  14.713 17.256   78.52   0.115  906.6    0.100  139.96   0.069
OGLE-LMC-LPV-34462  13.238 15.748  199.15   0.186 1106      0.190  308.0    0.087
OGLE-LMC-LPV-34465  13.868 16.402  950.6    0.403 1988      0.091  519.2    0.071
OGLE-LMC-LPV-34475  14.166 16.786   95.69   0.062  684.0    0.066  207.8    0.059
OGLE-LMC-LPV-34478  14.071    -    247.4    0.216 1701      0.100  103.24   0.064
OGLE-LMC-LPV-34482  14.970 17.036   61.64   0.042  284.2    0.051  664.9    0.038
OGLE-LMC-LPV-34488  13.888 16.506  169.46   0.154 2146      0.174  163.88   0.157
OGLE-LMC-LPV-34492  14.688 16.313   61.71   0.035   41.242  0.027  289.2    0.025
OGLE-LMC-LPV-34500  14.063 16.524  114.95   0.083  322.8    0.046  210.4    0.032
OGLE-LMC-LPV-34503  14.014 17.139  189.07   0.100  279.5    0.095  460.8    0.085
OGLE-LMC-LPV-34508  14.342 16.933   78.99   0.074  820.3    0.058  124.56   0.054
OGLE-LMC-LPV-34514  14.143 17.327  219.3    0.268  120.61   0.171  728.9    0.119
OGLE-LMC-LPV-34523  13.401 15.796  164.91   0.115 3279      0.130  254.2    0.073
OGLE-LMC-LPV-34524  14.489 16.950  211.0    0.701  239.6    0.152 1299      0.135
OGLE-LMC-LPV-34543  14.502 17.253   68.53   0.071  206.1    0.061  567.9    0.037
OGLE-LMC-LPV-34554  14.569 16.562  109.56   0.663  134.95   0.234  167.25   0.139
OGLE-LMC-LPV-34556  20.389 21.350  471.8    0.693 3717      0.236  387.6    0.111
OGLE-LMC-LPV-34579  13.976 17.055  116.28   0.162  194.97   0.111  119.63   0.089
OGLE-LMC-LPV-34582  14.280 16.701  186.85   0.089  732.6    0.089 1366      0.062
OGLE-LMC-LPV-34597  14.220 17.178  185.69   0.069   78.19   0.045  337.4    0.036
OGLE-LMC-LPV-34598  14.043 17.051  193.16   0.157 2024      0.191 1244      0.099
OGLE-LMC-LPV-34607  14.203 17.667  133.48   0.175  128.37   0.202  252.4    0.155
OGLE-LMC-LPV-34615  14.157 17.751  126.40   0.217  141.80   0.096  118.40   0.078
OGLE-LMC-LPV-34632  14.178 17.015  102.99   0.138  745.7    0.096  120.80   0.080
OGLE-LMC-LPV-34633  14.003 17.246  767.7    0.226   96.66   0.076  100.35   0.070
OGLE-LMC-LPV-34641  14.237 16.274  229.7    0.464 4065      0.341  215.1    0.292
OGLE-LMC-LPV-34644  14.048 16.727  195.00   0.097  159.13   0.067   92.06   0.063
OGLE-LMC-LPV-34655  13.860 16.267  210.0    0.093 1071      0.069  135.15   0.065
OGLE-LMC-LPV-34673  14.211 17.030   98.26   0.087  160.75   0.083   91.17   0.073
OGLE-LMC-LPV-34697  14.143 17.364  162.64   0.117 1282      0.089  241.1    0.048
OGLE-LMC-LPV-34702  14.050 16.480  274.4    0.570 7194      0.221 1044      0.071
OGLE-LMC-LPV-34719  14.226 16.658  113.22   0.060  959.7    0.115  174.92   0.068
OGLE-LMC-LPV-34761  14.734 16.305   76.52   0.209   63.58   0.078  549.8    0.068
OGLE-LMC-LPV-34769  13.997 16.743  104.48   0.119  194.25   0.104  206.0    0.112
OGLE-LMC-LPV-34786  14.531 16.346   56.00   0.072   98.55   0.049   55.37   0.044
OGLE-LMC-LPV-34795  14.157 17.089  103.28   0.289 1120      0.136  108.34   0.070
OGLE-LMC-LPV-34810  14.408 16.577  137.45   0.696  163.03   0.126   72.48   0.094
OGLE-LMC-LPV-34832  14.511 18.174  261.0    0.779  250.5    0.155  128.21   0.137
OGLE-LMC-LPV-34833  14.197 17.062  159.14   0.247  182.45   0.108  934.6    0.104
OGLE-LMC-LPV-34864  14.284 16.816  137.79   0.219  264.6    0.175 2353      0.170
OGLE-LMC-LPV-34865  15.017 17.869  720.5    0.560 4274      0.332  255.4    0.105
OGLE-LMC-LPV-34869  14.239 17.457   85.06   0.093  227.8    0.148 1441      0.114
OGLE-LMC-LPV-34871  14.728 16.825   64.87   0.058  109.60   0.046 3968      0.043
OGLE-LMC-LPV-34879  14.443 16.869  241.6    0.331  261.4    0.161  126.55   0.130
OGLE-LMC-LPV-34889  14.097 16.504  292.6    0.564  313.4    0.140  255.8    0.095
OGLE-LMC-LPV-34917  14.481 16.977  108.61   0.060  641.4    0.072   64.58   0.045
OGLE-LMC-LPV-34919  14.748 16.801  118.56   0.104  115.54   0.081  110.63   0.060
OGLE-LMC-LPV-34951  14.100 17.410  190.56   0.146 3937      0.119  110.89   0.107
OGLE-LMC-LPV-34957  14.231 16.597   95.47   0.082 1117      0.093  157.58   0.048
OGLE-LMC-LPV-34973  14.279 16.692  249.8    0.481  261.2    0.230  238.9    0.119
OGLE-LMC-LPV-34974  14.162 17.198  196.38   0.205  182.38   0.102 1712      0.085
OGLE-LMC-LPV-34993  12.620 15.892  418.8    0.443  248.3    0.218 1167      0.099
OGLE-LMC-LPV-34994  15.265 18.042   59.58   0.121  621.1    0.120 1712      0.049
OGLE-LMC-LPV-34996  14.181 16.838   89.17   0.069  469.7    0.103  196.35   0.075
OGLE-LMC-LPV-34997  14.513 17.278  399.0    0.397  339.9    0.226 1821      0.175
OGLE-LMC-LPV-35005  16.313 19.984  381.7    0.736 3268      1.308  881.1    0.663
OGLE-LMC-LPV-35015  13.899 16.496  111.24   0.190  210.1    0.096  725.7    0.090
OGLE-LMC-LPV-35027  14.003 17.653  121.05   0.119  782.5    0.133  126.44   0.062
OGLE-LMC-LPV-35033  13.937 17.238  122.99   0.118  626.2    0.100  282.6    0.068
OGLE-LMC-LPV-35041  15.223 17.076   63.33   0.038  175.75   0.027   56.34   0.024
OGLE-LMC-LPV-35052  14.231 17.121   91.58   0.067 1045      0.111  139.37   0.059
OGLE-LMC-LPV-35056  14.588 16.282   49.911  0.031  338.3    0.028  300.6    0.022
OGLE-LMC-LPV-35075  15.381 17.754   93.91   0.157  100.86   0.103   51.49   0.087
OGLE-LMC-LPV-35078  13.946 17.487  132.26   0.170  226.9    0.166  939.0    0.102
OGLE-LMC-LPV-35087  15.328 18.593  270.1    0.798 3597      0.815  257.5    0.178
OGLE-LMC-LPV-35088  14.315 17.235  163.09   0.102 1085      0.131  700.3    0.072
OGLE-LMC-LPV-35113  14.200 17.805  111.21   0.097  179.18   0.073  222.5    0.050
OGLE-LMC-LPV-35114  14.527 16.967  223.0    0.222  208.6    0.129  184.57   0.062
OGLE-LMC-LPV-35120  14.806 16.539   68.74   0.037  348.4    0.034 1783      0.020
OGLE-LMC-LPV-35122  14.560 18.050  104.92   0.081  613.5    0.197  735.8    0.154
OGLE-LMC-LPV-35127  14.190 16.565   94.49   0.062 1299      0.145   99.98   0.057
OGLE-LMC-LPV-35134  14.264 18.151  125.70   0.161  119.05   0.104  759.9    0.083
OGLE-LMC-LPV-35137  14.115 16.466  113.16   0.128  783.1    0.099  626.2    0.070
OGLE-LMC-LPV-35140  14.705 16.725   90.09   0.041  613.9    0.057   98.36   0.049
OGLE-LMC-LPV-35153  14.098 16.628   93.66   0.117  168.92   0.118   99.37   0.099
OGLE-LMC-LPV-35167  14.365 17.111  165.50   0.321   90.11   0.184   93.79   0.141
OGLE-LMC-LPV-35190  14.495 17.609  123.00   0.100 3968      0.219  576.4    0.138
OGLE-LMC-LPV-35200  15.022 17.776  201.5    0.289  111.67   0.135 1250      0.101
OGLE-LMC-LPV-35202  14.667 16.648  134.04   0.670 4902      0.326  146.24   0.182
OGLE-LMC-LPV-35203  14.183 16.704  204.8    0.172  114.81   0.094  110.34   0.055
OGLE-LMC-LPV-35217  14.164 16.771  176.36   0.186  100.45   0.065 1054      0.065
OGLE-LMC-LPV-35219  14.037 16.704  144.79   0.118 1451      0.173  139.92   0.107
OGLE-LMC-LPV-35220  14.638 16.740   88.80   0.045  384.2    0.071 3831      0.049
OGLE-LMC-LPV-35222  14.209 16.602  297.3    0.442  330.5    0.116  266.0    0.074
OGLE-LMC-LPV-35225  14.471 16.697   99.38   0.050  657.5    0.050  476.2    0.040
OGLE-LMC-LPV-35247  14.237 17.681  235.0    0.186  456.2    0.223  521.4    0.111
OGLE-LMC-LPV-35254  14.837 17.037   98.77   0.044  401.4    0.103  263.4    0.098
OGLE-LMC-LPV-35256  14.185 16.561  123.09   0.076  404.4    0.073   75.75   0.044
OGLE-LMC-LPV-35262  14.253 17.529  358.0    0.223  417.2    0.220 1107      0.136
OGLE-LMC-LPV-35267  13.988 16.468   90.90   0.098 1200      0.111  160.26   0.061
OGLE-LMC-LPV-35269  15.035 18.991  166.87   0.113 1513      0.059  877.2    0.064
OGLE-LMC-LPV-35284  14.065 16.918  107.59   0.279  196.70   0.131  212.4    0.094
OGLE-LMC-LPV-35286  14.992 16.707   40.833  0.041   61.34   0.037   39.513  0.034
OGLE-LMC-LPV-35288  14.509 16.162   94.85   0.265   98.04   0.088   93.29   0.052
OGLE-LMC-LPV-35293  13.901 16.503  136.78   0.066 1020      0.174  722.5    0.089
OGLE-LMC-LPV-35319  14.756 18.062  200.7    0.209  901.7    0.214  377.6    0.155
OGLE-LMC-LPV-35321  14.163 17.400  113.08   0.143  219.4    0.172  123.50   0.135
OGLE-LMC-LPV-35336  14.199 17.458  403.4    0.536  289.9    0.090  487.3    0.087
OGLE-LMC-LPV-35360  13.831 16.310  155.96   0.088 1048      0.099 1318      0.073
OGLE-LMC-LPV-35379  14.251 16.706   92.39   0.209  161.79   0.108   96.04   0.089
OGLE-LMC-LPV-35385  14.096 17.695  118.43   0.149  197.08   0.124  257.4    0.062
OGLE-LMC-LPV-35386  16.204 20.833  120.74   0.161 1247      0.128  132.42   0.105
OGLE-LMC-LPV-35400  14.192 16.402  115.90   0.080 1838      0.155  200.8    0.039
OGLE-LMC-LPV-35404  14.471 16.885  109.84   0.061   72.66   0.042  118.65   0.035
OGLE-LMC-LPV-35420  13.888 16.488  242.8    0.141  953.3    0.255  550.7    0.141
OGLE-LMC-LPV-35437  14.351 16.506  148.21   0.189   76.82   0.145  139.98   0.072
OGLE-LMC-LPV-35443  14.430 16.935   77.58   0.136   81.33   0.072  761.0    0.058
OGLE-LMC-LPV-35453  14.695 16.500   51.88   0.078  624.2    0.051   78.94   0.043
OGLE-LMC-LPV-35457  14.185 17.660  417.4    0.668 1374      0.196  571.8    0.128
OGLE-LMC-LPV-35460  14.179 17.747  240.8    0.323  211.1    0.135  250.6    0.091
OGLE-LMC-LPV-35462  14.095 17.551  105.49   0.163  101.92   0.088  862.8    0.079
OGLE-LMC-LPV-35469  15.889 19.021  502.0    0.747 4566      1.851  712.8    0.366
OGLE-LMC-LPV-35475  13.977 17.315  180.67   0.243 2232      0.260  328.3    0.093
OGLE-LMC-LPV-35482  14.350 16.565  121.32   0.154  224.8    0.197  278.8    0.086
OGLE-LMC-LPV-35488  14.084 17.177  112.12   0.140  176.12   0.089  385.5    0.073
OGLE-LMC-LPV-35504  14.218 16.704  165.37   0.086  360.6    0.103 1379      0.080
OGLE-LMC-LPV-35522  15.508 19.021  256.4    0.149 1193      0.312 6897      0.232
OGLE-LMC-LPV-35531  14.118 17.099  369.4    0.423 1036      0.158  164.80   0.111
OGLE-LMC-LPV-35535  14.176 17.088  382.9    0.213 1289      0.200  300.1    0.190
OGLE-LMC-LPV-35538  14.659 16.815  111.96   0.065  223.0    0.044  284.1    0.051
OGLE-LMC-LPV-35553  14.358 17.116   83.91   0.156  140.04   0.099   85.07   0.083
OGLE-LMC-LPV-35561  14.034 16.684  147.17   0.113  255.2    0.103 1656      0.084
OGLE-LMC-LPV-35562  14.093 16.543  146.65   0.087 1761      0.127  240.8    0.078
OGLE-LMC-LPV-35569  13.948 17.350  230.5    0.194  441.9    0.168  763.9    0.105
OGLE-LMC-LPV-35583  14.953 16.752   74.10   0.380   75.66   0.202  339.9    0.152
OGLE-LMC-LPV-35604  14.136 17.483  456.4    0.274 1383      0.236  524.7    0.163
OGLE-LMC-LPV-35612  14.438 16.754  162.24   0.612  155.67   0.398 1048      0.235
OGLE-LMC-LPV-35623  14.053 17.048  342.4    0.214 1114      0.126  194.78   0.104
OGLE-LMC-LPV-35640  14.377 16.743  136.13   0.128 1464      0.178  971.8    0.089
OGLE-LMC-LPV-35681  14.267 16.931  233.9    0.184 1017      0.076  262.8    0.055
OGLE-LMC-LPV-35689  14.375 17.805  109.72   0.133  794.3    0.101  106.10   0.070
OGLE-LMC-LPV-35697  14.571 16.276   76.02   0.046  423.5    0.032   43.898  0.031
OGLE-LMC-LPV-35701  14.516 16.930  142.05   0.081  870.3    0.236  142.84   0.092
OGLE-LMC-LPV-35703  13.934 16.512  303.7    0.100  175.13   0.066 1447      0.068
OGLE-LMC-LPV-35706  14.571 17.117   92.46   0.072  394.8    0.145  493.3    0.093
OGLE-LMC-LPV-35722  14.077 16.858  314.0    0.190  174.98   0.118  369.1    0.093
OGLE-LMC-LPV-35726  14.919 16.848   81.21   0.136   84.62   0.094   49.731  0.066
OGLE-LMC-LPV-35737  14.420 17.567   99.42   0.156  297.5    0.089   96.00   0.066
OGLE-LMC-LPV-35746  13.943 17.094  128.99   0.175  344.8    0.099  226.9    0.084
OGLE-LMC-LPV-35748  14.526 17.512   86.21   0.064  294.0    0.088  613.9    0.070
OGLE-LMC-LPV-35750  14.344 16.779  220.6    0.344  163.85   0.160 3663      0.131
OGLE-LMC-LPV-35765  13.942 16.582  151.13   0.101 1110      0.170 1767      0.086
OGLE-LMC-LPV-35773  15.692 18.126   45.339  0.094  537.1    0.059   71.73   0.049
OGLE-LMC-LPV-35795  15.027 17.421   74.50   0.051  512.0    0.119  795.5    0.135
OGLE-LMC-LPV-35832  14.324 17.017   85.94   0.149  549.8    0.123   88.83   0.100
OGLE-LMC-LPV-35840  14.704 16.997  206.6    0.313  136.87   0.087  112.70   0.074
OGLE-LMC-LPV-35846  14.059 17.445  136.48   0.125  208.1    0.100  230.8    0.095
OGLE-LMC-LPV-35854  14.544 16.935  180.80   0.104  115.15   0.057  210.8    0.046
OGLE-LMC-LPV-35858  14.747 17.216   61.00   0.049  316.0    0.075  418.8    0.049
OGLE-LMC-LPV-35876  14.307 16.943  139.84   0.071  619.6    0.127  387.7    0.096
OGLE-LMC-LPV-35877  14.972 16.814   67.39   0.039   72.17   0.022   68.75   0.021
OGLE-LMC-LPV-35888  14.093 17.147  411.6    0.400  514.7    0.178 7353      0.135
OGLE-LMC-LPV-35912  14.382 17.560  183.92   0.160  917.4    0.161 1247      0.135
OGLE-LMC-LPV-35918  14.278 17.272  178.86   0.225  101.98   0.172  192.01   0.158
OGLE-LMC-LPV-35919  14.276 17.564  194.70   0.179 1010      0.154  204.1    0.110
OGLE-LMC-LPV-35922  14.178 16.992   94.91   0.216 3953      0.105  123.66   0.092
OGLE-LMC-LPV-35927  14.086 17.465  127.39   0.192  885.7    0.188  188.86   0.090
OGLE-LMC-LPV-35928  14.853 17.414  154.40   0.791 4348      0.242  188.22   0.149
OGLE-LMC-LPV-35930  14.452 16.667   99.51   0.144  727.8    0.170  172.27   0.116
OGLE-LMC-LPV-35936  14.030 16.647  146.44   0.140 3226      0.520  731.0    0.323
OGLE-LMC-LPV-35940  14.379 17.736  111.78   0.149 1312      0.127  187.72   0.088
OGLE-LMC-LPV-35944  14.310 17.023  165.39   0.193   97.43   0.093  148.57   0.070
OGLE-LMC-LPV-35952  14.704 16.927   66.57   0.041  324.9    0.056  562.1    0.040
OGLE-LMC-LPV-35960  13.246 16.166  287.3    0.403  584.5    0.370 3636      0.160
OGLE-LMC-LPV-35974  14.276 17.580  321.5    0.138 3802      0.135  175.84   0.067
OGLE-LMC-LPV-35978  14.498 16.423   77.84   0.094  646.8    0.111  130.68   0.074
OGLE-LMC-LPV-35990  14.741 17.051  112.79   0.071  892.9    0.325  502.5    0.195
OGLE-LMC-LPV-35991  15.050 17.619   64.29   0.097  111.63   0.071  602.8    0.062
OGLE-LMC-LPV-36002  14.265 17.321  211.5    0.302  109.93   0.140  194.06   0.096
OGLE-LMC-LPV-36003  14.498 17.794  158.15   0.078  744.6    0.451  994.0    0.149
OGLE-LMC-LPV-36006  14.779 17.524  303.6    0.193  338.5    0.126  364.7    0.106
OGLE-LMC-LPV-36007  14.203 16.936  281.8    0.190  877.2    0.097  150.06   0.091
OGLE-LMC-LPV-36015  15.025 16.876   78.98   0.222   82.01   0.181   93.24   0.139
OGLE-LMC-LPV-36049  13.546 16.515  281.3    0.257 3704      0.140  259.9    0.119
OGLE-LMC-LPV-36058  13.869 16.666  275.1    0.186 1608      0.160 2217      0.091
OGLE-LMC-LPV-36073  13.382 15.743  135.98   0.059 2326      0.080  123.73   0.043
OGLE-LMC-LPV-36081  14.248 16.597   79.90   0.166 1040      0.069   77.56   0.060
OGLE-LMC-LPV-36087  13.811 17.054  230.8    0.205 3289      0.112  185.22   0.065
OGLE-LMC-LPV-36094  14.629 16.837   60.74   0.055  551.3    0.058  101.25   0.041
OGLE-LMC-LPV-36099  14.163 16.968   98.61   0.139  469.5    0.122   91.93   0.058
OGLE-LMC-LPV-36149  14.123 16.442  117.97   0.080  786.8    0.073  109.71   0.059
OGLE-LMC-LPV-36153  14.160 16.977  186.61   0.223  103.48   0.163  461.7    0.083
OGLE-LMC-LPV-36154  13.816 16.776  211.3    0.120  294.8    0.171  192.75   0.135
OGLE-LMC-LPV-36158  13.381 15.854  284.4    0.122  872.6    0.067  149.12   0.048
OGLE-LMC-LPV-36160  14.131 16.357  120.82   0.085 1190      0.118 2309      0.064
OGLE-LMC-LPV-36189  14.105 17.245  251.4    0.577  130.09   0.275  270.3    0.193
OGLE-LMC-LPV-36198  13.868 16.051  971.7    0.126  107.64   0.073  416.7    0.046
OGLE-LMC-LPV-36226  14.174 16.910  336.3    0.629  908.3    0.250  159.34   0.139
OGLE-LMC-LPV-36230  14.863 17.043   58.80   0.028   91.81   0.034  302.6    0.025
OGLE-LMC-LPV-36240  14.101 17.390  374.0    0.251  202.5    0.134  965.3    0.125
OGLE-LMC-LPV-36241  14.742 16.928   67.50   0.053  566.9    0.043   58.45   0.036
OGLE-LMC-LPV-36242  15.009 17.064  107.07   0.457   99.98   0.173   95.76   0.129
OGLE-LMC-LPV-36249  14.332 17.044   91.45   0.332 1101      0.128  133.60   0.120
OGLE-LMC-LPV-36282  14.791 16.953   62.97   0.045  535.6    0.102  432.3    0.065
OGLE-LMC-LPV-36287  14.161 17.518  420.7    0.221  285.1    0.151  360.0    0.107
OGLE-LMC-LPV-36290  14.171 16.551  114.60   0.088 1205      0.129  120.03   0.080
OGLE-LMC-LPV-36297  15.066 17.473  117.01   0.081  145.69   0.070  483.6    0.059
OGLE-LMC-LPV-36307  14.148 16.755  168.35   0.183 1136      0.131   93.02   0.108
OGLE-LMC-LPV-36332  14.503 17.477   93.00   0.079  444.0    0.106  367.1    0.100
OGLE-LMC-LPV-36339  14.090 17.976  126.90   0.095  722.5    0.133 1493      0.110
OGLE-LMC-LPV-36340  14.721 16.949   93.29   0.092  691.6    0.082  170.39   0.065
OGLE-LMC-LPV-36342  14.270 17.296   95.01   0.059  110.94   0.074 3717      0.057
OGLE-LMC-LPV-36351  14.317 16.543  105.01   0.110 1167      0.077   99.58   0.054
OGLE-LMC-LPV-36364  14.088 17.136  110.55   0.167  421.8    0.105  223.1    0.057
OGLE-LMC-LPV-36374  14.486 16.883  190.87   0.286  184.06   0.104  178.09   0.091
OGLE-LMC-LPV-36391  15.284 17.935   89.94   0.090   61.09   0.054   57.65   0.046
OGLE-LMC-LPV-36402  14.660 16.407   46.865  0.036  185.94   0.052  197.67   0.037
OGLE-LMC-LPV-36406  13.960 16.464 1088      0.148  158.33   0.069  878.0    0.062
OGLE-LMC-LPV-36413  14.149 16.945  349.7    0.303  952.4    0.136  162.55   0.107
OGLE-LMC-LPV-36428  13.930 16.044  136.33   0.052   88.90   0.055  932.0    0.045
OGLE-LMC-LPV-36437  14.284 17.636  222.7    0.273  120.93   0.158  126.94   0.106
OGLE-LMC-LPV-36438  14.234 16.550   76.86   0.072  516.8    0.054   78.48   0.045
OGLE-LMC-LPV-36442  14.376 16.857  157.31   0.150  161.45   0.118 6536      0.107
OGLE-LMC-LPV-36446  14.270 17.249  195.18   0.261  102.89   0.136  177.43   0.099
OGLE-LMC-LPV-36448  15.237 17.887  124.28   0.201   63.31   0.086  111.83   0.084
OGLE-LMC-LPV-36453  14.399 18.332  137.00   0.230  122.17   0.118  256.7    0.110
OGLE-LMC-LPV-36462  14.385 17.734  221.3    0.171  117.03   0.104  122.00   0.090
OGLE-LMC-LPV-36471  14.051 16.407  126.83   0.098  115.75   0.065  218.7    0.055
OGLE-LMC-LPV-36486  14.531 16.329   76.11   0.053   50.75   0.039  215.5    0.033
OGLE-LMC-LPV-36491  14.029 16.641  150.17   0.106 2513      0.093  173.97   0.042
OGLE-LMC-LPV-36498  14.706 16.396   58.85   0.029  330.8    0.024  131.06   0.018
OGLE-LMC-LPV-36499  15.099 17.605  152.56   0.752  490.9    0.313  135.04   0.288
OGLE-LMC-LPV-36506  14.628 17.002  109.30   0.096  128.12   0.083   71.71   0.076
OGLE-LMC-LPV-36510  14.353 18.031  199.44   0.127  114.09   0.077  121.86   0.066
OGLE-LMC-LPV-36520  14.006 16.328  133.30   0.229 1425      0.205  225.7    0.093
OGLE-LMC-LPV-36522  14.067 16.976  397.2    0.368  589.3    0.117  189.65   0.073
OGLE-LMC-LPV-36525  14.540    -     98.18   0.306  168.04   0.099   38.441  0.069
OGLE-LMC-LPV-36559  14.349 16.595   91.74   0.064  403.9    0.059   87.90   0.056
OGLE-LMC-LPV-36567  14.302 16.965  160.06   0.191  188.11   0.080   87.66   0.077
OGLE-LMC-LPV-36570  14.853 16.722  107.75   0.163  720.5    0.123   65.98   0.073
OGLE-LMC-LPV-36578  14.258 17.959  121.08   0.138 3322      0.188  140.31   0.089
OGLE-LMC-LPV-36588  14.310 16.698  152.74   0.082   91.28   0.048  100.75   0.042
OGLE-LMC-LPV-36592  14.249 17.411  219.2    0.160  116.31   0.090  239.6    0.073
OGLE-LMC-LPV-36596  14.284 17.078  195.66   0.191  105.44   0.144  101.58   0.104
OGLE-LMC-LPV-36611  14.611 17.464   72.29   0.102  357.0    0.122  486.9    0.092
OGLE-LMC-LPV-36613  15.532 17.553   69.06   0.220   63.43   0.105   31.296  0.086
OGLE-LMC-LPV-36618  14.208 16.935   89.11   0.119  437.1    0.083  155.18   0.073
OGLE-LMC-LPV-36632  14.242 18.038  112.95   0.125  813.7    0.103  173.55   0.074
OGLE-LMC-LPV-36638  14.111 17.058  397.2    0.365  313.3    0.120  890.5    0.130
OGLE-LMC-LPV-36680  14.349 16.859  207.6    0.340  189.79   0.178  174.98   0.101
OGLE-LMC-LPV-36694  14.348 17.522  195.12   0.290  493.1    0.193  173.82   0.125
OGLE-LMC-LPV-36697  14.129 17.303  118.01   0.162  220.2    0.135  122.06   0.083
OGLE-LMC-LPV-36703  14.932 17.227   55.10   0.061  420.7    0.055  301.8    0.043
OGLE-LMC-LPV-36708  14.154 17.253  120.97   0.228  238.8    0.151  192.27   0.093
OGLE-LMC-LPV-36714  13.974 16.711  110.64   0.090  212.9    0.085  248.0    0.075
OGLE-LMC-LPV-36716  14.205 16.746  193.13   0.121 4065      0.061  107.46   0.057
OGLE-LMC-LPV-36718  14.168 17.221  104.45   0.132 1003      0.141  195.12   0.122
OGLE-LMC-LPV-36727  14.820 16.852   92.97   0.080  791.1    0.088  469.5    0.050
OGLE-LMC-LPV-36731  13.963 16.318  158.34   0.207  306.7    0.117  345.1    0.080
OGLE-LMC-LPV-36739  14.176 17.377  199.64   0.224  365.4    0.165  208.7    0.158
OGLE-LMC-LPV-36743  14.664 17.407  192.66   0.791 5814      0.218  187.16   0.180
OGLE-LMC-LPV-36751  14.423 16.993   78.63   0.050  413.1    0.058  307.6    0.042
OGLE-LMC-LPV-36805  14.088 17.100  401.3    0.530 1553      0.165  186.39   0.134
OGLE-LMC-LPV-36815  14.210 16.753  187.28   0.142   96.63   0.097  105.33   0.076
OGLE-LMC-LPV-36822  13.135 15.836  222.5    0.196  459.8    0.145 3676      0.121
OGLE-LMC-LPV-36833  14.523 17.508  400.3    0.759 2364      0.487  569.8    0.185
OGLE-LMC-LPV-36835  14.569 16.855   73.37   0.077  320.7    0.085  692.0    0.073
OGLE-LMC-LPV-36836  14.343 17.012   79.53   0.098  328.6    0.062  654.5    0.053
OGLE-LMC-LPV-36844  14.260 17.582  197.21   0.234  327.9    0.092  230.3    0.061
OGLE-LMC-LPV-36855  14.654 17.933  101.61   0.122  161.79   0.094   94.70   0.082
OGLE-LMC-LPV-36868  13.893 15.989  750.8    0.139 1095      0.117 1745      0.072
OGLE-LMC-LPV-36869  14.445 16.914   71.66   0.034  514.1    0.077  426.3    0.075
OGLE-LMC-LPV-36875  13.767 16.399  156.23   0.101  750.2    0.144  941.6    0.061
OGLE-LMC-LPV-36885  14.288 17.276  374.5    0.528  678.0    0.126 1171      0.045
OGLE-LMC-LPV-36888  14.544 16.679   68.83   0.063   63.87   0.054  115.46   0.047
OGLE-LMC-LPV-36891  14.113 17.550  219.7    0.207  388.7    0.136 1024      0.075
OGLE-LMC-LPV-36897  14.743 16.744   97.34   0.703  102.57   0.068   54.19   0.048
OGLE-LMC-LPV-36901  14.567 16.300   51.02   0.064  735.8    0.043   80.30   0.038
OGLE-LMC-LPV-36919  14.384 17.236  162.10   0.095  501.5    0.111  297.4    0.074
OGLE-LMC-LPV-36920  14.494 17.548  337.1    0.627 1091      0.265 6211      0.200
OGLE-LMC-LPV-36929  14.993 17.011   55.61   0.051   54.75   0.031   90.15   0.026
OGLE-LMC-LPV-36936  14.486 16.722   74.79   0.100  797.4    0.120   75.87   0.083
OGLE-LMC-LPV-36948  14.495 16.767  108.31   0.062   68.39   0.031  229.7    0.030
OGLE-LMC-LPV-36951  14.890 16.650   42.539  0.063   65.70   0.037  649.8    0.036
OGLE-LMC-LPV-36952  14.369 17.613  218.7    0.337  230.7    0.206  120.85   0.172
OGLE-LMC-LPV-36954  15.245 16.887   59.74   0.049  495.5    0.062   58.06   0.037
OGLE-LMC-LPV-36962  14.260    -    399.9    0.777 1855      0.142  353.7    0.082
OGLE-LMC-LPV-36972  13.808 16.265  132.56   0.083  721.5    0.209  126.60   0.062
OGLE-LMC-LPV-36983  15.092 17.022   89.45   0.244   84.53   0.241   91.84   0.162
OGLE-LMC-LPV-36985  13.542 16.204  194.40   0.209 1348      0.201  187.83   0.093
OGLE-LMC-LPV-36989  14.903 17.870  122.94   0.075  217.7    0.124 5208      0.095
OGLE-LMC-LPV-36999  13.754 16.531  278.6    0.169  566.9    0.209  310.3    0.142
OGLE-LMC-LPV-37002  14.243 17.661  243.8    0.459 1059      0.166  131.70   0.150
OGLE-LMC-LPV-37020  14.111 16.767   89.50   0.114 1190      0.090  166.92   0.085
OGLE-LMC-LPV-37022  14.297 16.647  122.19   0.069  465.1    0.066  382.4    0.062
OGLE-LMC-LPV-37025  14.583 16.335   45.594  0.051   46.354  0.041   50.15   0.031
OGLE-LMC-LPV-37049  13.744 16.996  470.9    0.307  415.5    0.124  246.2    0.094
OGLE-LMC-LPV-37054  14.779 17.892  166.35   0.178  875.7    0.201 1089      0.147
OGLE-LMC-LPV-37056  14.005 16.981  171.26   0.086  512.6    0.073  569.5    0.079
OGLE-LMC-LPV-37059  14.106    -    315.7    0.288  400.0    0.125 1399      0.080
OGLE-LMC-LPV-37068  14.225 16.335  212.1    0.175  117.29   0.137  223.8    0.133
OGLE-LMC-LPV-37081  15.148 17.054  110.04   0.238  485.2    0.159  115.42   0.085
OGLE-LMC-LPV-37089  14.124 16.860  185.95   0.281  118.72   0.098  208.9    0.092
OGLE-LMC-LPV-37094  14.486 17.837  133.26   0.100  762.8    0.133  173.22   0.080
OGLE-LMC-LPV-37102  14.360 17.109   84.05   0.051  453.9    0.135  208.4    0.089
OGLE-LMC-LPV-37118  14.754 16.597   52.44   0.064   92.40   0.065  767.5    0.041
OGLE-LMC-LPV-37127  14.415 16.593   72.23   0.115  120.77   0.085   70.84   0.069
OGLE-LMC-LPV-37140  14.852 16.835   58.41   0.059  501.3    0.119  418.2    0.101
OGLE-LMC-LPV-37165  15.091 16.753   63.31   0.205   64.70   0.146   83.22   0.116
OGLE-LMC-LPV-37201  14.309 16.574   78.71   0.203  916.6    0.132   81.75   0.119
OGLE-LMC-LPV-37206  14.061 16.738  302.9    0.172 1825      0.137  165.43   0.073
OGLE-LMC-LPV-37210  12.756 15.973  371.5    0.211 1709      0.112  141.32   0.109
OGLE-LMC-LPV-37215  14.292 17.395  100.64   0.130  993.0    0.112 1645      0.054
OGLE-LMC-LPV-37219  15.360 17.109   81.41   0.217   70.34   0.144   83.18   0.113
OGLE-LMC-LPV-37234  14.214 16.378   77.32   0.078  140.49   0.071  548.8    0.058
OGLE-LMC-LPV-37238  14.481 17.462   92.12   0.082   99.88   0.079  170.71   0.069
OGLE-LMC-LPV-37251  14.094 16.953  345.4    0.180 1083      0.102  160.05   0.053
OGLE-LMC-LPV-37254  13.387 15.782  197.54   0.302  319.3    0.127 1370      0.097
OGLE-LMC-LPV-37259  14.177 17.010  102.04   0.113  961.5    0.120   96.37   0.108
OGLE-LMC-LPV-37283  14.439 17.065   84.62   0.075 3906      0.055  144.78   0.057
OGLE-LMC-LPV-37284  14.712 16.579   93.39   0.060   89.16   0.052   52.48   0.036
OGLE-LMC-LPV-37300  13.636 16.061  150.49   0.108  538.2    0.085 1757      0.069
OGLE-LMC-LPV-37304  14.426 17.076   89.49   0.086  145.88   0.091  943.4    0.084
OGLE-LMC-LPV-37310  14.847 16.673   48.009  0.098   85.72   0.077   83.22   0.058
OGLE-LMC-LPV-37326  14.669 16.678   55.40   0.060   86.93   0.050   48.506  0.047
OGLE-LMC-LPV-37354  14.522 17.137  143.64   0.099  263.3    0.081  738.6    0.086
OGLE-LMC-LPV-37355  14.115 17.385  436.2    0.298  354.6    0.119 1908      0.111
OGLE-LMC-LPV-37377  14.210 16.660  118.19   0.073  203.0    0.044  192.60   0.024
OGLE-LMC-LPV-37382  14.464 16.763  513.1    0.084  221.4    0.051  154.70   0.042
OGLE-LMC-LPV-37383  14.156 17.024  143.49   0.081 1253      0.218 2257      0.102
OGLE-LMC-LPV-37387  14.110 17.034  187.22   0.119 1639      0.250  194.29   0.138
OGLE-LMC-LPV-37403  13.840 16.192  139.24   0.067  767.5    0.151  481.9    0.099
OGLE-LMC-LPV-37405  14.499 17.616   95.16   0.098 4484      0.057  142.03   0.054
OGLE-LMC-LPV-37433  14.899 17.149  121.17   0.791 1838      0.196  192.86   0.166
OGLE-LMC-LPV-37434  14.126 16.872   99.13   0.159  179.73   0.120  106.15   0.092
OGLE-LMC-LPV-37436  14.473 16.741  103.36   0.093 5882      0.152  679.8    0.136
OGLE-LMC-LPV-37440  15.024 17.587  156.44   0.585  144.15   0.242  149.88   0.220
OGLE-LMC-LPV-37449  14.250 17.184  111.62   0.152  117.48   0.099  198.02   0.099
OGLE-LMC-LPV-37474  14.169 17.423  203.1    0.170  432.5    0.104   89.45   0.055
OGLE-LMC-LPV-37478  14.020 17.137  370.2    0.246 1866      0.359 3636      0.157
OGLE-LMC-LPV-37481  14.784 17.093  107.88   0.063   69.76   0.061  304.7    0.038
OGLE-LMC-LPV-37490  14.069 16.819  158.76   0.102 3175      0.160  239.6    0.070
OGLE-LMC-LPV-37500  14.008 17.001  122.75   0.210  220.5    0.133  126.39   0.089
OGLE-LMC-LPV-37525  14.178 17.873  122.85   0.148  147.93   0.129  228.6    0.094
OGLE-LMC-LPV-37530  14.210 17.828  237.5    0.231  130.38   0.126  134.54   0.112
OGLE-LMC-LPV-37536  14.255 16.984  181.39   0.171  901.7    0.169  158.86   0.086
OGLE-LMC-LPV-37547  14.405 16.687  148.57   0.181  139.37   0.088  126.14   0.062
OGLE-LMC-LPV-37564  14.320 16.755  160.97   0.244  729.9    0.145   93.68   0.088
OGLE-LMC-LPV-37566  14.192 17.388  122.58   0.074 1536      0.202  200.8    0.058
OGLE-LMC-LPV-37572  14.752 17.206   76.87   0.138  140.13   0.147  149.66   0.069
OGLE-LMC-LPV-37577  14.521 16.992  239.4    0.167  207.8    0.125 1088      0.098
OGLE-LMC-LPV-37581  14.429 16.752   77.25   0.136   78.44   0.074   75.96   0.057
OGLE-LMC-LPV-37593  14.763 17.442  121.64   0.052  454.5    0.076  504.3    0.061
OGLE-LMC-LPV-37608  14.022 17.258  209.2    0.178 1701      0.136  333.4    0.100
OGLE-LMC-LPV-37625  14.264 17.085  144.93   0.093  660.5    0.168  899.3    0.152
OGLE-LMC-LPV-37626  13.995 16.932 1404      0.538  178.32   0.212 3759      0.158
OGLE-LMC-LPV-37635  14.255 16.549  108.79   0.047  521.9    0.060   89.00   0.035
OGLE-LMC-LPV-37650  14.836 18.607   93.46   0.141   95.70   0.085  907.4    0.063
OGLE-LMC-LPV-37655  14.057 16.972  188.36   0.139  438.8    0.120  321.3    0.081
OGLE-LMC-LPV-37663  13.763 17.088  120.25   0.164  659.2    0.118  125.99   0.115
OGLE-LMC-LPV-37673  14.153 16.836  153.82   0.118 1905      0.220 1203      0.102
OGLE-LMC-LPV-37688  14.106 16.589   94.85   0.080 1224      0.079   97.55   0.071
OGLE-LMC-LPV-37704  18.349 19.768  499.0    0.691 2203      0.484 4167      0.170
OGLE-LMC-LPV-37710  14.278 17.138   98.73   0.294   93.48   0.109 1131      0.088
OGLE-LMC-LPV-37711  14.523 18.070  469.6    0.425 3521      0.768  402.1    0.204
OGLE-LMC-LPV-37713  14.282 18.184  274.9    0.427 6250      0.216 1043      0.112
OGLE-LMC-LPV-37716  14.365 18.163  124.04   0.294  225.1    0.167  129.10   0.135
OGLE-LMC-LPV-37733  14.389 17.235  186.99   0.185 2381      0.271 1560      0.188
OGLE-LMC-LPV-37766  14.292 17.399  101.58   0.175 1167      0.165  199.28   0.145
OGLE-LMC-LPV-37770  16.098 17.788   21.135  0.058   31.744  0.052   20.690  0.044
OGLE-LMC-LPV-37781  14.239 17.875  243.0    0.254  132.96   0.159  206.0    0.135
OGLE-LMC-LPV-37783  15.305 16.879   54.47   0.031  289.1    0.026   52.79   0.026
OGLE-LMC-LPV-37788  13.920 16.218  210.6    0.543  109.47   0.104  237.4    0.092
OGLE-LMC-LPV-37791  13.787 16.175  982.3    0.144  128.04   0.070  122.09   0.041
OGLE-LMC-LPV-37798  14.785 17.568   79.50   0.092 1776      0.231  150.42   0.083
OGLE-LMC-LPV-37814  13.859 17.032  220.9    0.195 1000      0.128  427.5    0.092
OGLE-LMC-LPV-37817  14.765 16.572   75.32   0.035  385.2    0.041   44.301  0.030
OGLE-LMC-LPV-37821  14.455 16.850  187.09   0.104  921.7    0.166  135.56   0.072
OGLE-LMC-LPV-37828  14.353 16.666  158.70   0.580 4310      0.304  150.44   0.206
OGLE-LMC-LPV-37833  14.507 16.567  104.57   0.047  463.2    0.067   67.00   0.039
OGLE-LMC-LPV-37836  13.868 16.727  202.8    0.192  353.4    0.122  184.84   0.083
OGLE-LMC-LPV-37851  14.781 16.958   46.959  0.050  561.2    0.036   87.33   0.034
OGLE-LMC-LPV-37853  14.885 17.555   62.39   0.057  327.2    0.111  418.9    0.082
OGLE-LMC-LPV-37856  13.873 16.938  398.1    0.290 2347      0.161  352.1    0.087
OGLE-LMC-LPV-37862  14.575 17.004  276.8    0.583  143.45   0.176  304.0    0.093
OGLE-LMC-LPV-37866  14.633 16.892   61.61   0.045  541.4    0.061  481.5    0.053
OGLE-LMC-LPV-37870  13.923 16.387  145.03   0.128 1709      0.246 2475      0.142
OGLE-LMC-LPV-37886  13.972 17.052  321.0    0.361 4505      0.383  392.5    0.121
OGLE-LMC-LPV-37892  13.978 17.224  224.0    0.164 6623      0.139 1377      0.095
OGLE-LMC-LPV-37899  15.514 17.233   57.52   0.168   48.807  0.115   47.454  0.083
OGLE-LMC-LPV-37900  14.440 17.703  111.15   0.177  113.47   0.118 1135      0.088
OGLE-LMC-LPV-37903  14.173 17.311  104.05   0.079 2283      0.107  620.7    0.076
OGLE-LMC-LPV-37907  14.158 17.449  119.27   0.115  661.4    0.051  101.38   0.047
OGLE-LMC-LPV-37923  14.359 17.217   92.17   0.076  471.0    0.095 4202      0.084
OGLE-LMC-LPV-37955  14.239 17.157  218.5    0.141 1477      0.131 5556      0.131
OGLE-LMC-LPV-37963  14.147 16.499  219.8    0.135 1506      0.120  126.52   0.085
OGLE-LMC-LPV-37966  13.899 16.827  113.60   0.109  884.2    0.103 6452      0.053
OGLE-LMC-LPV-37973  14.473 17.980  105.17   0.129  398.1    0.242  533.3    0.197
OGLE-LMC-LPV-37996  15.098 17.582   57.73   0.084  569.2    0.101   95.41   0.053
OGLE-LMC-LPV-38000  14.502 17.202  113.73   0.082  225.1    0.090 2114      0.062
OGLE-LMC-LPV-38001  14.415 16.163  115.64   0.562  123.62   0.107  133.40   0.076
OGLE-LMC-LPV-38003  14.521 16.206   54.54   0.050  242.9    0.070  101.86   0.051
OGLE-LMC-LPV-38011  14.060 17.342  386.2    0.251  274.6    0.110  348.8    0.103
OGLE-LMC-LPV-38023  14.115 16.987   99.04   0.136 1027      0.098  175.38   0.077
OGLE-LMC-LPV-38034  14.940 16.971   53.36   0.043  306.8    0.051  279.7    0.036
OGLE-LMC-LPV-38040  14.717 16.573   56.31   0.035   87.70   0.033   54.90   0.030
OGLE-LMC-LPV-38049  14.510 16.100   86.77   0.273   83.87   0.149  292.3    0.107
OGLE-LMC-LPV-38051  14.133 17.332  204.2    0.168 1261      0.216  337.4    0.067
OGLE-LMC-LPV-38058  14.039 17.265  120.29   0.145  224.1    0.103 1241      0.086
OGLE-LMC-LPV-38063  14.051 17.356  129.33   0.073  516.0    0.131  672.9    0.096
OGLE-LMC-LPV-38082  14.574 17.061   69.73   0.050  821.7    0.078  124.24   0.049
OGLE-LMC-LPV-38088  14.632 17.367  276.9    0.330  166.14   0.081 1595      0.068
OGLE-LMC-LPV-38091  14.352 17.846  122.35   0.228  210.7    0.161 7299      0.105
OGLE-LMC-LPV-38128  14.034 16.931  112.68   0.267  204.9    0.160  198.41   0.127
OGLE-LMC-LPV-38138  14.492 18.612  275.3    0.198  255.6    0.125 3268      0.100
OGLE-LMC-LPV-38150  14.242 17.088  114.67   0.224  197.20   0.170  213.3    0.109
OGLE-LMC-LPV-38154  14.687    -    150.15   0.102  721.0    0.180 1391      0.098
OGLE-LMC-LPV-38174  14.301 17.121  156.05   0.118 1248      0.112  257.6    0.070
OGLE-LMC-LPV-38181  14.542 18.046  103.01   0.129  871.8    0.165  169.87   0.108
OGLE-LMC-LPV-38184  14.314 16.490   75.14   0.128  884.2    0.122  134.68   0.116
OGLE-LMC-LPV-38211  14.798 16.651   50.54   0.050  402.6    0.050   78.61   0.034
OGLE-LMC-LPV-38219  13.930 16.176   90.39   0.113  161.58   0.087  413.1    0.067
OGLE-LMC-LPV-38222  14.050 16.593  260.4    0.154  154.94   0.115 1828      0.095
OGLE-LMC-LPV-38249  14.683 17.256  280.9    0.749  320.0    0.120  571.8    0.104
OGLE-LMC-LPV-38260  14.183 16.820  228.4    0.292  117.87   0.144  196.46   0.076
OGLE-LMC-LPV-38265  15.094 17.200   53.92   0.073  683.5    0.064   54.70   0.043
OGLE-LMC-LPV-38266  13.966    -    301.0    0.227 1567      0.115  166.25   0.116
OGLE-LMC-LPV-38268  13.928 17.038  192.82   0.203 7519      0.120  211.7    0.098
OGLE-LMC-LPV-38270  14.386 16.808   78.21   0.124 1527      0.066   77.07   0.065
OGLE-LMC-LPV-38283  14.320 16.007  108.87   0.538  157.16   0.099  143.74   0.094
OGLE-LMC-LPV-38289  14.275 17.049  148.58   0.211  266.7    0.098  551.3    0.085
OGLE-LMC-LPV-38297  14.329 16.902   94.81   0.068  501.5    0.065  372.2    0.066
OGLE-LMC-LPV-38308  14.559 17.706   99.33   0.217  900.1    0.201  173.31   0.128
OGLE-LMC-LPV-38309  14.866 17.485   70.08   0.055  471.0    0.114 2674      0.064
OGLE-LMC-LPV-38330  14.535 16.958   71.64   0.074  405.2    0.048  109.65   0.036
OGLE-LMC-LPV-38331  14.124 16.884  171.03   0.123 1733      0.138  737.5    0.071
OGLE-LMC-LPV-38347  14.654 18.423  134.59   0.285  236.0    0.188  258.6    0.107
OGLE-LMC-LPV-38354  15.020 18.085  728.9    0.344 3650      1.073  759.3    0.267
OGLE-LMC-LPV-38357  13.784 16.451  203.7    0.137  195.05   0.122  646.4    0.107
OGLE-LMC-LPV-38370  14.730 16.504   51.58   0.033   75.48   0.021   70.19   0.021
OGLE-LMC-LPV-38379  14.085 17.509  123.02   0.073  615.0    0.131 6061      0.086
OGLE-LMC-LPV-38397  14.449 16.518  124.29   0.096 7407      0.079  120.29   0.080
OGLE-LMC-LPV-38400  14.165 16.655   87.44   0.089  856.9    0.069   85.36   0.069
OGLE-LMC-LPV-38409  13.968 17.007  184.67   0.103 1745      0.208  333.6    0.116
OGLE-LMC-LPV-38428  14.311 17.220  244.7    0.128 4608      0.123  806.5    0.053
OGLE-LMC-LPV-38431  14.261 17.289  153.39   0.107  542.0    0.072  718.4    0.051
OGLE-LMC-LPV-38432  14.141 16.553  165.78   0.111  325.8    0.136  400.6    0.098
OGLE-LMC-LPV-38457  14.284 16.643  126.02   0.124 1686      0.158  207.0    0.060
OGLE-LMC-LPV-38458  14.377 17.515  112.87   0.276  201.2    0.126  218.5    0.077
OGLE-LMC-LPV-38460  14.574 17.234  164.19   0.325   89.39   0.126  174.28   0.093
OGLE-LMC-LPV-38462  13.498 15.682  118.39   0.035 1147      0.030  113.37   0.029
OGLE-LMC-LPV-38474  14.520 16.566   96.83   0.065   99.08   0.050  412.4    0.051
OGLE-LMC-LPV-38488  13.730 16.957  219.8    0.210 2532      0.386  240.6    0.102
OGLE-LMC-LPV-38507  14.098 16.563  283.6    0.223 1795      0.062  148.28   0.064
OGLE-LMC-LPV-38511  14.580 16.335   75.32   0.037  263.4    0.045  294.1    0.031
OGLE-LMC-LPV-38527  14.382 17.145   76.09   0.110  138.58   0.099   87.92   0.053
OGLE-LMC-LPV-38548  13.946 17.030  206.6    0.147 1721      0.065  175.13   0.067
OGLE-LMC-LPV-38559  14.137 16.518  124.34   0.140  214.1    0.116  116.65   0.089
OGLE-LMC-LPV-38565  13.510 15.734  138.64   0.083  737.5    0.147 1468      0.127
OGLE-LMC-LPV-38566  14.454 17.554  100.85   0.239  196.04   0.126  185.53   0.098
OGLE-LMC-LPV-38587  14.186 16.947  112.37   0.069  296.7    0.122  912.4    0.127
OGLE-LMC-LPV-38594  14.169 16.803   84.54   0.060  720.5    0.081 3906      0.058
OGLE-LMC-LPV-38601  14.366 17.912   95.51   0.131 1064      0.133  106.33   0.052
OGLE-LMC-LPV-38606  14.128 17.614  224.9    0.164 2653      0.139  123.41   0.110
OGLE-LMC-LPV-38607  14.894 18.436  113.88   0.093  800.6    0.126  546.4    0.108
OGLE-LMC-LPV-38611  14.069 16.680  234.4    0.138 1706      0.210  721.0    0.104
OGLE-LMC-LPV-38626  14.720 16.081   54.84   0.154   59.79   0.063   54.16   0.056
OGLE-LMC-LPV-38658  14.293 17.651  106.64   0.148  101.38   0.109  177.94   0.107
OGLE-LMC-LPV-38733  12.906 15.096  208.2    0.057  644.3    0.055  379.4    0.039
OGLE-LMC-LPV-38747  14.677 16.399   88.66   0.185   85.05   0.086  438.4    0.060
OGLE-LMC-LPV-38752  14.344 16.543  101.50   0.093  962.5    0.070   96.56   0.063
OGLE-LMC-LPV-38759  14.695 17.131  137.22   0.472  146.67   0.147 1250      0.082
OGLE-LMC-LPV-38763  14.645 18.387  227.9    0.270 3817      0.960  450.0    0.242
OGLE-LMC-LPV-38771  14.478 17.817  243.8    0.367  125.91   0.155  271.2    0.113
OGLE-LMC-LPV-38772  13.888 17.229  141.03   0.208  274.3    0.132  149.12   0.094
OGLE-LMC-LPV-38790  14.445 17.716  196.88   0.132 1385      0.090  176.68   0.075
OGLE-LMC-LPV-38804  14.129 17.058  158.02   0.217 2597      0.128  471.7    0.096
OGLE-LMC-LPV-38817  14.043 17.086   90.14   0.086  651.0    0.105   65.05   0.045
OGLE-LMC-LPV-38829  14.394 16.593  153.40   0.644  163.24   0.111  139.55   0.084
OGLE-LMC-LPV-38835  14.420 17.041  164.80   0.125  374.1    0.099  212.7    0.090
OGLE-LMC-LPV-38859  14.161 16.417  167.83   0.680  191.57   0.151  583.1    0.131
OGLE-LMC-LPV-38861  13.797 16.918  250.1    0.132 1490      0.102  341.2    0.090
OGLE-LMC-LPV-38863  14.034 17.251  152.11   0.096  559.6    0.117  439.2    0.053
OGLE-LMC-LPV-38864  14.337 17.300  108.84   0.153  103.98   0.101   95.73   0.079
OGLE-LMC-LPV-38866  14.219 17.823  119.54   0.272 1534      0.161  114.40   0.125
OGLE-LMC-LPV-38874  13.871 16.873  398.2    0.188 1859      0.157  243.1    0.070
OGLE-LMC-LPV-38876  14.232 17.461  204.1    0.195 2058      0.112  349.0    0.105
OGLE-LMC-LPV-38884  14.342 16.967   85.52   0.096  125.99   0.074  630.9    0.064
OGLE-LMC-LPV-38887  14.388 17.357  663.6    0.482  144.84   0.084  578.4    0.066
OGLE-LMC-LPV-38912  14.376 17.435  123.17   0.110  985.2    0.166  180.02   0.104
OGLE-LMC-LPV-38915  14.868 16.573   67.83   0.052   46.977  0.041   40.275  0.035
OGLE-LMC-LPV-38918  13.720 16.265 1464      0.239  272.0    0.078  144.09   0.053
OGLE-LMC-LPV-38928  14.222 17.555  115.22   0.118  219.8    0.129  280.3    0.087
OGLE-LMC-LPV-38940  13.903    -    377.0    0.300  543.8    0.154  209.5    0.055
OGLE-LMC-LPV-38963  15.562 18.270  275.0    0.504 1078      0.258  149.93   0.229
OGLE-LMC-LPV-38969  14.724 17.859   92.66   0.090  678.0    0.101  476.4    0.087
OGLE-LMC-LPV-38974  13.991 17.006  242.2    0.423  127.13   0.183  136.63   0.085
OGLE-LMC-LPV-38980  13.981 16.418   91.92   0.076  605.3    0.058  709.2    0.063
OGLE-LMC-LPV-39005  14.293 17.832  112.21   0.287 1068      0.160  100.65   0.067
OGLE-LMC-LPV-39022  14.567 16.619   83.41   0.084  104.11   0.053   73.40   0.052
OGLE-LMC-LPV-39044  13.690 16.596  186.25   0.250  289.4    0.165  348.1    0.128
OGLE-LMC-LPV-39045  14.082 17.563  136.41   0.154  249.9    0.115  306.4    0.091
OGLE-LMC-LPV-39046  14.389 16.956   76.53   0.062  714.3    0.072  128.73   0.066
OGLE-LMC-LPV-39047  14.430 17.225   70.90   0.045  528.5    0.065  736.4    0.052
OGLE-LMC-LPV-39056  14.600 16.314  104.32   0.370  109.59   0.096  101.48   0.085
OGLE-LMC-LPV-39089  14.069 16.413  273.0    0.282  146.09   0.191  150.97   0.101
OGLE-LMC-LPV-39099  14.052 16.571  123.49   0.066  164.88   0.069  907.4    0.070
OGLE-LMC-LPV-39106  14.305 17.210  157.58   0.141  289.7    0.098  136.63   0.086
OGLE-LMC-LPV-39114  14.903 17.558   70.07   0.097  678.0    0.134  114.74   0.093
OGLE-LMC-LPV-39134  13.951 16.099   89.41   0.095 1208      0.149 2463      0.073
OGLE-LMC-LPV-39151  14.311 17.437  152.72   0.095 7576      0.094  473.0    0.086
OGLE-LMC-LPV-39172  14.043 17.162  138.56   0.239  260.0    0.220 6757      0.142
OGLE-LMC-LPV-39181  14.541 17.157  110.22   0.063 4425      0.094  252.4    0.048
OGLE-LMC-LPV-39207  14.603 16.556   59.18   0.097  106.63   0.076   65.12   0.068
OGLE-LMC-LPV-39208  15.047 19.151  240.4    0.230 2421      0.111  128.49   0.085
OGLE-LMC-LPV-39213  14.201 17.212  188.59   0.223  115.18   0.142  719.9    0.099
OGLE-LMC-LPV-39223  14.348 17.475  181.95   0.188 1808      0.080  153.96   0.073
OGLE-LMC-LPV-39244  13.727 16.664  256.9    0.108 7246      0.530  255.5    0.160
OGLE-LMC-LPV-39246  14.637 18.919  144.97   0.200 1484      0.175  228.5    0.119
OGLE-LMC-LPV-39261  14.359 17.537  171.39   0.182  836.8    0.125  180.83   0.079
OGLE-LMC-LPV-39267  14.099 16.986   85.56   0.107  796.8    0.091   82.22   0.046
OGLE-LMC-LPV-39268  15.146 17.859   99.21   0.060  824.4    0.053   59.95   0.038
OGLE-LMC-LPV-39274  14.400 17.755  219.6    0.196  234.9    0.084  200.6    0.072
OGLE-LMC-LPV-39275  14.213 16.975  310.0    0.386  165.67   0.065 1486      0.059
OGLE-LMC-LPV-39277  14.386 16.659   80.26   0.045  320.7    0.064  339.2    0.046
OGLE-LMC-LPV-39280  14.019 16.403  101.49   0.056  971.8    0.078   92.67   0.035
OGLE-LMC-LPV-39289  14.772 18.454  445.3    0.698 6494      0.654 1020      0.276
OGLE-LMC-LPV-39296  14.512 16.881  142.54   0.108   81.91   0.061   92.06   0.044
OGLE-LMC-LPV-39298  13.463 16.078  240.3    0.141 6211      0.201  443.3    0.115
OGLE-LMC-LPV-39307  14.465 16.922  148.96   0.299   84.83   0.114  159.13   0.079
OGLE-LMC-LPV-39310  14.462 17.938  174.06   0.167  831.9    0.170  609.8    0.096
OGLE-LMC-LPV-39316  14.022 17.493  109.24   0.125  666.7    0.179  122.56   0.067
OGLE-LMC-LPV-39328  13.560 16.536  257.5    0.252  142.27   0.145  283.8    0.118
OGLE-LMC-LPV-39336  15.063 17.521   53.11   0.053   90.08   0.049   57.56   0.032
OGLE-LMC-LPV-39337  14.433 16.895  133.90   0.120 1095      0.130  122.79   0.077
OGLE-LMC-LPV-39340  14.858 16.696   74.21   0.032  316.2    0.054  292.9    0.056
OGLE-LMC-LPV-39342  14.321 17.929  195.50   0.134 1101      0.163  163.56   0.053
OGLE-LMC-LPV-39365  14.261 17.142  197.90   0.148  342.0    0.084  400.8    0.081
OGLE-LMC-LPV-39369  14.240 18.305  187.65   0.261  176.68   0.184  516.3    0.084
OGLE-LMC-LPV-39370  14.423 17.219   90.81   0.102  834.0    0.132   86.97   0.071
OGLE-LMC-LPV-39383  14.493 17.785  187.72   0.182 1019      0.203  768.6    0.074
OGLE-LMC-LPV-39394  14.910 16.554   52.83   0.029  133.48   0.044   78.20   0.029
OGLE-LMC-LPV-39397  12.832 15.179  228.1    0.259  420.7    0.213 1221      0.095
OGLE-LMC-LPV-39399  14.368 16.905  137.04   0.159 1222      0.428 1661      0.205
OGLE-LMC-LPV-39403  14.285 17.428  312.8    0.187 1059      0.123  125.05   0.077
OGLE-LMC-LPV-39419  14.268 17.351   91.59   0.090 2703      0.077  148.41   0.058
OGLE-LMC-LPV-39424  13.704 16.441  119.96   0.056  460.8    0.047  112.55   0.039
OGLE-LMC-LPV-39432  16.787 20.645  252.5    0.144  264.6    0.085 2347      0.070
OGLE-LMC-LPV-39439  15.044 18.141  339.4    0.757 2247      0.483  383.4    0.237
OGLE-LMC-LPV-39442  14.230 16.990  175.96   0.287  380.4    0.156 2252      0.135
OGLE-LMC-LPV-39450  14.511 17.422  385.7    0.240 4566      0.309  378.9    0.179
OGLE-LMC-LPV-39452  14.260 17.448  104.07   0.130  897.7    0.069  154.87   0.047
OGLE-LMC-LPV-39453  13.788 15.968  110.72   0.082  856.2    0.046  113.79   0.027
OGLE-LMC-LPV-39465  14.213 17.261  208.9    0.299  227.6    0.113  109.43   0.096
OGLE-LMC-LPV-39467  14.446 16.666  206.2    0.364  212.8    0.230 7143      0.234
OGLE-LMC-LPV-39487  14.340 17.530  224.5    0.319 7299      0.127  202.6    0.102
OGLE-LMC-LPV-39489  14.009 16.911  393.9    0.337  228.7    0.103 1553      0.078
OGLE-LMC-LPV-39496  14.137 17.093  168.83   0.104  160.77   0.063  179.60   0.056
OGLE-LMC-LPV-39498  14.465 17.061   82.73   0.070  134.81   0.062   71.14   0.052
OGLE-LMC-LPV-39499  14.687 16.444   86.82   0.147   88.98   0.063   79.57   0.038
OGLE-LMC-LPV-39509  13.875 16.071   74.96   0.053 2326      0.080  143.93   0.038
OGLE-LMC-LPV-39513  14.061 16.575  194.51   0.355  102.86   0.152  327.5    0.101
OGLE-LMC-LPV-39522  14.649 17.186   74.62   0.098  948.8    0.083   66.61   0.078
OGLE-LMC-LPV-39525  14.504 16.207  107.40   0.561   92.59   0.080  113.91   0.076
OGLE-LMC-LPV-39526  14.469 17.682  431.4    0.294  472.6    0.098  367.4    0.082
OGLE-LMC-LPV-39534  14.771 17.611  133.55   0.111  749.1    0.121  219.1    0.109
OGLE-LMC-LPV-39540  14.379 16.550   68.95   0.054  114.86   0.051  525.8    0.051
OGLE-LMC-LPV-39572  14.346 16.895  141.80   0.108 2358      0.131  136.35   0.080
OGLE-LMC-LPV-39573  18.091    -    582.9    0.208 4132      0.087  238.9    0.030
OGLE-LMC-LPV-39583  14.084 17.571  417.5    0.295 1018      0.168  237.9    0.123
OGLE-LMC-LPV-39591  14.213 16.353  224.7    0.194  187.20   0.065  201.8    0.054
OGLE-LMC-LPV-39599  14.568 16.559  122.43   0.282 7194      0.112  124.94   0.105
OGLE-LMC-LPV-39605  13.902 17.594  148.76   0.256  258.1    0.100  409.2    0.083
OGLE-LMC-LPV-39606  14.325 16.644   78.60   0.065   73.21   0.051  369.7    0.044
OGLE-LMC-LPV-39610  14.189 16.703   86.17   0.088  400.5    0.083   84.85   0.044
OGLE-LMC-LPV-39634  14.314 18.140  130.96   0.141 1715      0.208 6579      0.151
OGLE-LMC-LPV-39646  14.242 16.551   77.72   0.058  519.5    0.066  398.9    0.053
OGLE-LMC-LPV-39657  13.975 17.508  137.27   0.240  144.55   0.209  252.0    0.113
OGLE-LMC-LPV-39659  14.346 16.545  156.04   0.501  143.27   0.123  175.28   0.097
OGLE-LMC-LPV-39671  15.812 17.711   38.736  0.031  480.1    0.039   25.723  0.035
OGLE-LMC-LPV-39676  14.791 16.704   80.37   0.041   91.78   0.029 4525      0.027
OGLE-LMC-LPV-39677  14.050 17.701  121.68   0.146  382.6    0.123  619.2    0.073
OGLE-LMC-LPV-39685  13.795 15.947  100.45   0.054  161.52   0.043 1250      0.040
OGLE-LMC-LPV-39694  14.339 16.666  111.72   0.138 2188      0.097  105.42   0.074
OGLE-LMC-LPV-39695  14.507 16.390  126.10   0.487 6173      0.222  123.06   0.183
OGLE-LMC-LPV-39706  14.365 16.816  117.97   0.063  184.50   0.070  325.0    0.053
OGLE-LMC-LPV-39717  14.087 17.598  122.68   0.320  115.09   0.153  218.5    0.129
OGLE-LMC-LPV-39720  14.274 16.988  114.80   0.047 3145      0.065   82.07   0.045
OGLE-LMC-LPV-39727  14.694 16.792   90.20   0.050  354.9    0.050  264.1    0.038
OGLE-LMC-LPV-39729  14.247 17.270  279.7    0.258 6897      0.194 1252      0.157
OGLE-LMC-LPV-39739  14.162 17.333  116.83   0.263  223.5    0.151  200.4    0.091
OGLE-LMC-LPV-39741  14.384 17.556  183.16   0.242  658.3    0.204 2410      0.099
OGLE-LMC-LPV-39752  14.388 17.271  160.83   0.130   89.94   0.075  176.65   0.043
OGLE-LMC-LPV-39754  14.395 17.776   95.38   0.092  140.88   0.079   90.74   0.078
OGLE-LMC-LPV-39771  14.316 17.785  103.09   0.088  867.3    0.155  182.58   0.080
OGLE-LMC-LPV-39787  13.582 16.218  188.22   0.181 1748      0.235 7042      0.100
OGLE-LMC-LPV-39791  14.371 16.078  106.87   0.111   99.43   0.048  114.03   0.040
OGLE-LMC-LPV-39792  13.999 15.499  103.18   0.105 4367      0.044  592.4    0.030
OGLE-LMC-LPV-39794  14.329 17.629  125.89   0.185  250.0    0.123  225.9    0.127
OGLE-LMC-LPV-39807  14.559 16.661   61.31   0.081  197.98   0.046  103.53   0.044
OGLE-LMC-LPV-39823  14.557 17.818  207.0    0.244 2203      0.524 6944      0.181
OGLE-LMC-LPV-39825  14.396 17.425   95.49   0.150  161.03   0.067   88.51   0.071
OGLE-LMC-LPV-39861  14.480 17.262  273.0    0.376 5236      0.155  144.82   0.124
OGLE-LMC-LPV-39863  14.148 16.076   69.73   0.106  128.34   0.085   71.35   0.050
OGLE-LMC-LPV-39868  14.640 17.257  199.90   0.113  969.9    0.101  116.74   0.086
OGLE-LMC-LPV-39873  14.643 16.829  102.35   0.041  322.4    0.049   61.69   0.041
OGLE-LMC-LPV-39896  14.470 18.152  123.87   0.223 1236      0.193  121.61   0.153
OGLE-LMC-LPV-39901  13.753 16.704  192.90   0.159 1812      0.145 2639      0.083
OGLE-LMC-LPV-39904  14.918 16.577   69.78   0.049   41.142  0.046   36.470  0.036
OGLE-LMC-LPV-39931  14.190 17.921  121.94   0.155  124.89   0.109 1779      0.082
OGLE-LMC-LPV-39937  14.057 17.287  125.25   0.193  222.4    0.124  214.5    0.085
OGLE-LMC-LPV-39985  14.618 16.602  127.50   0.107  125.02   0.077   68.36   0.062
OGLE-LMC-LPV-39989  14.292 16.881   79.28   0.089  351.4    0.142  747.4    0.080
OGLE-LMC-LPV-39999  14.207 16.610  195.54   0.129 1101      0.103  469.0    0.068
OGLE-LMC-LPV-40026  14.145 16.872  162.38   0.115 2597      0.084  144.59   0.082
OGLE-LMC-LPV-40031  13.974 16.797  170.94   0.094 1471      0.233 2469      0.078
OGLE-LMC-LPV-40044  14.214 17.079  181.82   0.180 2237      0.296  194.33   0.117
OGLE-LMC-LPV-40051  14.067 16.541  148.81   0.198 2020      0.093  208.4    0.056
OGLE-LMC-LPV-40053  14.365 17.054  199.10   0.325  103.83   0.176  184.47   0.114
OGLE-LMC-LPV-40069  13.996 16.963  121.49   0.198  215.9    0.217  197.59   0.119
OGLE-LMC-LPV-40079  14.177 16.763  129.95   0.072 2237      0.056  389.1    0.060
OGLE-LMC-LPV-40080  14.251 17.412   99.06   0.086 1626      0.063   75.55   0.051
OGLE-LMC-LPV-40091  14.326 16.492  140.57   0.288   78.65   0.083   83.08   0.065
OGLE-LMC-LPV-40152  14.402 18.570  114.30   0.336  197.63   0.198  151.56   0.117
OGLE-LMC-LPV-40173  14.096 17.296  208.1    0.125  426.1    0.361 1592      0.158
OGLE-LMC-LPV-40187  14.472 16.839   73.09   0.118  621.9    0.082  126.92   0.062
OGLE-LMC-LPV-40195  14.348 16.829  154.74   0.165  905.0    0.113   82.53   0.111
OGLE-LMC-LPV-40198  14.742 17.383  107.79   0.114  100.19   0.075   94.30   0.048
OGLE-LMC-LPV-40201  14.232 16.540  151.33   0.202   85.48   0.107  288.7    0.080
OGLE-LMC-LPV-40204  14.757 16.462   62.17   0.056  141.16   0.040  124.91   0.035
OGLE-LMC-LPV-40206  14.011 16.474  163.06   0.112  337.5    0.101  229.0    0.068
OGLE-LMC-LPV-40212  14.049 16.532  211.9    0.119  711.2    0.054 3891      0.037
OGLE-LMC-LPV-40218  14.602 16.422   50.62   0.088   56.56   0.060   60.46   0.057
OGLE-LMC-LPV-40222  14.144 17.787  119.59   0.080  164.88   0.069  780.6    0.081
OGLE-LMC-LPV-40228  14.717 18.300  113.78   0.221   96.25   0.090  195.96   0.085
OGLE-LMC-LPV-40235  14.446 16.705   91.65   0.078  902.5    0.096   87.79   0.066
OGLE-LMC-LPV-40239  14.321 16.841   79.06   0.056 1001      0.066  111.06   0.042
OGLE-LMC-LPV-40246   9.576    -    682.1    0.299 1305      0.044  122.50   0.025
OGLE-LMC-LPV-40249  15.041 16.702   44.504  0.034  125.72   0.039 2625      0.034
OGLE-LMC-LPV-40251  14.263 16.414  156.57   0.373  118.85   0.095  160.57   0.090
OGLE-LMC-LPV-40259  13.675 14.419  121.92   0.038  735.3    0.075 2028      0.036
OGLE-LMC-LPV-40269  14.228 17.172  165.30   0.124    2.0067 0.049    2.0001 0.046
OGLE-LMC-LPV-40280  13.756 16.331  158.34   0.116  932.0    0.081 1477      0.048
OGLE-LMC-LPV-40296  14.316 17.945  473.9    0.320 2016      0.310 1357      0.164
OGLE-LMC-LPV-40300  14.765 16.362   56.19   0.020   32.709  0.019  108.27   0.015
OGLE-LMC-LPV-40303  14.143 17.531  212.5    0.182  122.03   0.106  110.89   0.068
OGLE-LMC-LPV-40304  14.408 16.789  149.37   0.086  725.7    0.089  295.3    0.069
OGLE-LMC-LPV-40307  15.289 16.747   53.54   0.018 1905      0.025  174.58   0.012
OGLE-LMC-LPV-40309  15.082 17.599   51.96   0.080  302.3    0.060  417.7    0.053
OGLE-LMC-LPV-40329  14.089 17.326  217.8    0.264  453.1    0.188  715.3    0.098
OGLE-LMC-LPV-40330  14.289 17.034  154.49   0.145  327.7    0.123  276.8    0.064
OGLE-LMC-LPV-40332  14.865 16.430   64.24   0.066   68.00   0.040   60.63   0.039
OGLE-LMC-LPV-40334  14.449 16.036   82.43   0.149   38.201  0.065   80.15   0.055
OGLE-LMC-LPV-40341  14.322 16.582  236.8    0.285  906.6    0.151  388.0    0.097
OGLE-LMC-LPV-40349  14.325 16.809  271.9    0.228  140.96   0.168  131.61   0.088
OGLE-LMC-LPV-40384  13.833 16.774  188.15   0.157 2717      0.219  182.95   0.088
OGLE-LMC-LPV-40389  14.430 16.317  132.39   0.115   73.13   0.083  122.13   0.057
OGLE-LMC-LPV-40390  14.629 17.996  190.10   0.251  106.89   0.158  332.4    0.093
OGLE-LMC-LPV-40396  16.368 19.576   90.64   0.149  570.1    0.109   50.99   0.087
OGLE-LMC-LPV-40401  14.321 17.966  118.76   0.312  145.54   0.099 1681      0.091
OGLE-LMC-LPV-40405  14.483 16.570   88.25   0.090  142.37   0.074  540.8    0.071
OGLE-LMC-LPV-40407  14.240 17.177   87.91   0.067  413.1    0.196  874.9    0.105
OGLE-LMC-LPV-40417  14.276 16.735   81.87   0.098  906.6    0.079  140.39   0.073
OGLE-LMC-LPV-40418  14.519 16.412  113.72   0.165  104.57   0.115  117.41   0.073
OGLE-LMC-LPV-40424  14.129 16.840  100.86   0.209  159.39   0.137  223.1    0.068
OGLE-LMC-LPV-40427  13.640 16.816  400.0    0.165 2564      0.322  258.9    0.101
OGLE-LMC-LPV-40437  14.106 17.608  121.68   0.138 6536      0.147  225.6    0.132
OGLE-LMC-LPV-40444  14.817 16.301   71.81   0.096   61.44   0.069   76.80   0.058
OGLE-LMC-LPV-40465  13.742 16.898  481.4    0.245  385.2    0.088  171.47   0.064
OGLE-LMC-LPV-40469  13.749 16.134  133.89   0.092 5000      0.087  214.4    0.054
OGLE-LMC-LPV-40490  14.886 16.682   88.56   0.111   92.06   0.083   48.337  0.069
OGLE-LMC-LPV-40495  14.343 18.056  129.89   0.348  225.0    0.167 6897      0.151
OGLE-LMC-LPV-40500  14.342 17.430  240.9    0.492  252.6    0.175  389.6    0.099
OGLE-LMC-LPV-40544  14.517 16.528   93.61   0.070  422.3    0.075  258.1    0.041
OGLE-LMC-LPV-40552  14.106 16.473   75.52   0.052  668.4    0.080  437.6    0.052
OGLE-LMC-LPV-40557  14.295 17.185  200.3    0.361  107.45   0.136  102.93   0.088
OGLE-LMC-LPV-40562  14.096 16.650  160.34   0.187  323.8    0.085  921.7    0.070
OGLE-LMC-LPV-40563  14.099 17.103  111.97   0.123 1062      0.106  171.61   0.094
OGLE-LMC-LPV-40589  14.038 16.460  139.56   0.137  148.88   0.096  246.0    0.044
OGLE-LMC-LPV-40592  13.515 15.949 1319      0.190  152.63   0.073  778.8    0.053
OGLE-LMC-LPV-40599  14.319 16.881  106.87   0.069  620.0    0.122  533.9    0.077
OGLE-LMC-LPV-40621  14.818 16.947   59.71   0.161  104.13   0.102  750.8    0.114
OGLE-LMC-LPV-40630  14.898 16.710   50.07   0.032  242.3    0.053  224.1    0.038
OGLE-LMC-LPV-40642  15.058 17.369   57.06   0.071  240.4    0.087  415.8    0.048
OGLE-LMC-LPV-40655  14.237 17.815  126.31   0.352  216.5    0.130 1730      0.139
OGLE-LMC-LPV-40658  15.268 18.502  231.5    0.165 2762      0.609  706.2    0.118
OGLE-LMC-LPV-40668  14.196 17.663  232.9    0.192  468.2    0.236 1838      0.162
OGLE-LMC-LPV-40687  14.273 16.922   87.17   0.180  869.6    0.109  140.98   0.090
OGLE-LMC-LPV-40732  14.595 16.398   51.98   0.051   79.81   0.038   84.18   0.027
OGLE-LMC-LPV-40737  14.610 17.357  153.33   0.105 6329      0.272 1067      0.098
OGLE-LMC-LPV-40742  14.940 16.724   72.90   0.043   46.624  0.042  587.2    0.027
OGLE-LMC-LPV-40750  14.736 17.550   73.93   0.055  500.5    0.103   78.78   0.062
OGLE-LMC-LPV-40751  13.431 15.839  152.83   0.083 1420      0.065  175.07   0.057
OGLE-LMC-LPV-40757  14.278 17.087   96.13   0.225 1255      0.176  170.24   0.138
OGLE-LMC-LPV-40762  14.016 16.667 1110      0.289  152.30   0.108 1330      0.084
OGLE-LMC-LPV-40763  15.655 18.192   49.406  0.076  535.0    0.049   47.560  0.036
OGLE-LMC-LPV-40769  14.175 17.646  123.78   0.225  233.2    0.135  127.80   0.141
OGLE-LMC-LPV-40777  14.093 16.997  107.60   0.186  189.47   0.131  744.6    0.098
OGLE-LMC-LPV-40780  14.038 16.755  312.4    0.167  278.0    0.069  173.52   0.069
OGLE-LMC-LPV-40795  14.066 16.847  161.91   0.158  144.24   0.093  446.0    0.056
OGLE-LMC-LPV-40809  17.200 20.477   52.89   0.046   47.943  0.026  267.5    0.025
OGLE-LMC-LPV-40816  14.231 17.831  119.34   0.247  199.56   0.123 1221      0.122
OGLE-LMC-LPV-40826  13.448 15.671  278.7    0.284  152.51   0.133 6536      0.106
OGLE-LMC-LPV-40828  14.297 17.754  102.43   0.090  666.2    0.146  401.3    0.106
OGLE-LMC-LPV-40831  14.560 16.735   99.05   0.048 2294      0.095 6211      0.062
OGLE-LMC-LPV-40851  14.400 17.599   94.99   0.054  841.8    0.068  163.05   0.055
OGLE-LMC-LPV-40862  14.777 18.112  186.91   0.193 2237      0.141  178.16   0.078
OGLE-LMC-LPV-40864  14.466 16.339  123.59   0.302  126.90   0.112   64.10   0.091
OGLE-LMC-LPV-40871  14.643 16.218   77.92   0.051   73.87   0.034  224.6    0.031
OGLE-LMC-LPV-40883  14.591 16.430   91.50   0.069   59.04   0.061  616.5    0.044
OGLE-LMC-LPV-40884  14.051 17.240  131.07   0.275  238.8    0.201  123.52   0.172
OGLE-LMC-LPV-40918  13.243 15.660  264.3    0.089 4219      0.091  348.9    0.058
OGLE-LMC-LPV-40924  15.706 17.931   80.21   0.038  184.13   0.029   49.843  0.022
OGLE-LMC-LPV-40935  14.269 17.244  131.06   0.079  408.5    0.223 1456      0.120
OGLE-LMC-LPV-40943  14.260 17.358  240.6    0.251  124.98   0.114  460.8    0.114
OGLE-LMC-LPV-40952  14.809 18.038  284.3    0.179  928.5    0.124  152.44   0.108
OGLE-LMC-LPV-40960  14.020 16.905  120.97   0.206  225.4    0.159  123.32   0.092
OGLE-LMC-LPV-40964  14.060 16.609  230.0    0.423  120.82   0.134  239.8    0.099
OGLE-LMC-LPV-40983  14.705 16.569  129.13   0.425  124.36   0.217  740.7    0.165
OGLE-LMC-LPV-40998  14.232 17.677  120.06   0.147  215.8    0.140  834.7    0.113
OGLE-LMC-LPV-41001  14.129 16.787  333.5    0.346  517.3    0.121  390.8    0.093
OGLE-LMC-LPV-41002  14.047 16.532  156.31   0.151 1099      0.067  293.0    0.057
OGLE-LMC-LPV-41003  13.900 16.734  233.8    0.254  243.8    0.152  127.96   0.090
OGLE-LMC-LPV-41012  13.663 16.431 1104      0.482  158.25   0.116  310.7    0.086
OGLE-LMC-LPV-41016  14.262 16.095  127.92   0.731  185.15   0.116  342.0    0.084
OGLE-LMC-LPV-41023  14.291 16.004  100.22   0.451  135.92   0.181  104.21   0.110
OGLE-LMC-LPV-41025  16.566 19.926  122.32   0.102  128.85   0.065 1397      0.055
OGLE-LMC-LPV-41026  14.171 16.994   99.92   0.095  297.9    0.089  157.21   0.054
OGLE-LMC-LPV-41032  14.147 17.102  103.46   0.223 1256      0.147  161.92   0.088
OGLE-LMC-LPV-41038  14.381 17.049  684.9    0.235  300.5    0.110  500.8    0.086
OGLE-LMC-LPV-41039  14.314 16.458  135.43   0.546  122.01   0.104   69.42   0.093
OGLE-LMC-LPV-41040  14.077 17.012  171.79   0.125 2070      0.161  160.67   0.115
OGLE-LMC-LPV-41043  12.845 15.288  164.08   0.063  680.7    0.048 1215      0.048
OGLE-LMC-LPV-41052  14.642 17.878   85.45   0.101  517.3    0.204   87.93   0.093
OGLE-LMC-LPV-41066  14.166 16.575  127.02   0.075 1513      0.108 3731      0.082
OGLE-LMC-LPV-41071  14.170 17.363  123.42   0.150  239.5    0.154  224.4    0.075
OGLE-LMC-LPV-41074  13.933 16.856  180.50   0.209  679.3    0.147  523.3    0.103
OGLE-LMC-LPV-41078  14.256 16.671  127.00   0.080  458.7    0.078  179.50   0.067
OGLE-LMC-LPV-41081  14.938 17.488   66.17   0.074  750.8    0.082   63.26   0.066
OGLE-LMC-LPV-41091  13.214 16.956  244.4    0.580  461.0    0.419 2639      0.227
OGLE-LMC-LPV-41102  14.282 16.605  143.07   0.087  262.3    0.058  545.6    0.054
OGLE-LMC-LPV-41108  14.561 16.449  110.14   0.220  115.43   0.078  112.71   0.087
OGLE-LMC-LPV-41112  14.222 17.119  331.2    0.237 2825      0.162  191.46   0.080
OGLE-LMC-LPV-41114  14.225 17.115  182.86   0.166  107.94   0.113 1727      0.087
OGLE-LMC-LPV-41121  14.313 16.087  119.80   0.236 4651      0.178  112.28   0.065
OGLE-LMC-LPV-41123  14.368 18.270  134.96   0.251  230.6    0.090 2924      0.099
OGLE-LMC-LPV-41128  14.476 16.561  142.92   0.230  138.68   0.111   73.64   0.097
OGLE-LMC-LPV-41143  14.354 16.468  151.65   0.525   79.38   0.059  191.35   0.060
OGLE-LMC-LPV-41174  14.548 16.170   72.96   0.038  290.6    0.026   44.817  0.023
OGLE-LMC-LPV-41177  14.201 16.380   82.44   0.094 1311      0.096   85.27   0.076
OGLE-LMC-LPV-41194  14.235 17.442  115.33   0.188  226.3    0.133  197.04   0.093
OGLE-LMC-LPV-41195  14.358 17.792  397.0    0.322 2278      0.258 6289      0.180
OGLE-LMC-LPV-41199  14.568 17.861  356.6    0.313 1799      0.213  183.39   0.103
OGLE-LMC-LPV-41203  14.825 16.917  127.05   0.087  729.9    0.122  216.7    0.059
OGLE-LMC-LPV-41215  14.265 17.172  305.3    0.185  249.6    0.085  131.87   0.067
OGLE-LMC-LPV-41220  15.162 18.560   84.29   0.085  731.0    0.083 6250      0.049
OGLE-LMC-LPV-41228  16.247 18.985   50.26   0.032  576.4    0.041   74.02   0.033
OGLE-LMC-LPV-41230  14.835 16.756   69.59   0.040 3817      0.080  410.2    0.049
OGLE-LMC-LPV-41243  13.493 15.655 1248      0.145  132.43   0.067  126.55   0.044
OGLE-LMC-LPV-41244  13.814 16.425  152.56   0.113 1613      0.185  391.5    0.079
OGLE-LMC-LPV-41248  14.931 16.923   83.22   0.054  263.8    0.035   77.98   0.031
OGLE-LMC-LPV-41260  14.682 17.655  321.1    0.324 6135      1.090 1025      0.271
OGLE-LMC-LPV-41289  14.012 17.114  178.46   0.130  254.8    0.097  504.3    0.073
OGLE-LMC-LPV-41292  13.732 17.000  227.5    0.137 2646      0.154  444.0    0.099
OGLE-LMC-LPV-41298  14.675 16.490   50.08   0.038  257.0    0.063   76.29   0.032
OGLE-LMC-LPV-41301  14.180 16.953  169.03   0.113 1490      0.201  342.5    0.126
OGLE-LMC-LPV-41302  14.759 16.430   45.349  0.081   79.28   0.077  639.0    0.057
OGLE-LMC-LPV-41307  13.562 15.632  129.61   0.264  227.3    0.104 1724      0.089
OGLE-LMC-LPV-41315  14.396 17.270  101.55   0.151  187.65   0.132  106.78   0.107
OGLE-LMC-LPV-41319  14.156 16.739  101.00   0.211  184.43   0.173   99.44   0.096
OGLE-LMC-LPV-41321  13.935 15.947   83.14   0.065  717.9    0.047 1239      0.029
OGLE-LMC-LPV-41338  15.186 17.282   45.392  0.158   82.58   0.128   78.69   0.108
OGLE-LMC-LPV-41344  14.243 16.482  105.29   0.048 1285      0.077  253.9    0.067
OGLE-LMC-LPV-41347  13.980 16.741  106.60   0.159 1451      0.127  108.91   0.086
OGLE-LMC-LPV-41355  14.256 16.769  166.83   0.096  622.3    0.155  195.43   0.074
OGLE-LMC-LPV-41382  14.662 18.452  125.75   0.160  228.1    0.170  118.50   0.116
OGLE-LMC-LPV-41387  13.942 16.437  145.07   0.098  267.0    0.076  637.3    0.061
OGLE-LMC-LPV-41390  13.980 16.520  132.91   0.047  476.6    0.107  257.5    0.076
OGLE-LMC-LPV-41392  15.681 19.311  140.57   0.069   88.67   0.055   86.28   0.045
OGLE-LMC-LPV-41398  13.008 16.471  239.6    0.405  458.1    0.494 2070      0.186
OGLE-LMC-LPV-41404  14.192 17.152  116.98   0.280  211.8    0.181  235.2    0.094
OGLE-LMC-LPV-41425  14.136 16.235   82.68   0.049  407.8    0.087 1028      0.078
OGLE-LMC-LPV-41427  14.345 17.210   82.58   0.066  692.0    0.120  489.5    0.063
OGLE-LMC-LPV-41441  14.346 16.589  200.6    0.103  208.1    0.065  187.02   0.046
OGLE-LMC-LPV-41469  14.465 17.369   86.84   0.074 4202      0.150  611.2    0.090
OGLE-LMC-LPV-41472  14.290 18.073  127.43   0.181  241.4    0.126  212.3    0.089
OGLE-LMC-LPV-41475  15.187 16.964   44.074  0.032  187.41   0.024   44.655  0.020
OGLE-LMC-LPV-41477  14.357 16.530  146.37   0.313  149.95   0.256 2793      0.085
OGLE-LMC-LPV-41479  14.303 16.843   82.39   0.071 1081      0.103  138.06   0.080
OGLE-LMC-LPV-41488  14.319 18.186  209.3    0.132  733.7    0.096  441.3    0.074
OGLE-LMC-LPV-41491  14.207 18.009  133.76   0.165 2208      0.159  130.92   0.107
OGLE-LMC-LPV-41494  14.510 17.716   95.14   0.218  167.64   0.183  154.39   0.129
OGLE-LMC-LPV-41495  14.114 15.909  116.64   0.430  127.94   0.175  123.40   0.144
OGLE-LMC-LPV-41536  14.678 18.031  212.0    0.306  141.84   0.179  200.1    0.151
OGLE-LMC-LPV-41576  14.671 17.354   85.35   0.080   73.18   0.057  142.65   0.041
OGLE-LMC-LPV-41587  14.407 16.959  150.13   0.107  233.8    0.116  307.1    0.092
OGLE-LMC-LPV-41590  14.192 16.852   92.34   0.093  414.6    0.117  582.1    0.087
OGLE-LMC-LPV-41591  14.098 17.007  106.68   0.087 1049      0.147  189.39   0.081
OGLE-LMC-LPV-41594  13.759 16.919  227.5    0.290 1117      0.162  440.7    0.127
OGLE-LMC-LPV-41600  14.442    -    103.68   0.105  236.4    0.113   44.496  0.049
OGLE-LMC-LPV-41606  14.420 16.478  121.12   0.510  128.30   0.116 6579      0.101
OGLE-LMC-LPV-41609  14.277 16.674   96.34   0.050  400.8    0.057  658.3    0.046
OGLE-LMC-LPV-41610  14.710 17.592  153.07   0.154 1838      0.155 2882      0.167
OGLE-LMC-LPV-41611  14.375 17.530  402.4    0.519 7692      0.213  207.0    0.138
OGLE-LMC-LPV-41613  14.128 16.421   94.99   0.068 5525      0.056  104.99   0.050
OGLE-LMC-LPV-41658  14.522 17.373   93.89   0.093   89.98   0.064  648.5    0.058
OGLE-LMC-LPV-41659  13.883 16.161  121.74   0.051 1096      0.216  660.9    0.084
OGLE-LMC-LPV-41671  14.214 17.027   83.72   0.144  684.5    0.175  489.0    0.091
OGLE-LMC-LPV-41672  14.543 16.901   71.56   0.125   70.44   0.076   75.26   0.069
OGLE-LMC-LPV-41676  14.195 17.067  308.3    0.235 7752      0.129  162.31   0.080
OGLE-LMC-LPV-41681  14.090 17.230  482.1    0.459 5952      0.310  525.8    0.146
OGLE-LMC-LPV-41708  14.163 16.928 1227      0.419 5263      0.106  135.10   0.109
OGLE-LMC-LPV-41718  14.242 16.921  104.01   0.063  311.2    0.103  643.5    0.060
OGLE-LMC-LPV-41720  14.438 16.907  251.0    0.458 6135      0.267  238.9    0.183
OGLE-LMC-LPV-41723  16.192 20.404  288.7    0.606 3891      1.683  608.6    1.285
OGLE-LMC-LPV-41725  14.460 16.836  276.1    0.166 2463      0.084  430.7    0.058
OGLE-LMC-LPV-41727  14.693 17.487  112.70   0.060  732.6    0.094  116.59   0.046
OGLE-LMC-LPV-41747  14.033 16.251  255.7    0.288  142.01   0.115  277.3    0.069
OGLE-LMC-LPV-41755  14.234 17.234  100.79   0.172  305.7    0.134   93.60   0.069
OGLE-LMC-LPV-41765  12.758 16.058  262.2    0.800  532.8    0.469 2088      0.285
OGLE-LMC-LPV-41769  14.933 17.114   51.81   0.050   52.98   0.034   50.91   0.030
OGLE-LMC-LPV-41785  15.594 17.690   34.717  0.049   66.14   0.046   38.580  0.043
OGLE-LMC-LPV-41800  14.144 16.971  201.5    0.237  716.3    0.094  113.83   0.083
OGLE-LMC-LPV-41836  13.773 16.311  109.98   0.092  189.47   0.068  149.16   0.046
OGLE-LMC-LPV-41841  14.071 16.549  322.9    0.250 7042      0.132  173.25   0.107
OGLE-LMC-LPV-41851  14.899 16.843   80.63   0.054  174.22   0.055  185.29   0.030
OGLE-LMC-LPV-41853  14.031 16.381 1064      0.292 2188      0.157  112.93   0.067
OGLE-LMC-LPV-41857  14.322 16.807   77.15   0.038  516.8    0.044  137.32   0.036
OGLE-LMC-LPV-41858  14.619 17.395  124.62   0.097  740.2    0.110  234.2    0.068
OGLE-LMC-LPV-41865  14.415 16.511  154.35   0.625  158.86   0.233 2165      0.170
OGLE-LMC-LPV-41867  13.921 16.843  179.92   0.132 2410      0.126  187.79   0.098
OGLE-LMC-LPV-41871  14.381 17.959  112.83   0.146  623.1    0.145  109.18   0.082
OGLE-LMC-LPV-41894  13.571 16.485  225.3    0.161 2179      0.244  408.7    0.116
OGLE-LMC-LPV-41898  14.804 17.619  125.75   0.126  713.3    0.211 1555      0.115
OGLE-LMC-LPV-41899  14.286 17.374   89.35   0.056  887.3    0.062 5435      0.069
OGLE-LMC-LPV-41906  14.161 16.802  333.7    0.731  803.2    0.217 6135      0.116
OGLE-LMC-LPV-41914  14.636 16.648   57.35   0.036  277.5    0.052   82.93   0.030
OGLE-LMC-LPV-41919  13.319 15.728  336.8    0.164 2053      0.213  196.93   0.069
OGLE-LMC-LPV-41921  14.328 17.079  183.96   0.152  100.17   0.113  193.80   0.108
OGLE-LMC-LPV-41933  14.271 17.178  219.7    0.366  112.37   0.207  115.27   0.131
OGLE-LMC-LPV-41945  14.070 16.774  239.5    0.163 1464      0.115 2398      0.093
OGLE-LMC-LPV-41952  13.820 17.028  189.97   0.160 2703      0.228  328.1    0.076
OGLE-LMC-LPV-41955  14.061 17.084  331.1    0.253 1600      0.128  190.48   0.101
OGLE-LMC-LPV-41963  14.284 16.652  201.2    0.097 7353      1.413  202.0    0.476
OGLE-LMC-LPV-41967  13.630 16.425  194.10   0.139 1724      0.337  178.32   0.101
OGLE-LMC-LPV-41968  14.705 18.342  117.56   0.218  214.3    0.149  120.12   0.093
OGLE-LMC-LPV-41969  14.006 16.270  140.20   0.142 1425      0.100  252.4    0.059
OGLE-LMC-LPV-41972  14.659 16.449   80.86   0.037   51.54   0.038   46.878  0.027
OGLE-LMC-LPV-41977  14.191 17.049  101.52   0.143  159.90   0.094 1175      0.080
OGLE-LMC-LPV-41991  14.528 17.075   65.88   0.077  166.69   0.053  182.62   0.039
OGLE-LMC-LPV-42000  14.328 16.496  121.60   0.047  740.2    0.068   82.39   0.032
OGLE-LMC-LPV-42010  15.125 17.426   75.23   0.049  409.8    0.091  308.6    0.044
OGLE-LMC-LPV-42013  13.815 16.677  198.41   0.246 2725      0.261  395.7    0.102
OGLE-LMC-LPV-42017  14.132 17.358  129.35   0.281  242.7    0.303  125.82   0.128
OGLE-LMC-LPV-42018  14.162 17.053  221.2    0.416  120.41   0.102  129.84   0.069
OGLE-LMC-LPV-42030  14.872 17.218  137.34   0.155   78.44   0.118  416.3    0.089
OGLE-LMC-LPV-42034  14.310 17.339  111.57   0.152  129.85   0.122 1083      0.101
OGLE-LMC-LPV-42037  14.259 17.457  124.50   0.166  227.4    0.196  208.8    0.109
OGLE-LMC-LPV-42040  14.317 17.428  106.07   0.113  196.81   0.117  395.4    0.079
OGLE-LMC-LPV-42041  14.026 16.709  172.29   0.081  921.7    0.114 3968      0.087
OGLE-LMC-LPV-42043  14.137 17.743  127.34   0.125 1376      0.117  122.37   0.077
OGLE-LMC-LPV-42052  15.285 18.276  270.3    0.251  259.5    0.102  447.2    0.081
OGLE-LMC-LPV-42085  14.439 17.251  137.23   0.059  460.2    0.199  593.8    0.112
OGLE-LMC-LPV-42091  13.544 16.094  338.7    0.236 2058      0.203  189.83   0.082
OGLE-LMC-LPV-42097  13.816 15.777  104.13   0.056  152.37   0.039  168.29   0.038
OGLE-LMC-LPV-42098  15.393 17.474   42.906  0.150  628.9    0.093   43.842  0.066
OGLE-LMC-LPV-42113  14.483 17.269  328.5    0.620  973.7    0.135 2747      0.105
OGLE-LMC-LPV-42134  14.173 17.480  154.55   0.082  439.8    0.070  618.8    0.056
OGLE-LMC-LPV-42141  14.882 17.765  114.84   0.071  225.5    0.067  159.11   0.048
OGLE-LMC-LPV-42160  14.237 16.947  188.86   0.126 2481      0.149  293.7    0.071
OGLE-LMC-LPV-42163  14.492 16.605  170.68   0.401  151.42   0.258 1488      0.117
OGLE-LMC-LPV-42166  14.099 16.956  106.99   0.152  171.06   0.129   97.74   0.086
OGLE-LMC-LPV-42168  14.456 17.303  296.0    0.214  267.4    0.107 1379      0.098
OGLE-LMC-LPV-42174  14.285 17.789  133.70   0.299  243.5    0.193  265.0    0.140
OGLE-LMC-LPV-42177  15.806 17.709   54.00   0.128   60.21   0.110   31.777  0.090
OGLE-LMC-LPV-42180  14.190 16.295  123.53   0.148  118.69   0.081  584.8    0.058
OGLE-LMC-LPV-42192  14.284 17.668  105.47   0.102  520.6    0.063  115.55   0.048
OGLE-LMC-LPV-42196  13.987 16.555  148.65   0.224  958.8    0.097  528.0    0.061
OGLE-LMC-LPV-42204  14.112 16.681  216.9    0.216  119.80   0.122  114.03   0.077
OGLE-LMC-LPV-42207  14.388 16.988  127.01   0.092  547.0    0.069  343.3    0.049
OGLE-LMC-LPV-42223  14.092 16.541   84.40   0.053  587.2    0.053  144.66   0.040
OGLE-LMC-LPV-42224  14.531 16.070   80.78   0.122   83.03   0.081   97.13   0.056
OGLE-LMC-LPV-42228  14.207 17.397  108.17   0.146  713.8    0.162  113.53   0.090
OGLE-LMC-LPV-42253  15.421 17.292   46.147  0.020  270.6    0.027  349.2    0.017
OGLE-LMC-LPV-42259  14.219 16.997   93.07   0.172  298.2    0.091   94.41   0.078
OGLE-LMC-LPV-42261  14.459 16.951  120.48   0.129  498.3    0.135  583.4    0.116
OGLE-LMC-LPV-42270  14.137 17.235  102.98   0.059  822.4    0.126  566.6    0.103
OGLE-LMC-LPV-42277  14.095 17.630  116.29   0.114  628.5    0.156  120.90   0.074
OGLE-LMC-LPV-42310  14.336 17.065   81.35   0.090  747.9    0.155 5587      0.103
OGLE-LMC-LPV-42311  13.942 16.933  214.7    0.275 3322      0.220  379.9    0.101
OGLE-LMC-LPV-42313  15.351 17.220   34.674  0.040  421.1    0.055   55.43   0.037
OGLE-LMC-LPV-42324  15.272 17.539   54.87   0.108  667.6    0.079   98.63   0.071
OGLE-LMC-LPV-42330  13.877 16.193  135.17   0.111  788.6    0.235  193.65   0.059
OGLE-LMC-LPV-42338  14.308 16.919  130.65   0.115 1130      0.171  227.9    0.063
OGLE-LMC-LPV-42339  14.134 16.932  371.9    0.448 6944      0.175  229.1    0.089
OGLE-LMC-LPV-42341  14.441 17.105   81.00   0.114  811.0    0.085  145.92   0.079
OGLE-LMC-LPV-42352  14.636 16.477   55.79   0.030   94.90   0.030  428.3    0.027
OGLE-LMC-LPV-42367  14.817 16.259   53.32   0.033   49.230  0.026  291.8    0.025
OGLE-LMC-LPV-42376  14.213 17.249  110.24   0.125  440.1    0.123  189.47   0.059
OGLE-LMC-LPV-42378  14.925 18.055  158.91   0.101 1508      0.210 6494      0.110
OGLE-LMC-LPV-42392  14.422 16.136  112.81   0.341  108.75   0.074 2994      0.060
OGLE-LMC-LPV-42415  13.099 16.831  216.8    0.424  384.2    0.215  432.7    0.080
OGLE-LMC-LPV-42419  14.057 16.695  164.40   0.119  290.1    0.108  154.85   0.079
OGLE-LMC-LPV-42422  14.280 16.656  510.1    0.176  332.6    0.061  784.3    0.056
OGLE-LMC-LPV-42432  15.106 17.584   57.55   0.056   81.90   0.040  354.1    0.036
OGLE-LMC-LPV-42435  14.561 16.953  133.65   0.085  725.2    0.174  584.8    0.126
OGLE-LMC-LPV-42438  14.597 16.212   75.23   0.030  240.7    0.042  221.8    0.029
OGLE-LMC-LPV-42460  14.134 17.523  197.91   0.164  120.03   0.096  212.0    0.083
OGLE-LMC-LPV-42465  14.036 16.477  167.12   0.130  152.86   0.086  120.51   0.072
OGLE-LMC-LPV-42467  14.372 17.049  848.8    0.307 1111      0.099  202.1    0.071
OGLE-LMC-LPV-42470  15.133 17.084   89.49   0.160   47.499  0.103   91.66   0.092
OGLE-LMC-LPV-42471  14.507 18.368  119.61   0.141  775.8    0.096  126.97   0.075
OGLE-LMC-LPV-42512  13.603 15.972 1096      0.165 4902      0.119  199.96   0.051
OGLE-LMC-LPV-42528  15.267 17.520   59.43   0.112  738.0    0.150  104.68   0.066
OGLE-LMC-LPV-42546  14.714 16.346   67.68   0.023  150.33   0.028   43.714  0.023
OGLE-LMC-LPV-42552  14.617 17.742   75.53   0.105  405.7    0.061  868.1    0.071
OGLE-LMC-LPV-42555  14.705 16.888   63.00   0.050  770.4    0.056   62.13   0.045
OGLE-LMC-LPV-42570  14.301 17.541  370.3    0.332  836.8    0.189  203.0    0.117
OGLE-LMC-LPV-42573  14.534 17.090  141.48   0.169 1475      0.337  672.0    0.142
OGLE-LMC-LPV-42604  14.270 17.231  116.13   0.141  192.01   0.094  107.28   0.078
OGLE-LMC-LPV-42620  14.261 16.989  259.7    0.231 1623      0.108 1072      0.052
OGLE-LMC-LPV-42639  14.606 16.594   59.49   0.054  577.4    0.042   58.28   0.041
OGLE-LMC-LPV-42643  14.794 16.757   91.59   0.279   94.30   0.211  716.8    0.185
OGLE-LMC-LPV-42648  14.789 17.810  151.16   0.229   86.23   0.164  788.0    0.155
OGLE-LMC-LPV-42654  14.092 16.861  185.71   0.274  391.8    0.076  222.5    0.048
OGLE-LMC-LPV-42663  13.411 15.667  146.94   0.108  150.15   0.064 7246      0.055
OGLE-LMC-LPV-42692  13.912 16.638  329.6    0.185 2217      0.244  160.93   0.078
OGLE-LMC-LPV-42701  14.324 16.713  226.5    0.106  198.14   0.073  307.6    0.049
OGLE-LMC-LPV-42706  13.937 16.691  111.57   0.141  207.0    0.162  195.31   0.124
OGLE-LMC-LPV-42721  14.009 16.345  126.70   0.083 1010      0.068  181.62   0.049
OGLE-LMC-LPV-42736  14.184 17.595  116.69   0.225 1416      0.179  112.82   0.106
OGLE-LMC-LPV-42751  13.744 16.353  327.2    0.503  888.1    0.184 5263      0.090
OGLE-LMC-LPV-42753  14.582 16.193   83.45   0.202  605.0    0.096   78.85   0.079
OGLE-LMC-LPV-42758  13.200 15.739  156.08   0.093  777.6    0.060  103.81   0.048
OGLE-LMC-LPV-42774  14.667 16.851   59.46   0.121   55.62   0.069  968.1    0.056
OGLE-LMC-LPV-42775  14.051 16.975  251.5    0.632  137.10   0.108  237.2    0.111
OGLE-LMC-LPV-42776  14.520 16.630   73.80   0.078  204.7    0.072  276.7    0.058
OGLE-LMC-LPV-42778  14.269 16.822   82.62   0.095  135.98   0.078  122.38   0.056
OGLE-LMC-LPV-42779  14.727 16.470   82.85   0.050   77.65   0.041   91.44   0.040
OGLE-LMC-LPV-42783  14.475 17.277  270.8    0.425  291.8    0.212  324.4    0.128
OGLE-LMC-LPV-42785  14.364 16.855  153.00   0.089 2899      0.153  733.1    0.128
OGLE-LMC-LPV-42802  14.015 17.344  821.5    0.302 6410      0.083  172.59   0.062
OGLE-LMC-LPV-42807  14.329 17.296   83.46   0.053  475.7    0.077  645.6    0.070
OGLE-LMC-LPV-42809  14.006 16.739  180.29   0.231  890.5    0.143  369.7    0.099
OGLE-LMC-LPV-42812  14.104 17.015  177.34   0.131 4032      0.259  342.2    0.077
OGLE-LMC-LPV-42825  16.250 18.681  227.0    0.177 4310      1.230  227.7    0.201
OGLE-LMC-LPV-42831  14.021 16.251  127.45   0.083  297.5    0.077  212.9    0.057
OGLE-LMC-LPV-42835  14.093 17.263  207.4    0.121 1443      0.274  412.2    0.237
OGLE-LMC-LPV-42849  14.521 16.436  114.47   0.203  549.5    0.118  120.06   0.060
OGLE-LMC-LPV-42853  14.109 16.216   95.01   0.056  900.1    0.085 4132      0.037
OGLE-LMC-LPV-42854  14.407 17.257  172.68   0.137   92.65   0.059   97.90   0.056
OGLE-LMC-LPV-42858  13.857 16.385  135.44   0.157  853.2    0.069  129.70   0.061
OGLE-LMC-LPV-42863  13.791 16.410  106.78   0.080  104.65   0.081  182.52   0.062
OGLE-LMC-LPV-42864  14.917 16.825   66.97   0.037 1101      0.030   46.049  0.024
OGLE-LMC-LPV-42879  15.069 16.518   41.668  0.064  478.2    0.055   50.37   0.048
OGLE-LMC-LPV-42886  14.141 16.686   98.88   0.178  183.82   0.112  102.83   0.068
OGLE-LMC-LPV-42890  14.178 16.413  144.96   0.197  285.9    0.171  309.2    0.097
OGLE-LMC-LPV-42894  13.945 16.504  154.00   0.100  255.3    0.101 1072      0.081
OGLE-LMC-LPV-42895  14.395 17.793  374.6    0.424 1175      0.125  307.4    0.071
OGLE-LMC-LPV-42918  14.103 16.494  263.2    0.123  287.0    0.093 3040      0.083
OGLE-LMC-LPV-42930  13.957 16.724  178.41   0.208 1727      0.390  367.1    0.153
OGLE-LMC-LPV-42936  14.174 17.077  117.05   0.179  237.2    0.142  107.49   0.060
OGLE-LMC-LPV-42950  15.291 17.799   68.42   0.042 2070      0.159 4405      0.097
OGLE-LMC-LPV-42965  14.708 16.640  106.20   0.096  144.34   0.054   58.79   0.040
OGLE-LMC-LPV-42975  14.076 16.545  133.09   0.164  145.41   0.081  276.3    0.063
OGLE-LMC-LPV-42979  14.087 16.897  190.88   0.308 3300      0.257 7194      0.131
OGLE-LMC-LPV-42983  14.556 17.212  277.5    0.136  237.2    0.071 2433      0.070
OGLE-LMC-LPV-42996  14.265 17.110   87.31   0.112  709.2    0.092  117.52   0.064
OGLE-LMC-LPV-42998  14.324 17.093  433.7    0.192  389.4    0.073  141.02   0.076
OGLE-LMC-LPV-43020  14.308 17.831  225.3    0.223 1269      0.211  463.4    0.203
OGLE-LMC-LPV-43028  14.612 17.645  496.5    0.325  603.1    0.175  818.3    0.078
OGLE-LMC-LPV-43047  14.140 17.131  206.0    0.245  112.10   0.109  184.81   0.110
OGLE-LMC-LPV-43049  14.078 17.184  224.5    0.143  246.9    0.090 1736      0.088
OGLE-LMC-LPV-43061  14.232 17.108   90.81   0.089 1307      0.142  143.08   0.066
OGLE-LMC-LPV-43062  13.998 16.868  221.3    0.163 2488      0.090  235.6    0.079
OGLE-LMC-LPV-43078  14.460 16.626   81.11   0.028  390.6    0.043  744.6    0.045
OGLE-LMC-LPV-43083  14.292 17.042  189.79   0.200  184.54   0.086  102.74   0.081
OGLE-LMC-LPV-43084  14.537 16.182   70.12   0.024  545.6    0.021   42.805  0.019
OGLE-LMC-LPV-43087  14.365 17.296  129.73   0.141  102.74   0.102  455.2    0.088
OGLE-LMC-LPV-43092  14.269 16.834   91.61   0.064  916.6    0.101   85.37   0.075
OGLE-LMC-LPV-43098  14.893 17.032   83.45   0.034  295.2    0.052  522.2    0.034
OGLE-LMC-LPV-43106  14.316 17.161  241.5    0.167  278.2    0.107  861.3    0.088
OGLE-LMC-LPV-43120  14.590 17.521  331.0    0.551  723.1    0.155  276.2    0.089
OGLE-LMC-LPV-43128  14.201 16.823  119.65   0.087 1736      0.212 1374      0.067
OGLE-LMC-LPV-43134  13.987 17.147  231.1    0.209  242.5    0.107 6289      0.114
OGLE-LMC-LPV-43141  14.837 16.981   79.55   0.057  161.92   0.045   84.32   0.033
OGLE-LMC-LPV-43146  13.997 17.148  111.92   0.124  198.77   0.129  189.65   0.084
OGLE-LMC-LPV-43153  14.358 17.988  132.03   0.131  238.9    0.166  135.65   0.083
OGLE-LMC-LPV-43160  13.884 16.494  316.3    0.116  374.7    0.074  665.8    0.056
OGLE-LMC-LPV-43172  14.661 16.417   44.809  0.031   80.89   0.031  263.5    0.027
OGLE-LMC-LPV-43186  14.175 17.099  112.80   0.138  219.7    0.183  117.97   0.149
OGLE-LMC-LPV-43203  14.578 16.294  131.41   0.658 2183      0.178  128.88   0.130
OGLE-LMC-LPV-43206  14.737 16.428   45.871  0.037   66.14   0.024   38.232  0.020
OGLE-LMC-LPV-43208  15.883 17.914  183.55   0.044 2415      1.279  476.6    0.300
OGLE-LMC-LPV-43210  14.405 16.793  210.2    0.172  226.0    0.122  128.95   0.086
OGLE-LMC-LPV-43215  14.588 16.712  636.8    0.108   67.41   0.043  302.6    0.037
OGLE-LMC-LPV-43219  15.126 17.737  227.3    0.134  129.37   0.078  121.71   0.064
OGLE-LMC-LPV-43250  14.043 17.224  125.78   0.122  236.0    0.126  120.51   0.069
OGLE-LMC-LPV-43252  14.217 17.204  100.46   0.134  990.1    0.134  103.16   0.063
OGLE-LMC-LPV-43259  14.401 18.012  250.3    0.359  137.01   0.158  278.3    0.156
OGLE-LMC-LPV-43289  13.699 16.096 1015      0.241 2500      0.078  147.19   0.076
OGLE-LMC-LPV-43291  13.873 16.411 1126      0.313  625.0    0.105  243.4    0.090
OGLE-LMC-LPV-43293  14.614 16.298   44.490  0.049   49.776  0.035  703.2    0.032
OGLE-LMC-LPV-43319  14.096 16.810  326.3    0.456 1114      0.134 5780      0.116
OGLE-LMC-LPV-43331  14.352 16.192   63.61   0.094  121.40   0.087   66.11   0.052
OGLE-LMC-LPV-43333  14.182 17.847  132.87   0.177 6250      0.190  247.3    0.132
OGLE-LMC-LPV-43335  14.208 16.722  154.52   0.119   88.44   0.092   85.21   0.077
OGLE-LMC-LPV-43336  14.285 17.026   93.67   0.155  419.3    0.081   88.73   0.068
OGLE-LMC-LPV-43366  13.437 15.780  113.38   0.053 1305      0.073 1637      0.046
OGLE-LMC-LPV-43369  14.820 16.837   50.05   0.027  671.6    0.029  165.34   0.023
OGLE-LMC-LPV-43392  14.040 16.655  175.85   0.138 1437      0.084  309.3    0.083
OGLE-LMC-LPV-43396  13.902 16.572  260.7    0.123  291.0    0.103  977.5    0.073
OGLE-LMC-LPV-43403  14.340 17.279   87.90   0.111  163.72   0.095  968.1    0.105
OGLE-LMC-LPV-43406  14.776 16.691  102.22   0.238  128.60   0.207  481.0    0.115
OGLE-LMC-LPV-43410  14.477 16.750   84.77   0.076 1134      0.060   79.19   0.047
OGLE-LMC-LPV-43432  14.938 16.841  109.58   0.565  123.81   0.182 7519      0.151
OGLE-LMC-LPV-43440  13.980 16.268  160.82   0.125  149.70   0.131  280.0    0.097
OGLE-LMC-LPV-43449  14.239 17.409  115.89   0.096 1096      0.082  206.5    0.071
OGLE-LMC-LPV-43462  14.292 17.896  117.25   0.119  649.4    0.138 6369      0.090
OGLE-LMC-LPV-43473  14.161 16.879  207.8    0.138 2020      0.176 7407      0.099
OGLE-LMC-LPV-43487  14.283 17.974  125.50   0.178  506.1    0.130 6024      0.111
OGLE-LMC-LPV-43499  14.320 16.132  132.24   0.635  375.9    0.097   78.71   0.059
OGLE-LMC-LPV-43513  14.908 16.859   48.814  0.059  565.0    0.058   84.99   0.044
OGLE-LMC-LPV-43517  13.968 16.817  177.86   0.216  423.9    0.105 1669      0.101
OGLE-LMC-LPV-43519  14.940 17.128   55.26   0.099   93.51   0.079  664.5    0.082
OGLE-LMC-LPV-43532  14.697 16.931  127.73   0.219  137.14   0.131   69.97   0.081
OGLE-LMC-LPV-43533  14.624 16.586   56.70   0.060  184.74   0.048   83.61   0.031
OGLE-LMC-LPV-43548  13.929 16.322  964.5    0.319  189.18   0.076 4082      0.079
OGLE-LMC-LPV-43552  14.461 17.496  156.76   0.106 1751      0.333 1196      0.118
OGLE-LMC-LPV-43553  14.163 16.179   69.48   0.045  819.0    0.043   62.46   0.034
OGLE-LMC-LPV-43570  14.214 17.948  120.15   0.157 2137      0.115  110.56   0.083
OGLE-LMC-LPV-43576  13.843 16.010  249.6    0.251  267.0    0.121 1761      0.094
OGLE-LMC-LPV-43600  14.934 16.977  111.61   0.062  171.56   0.043  134.70   0.038
OGLE-LMC-LPV-43613  14.146 17.957  134.72   0.248  145.96   0.110  686.8    0.083
OGLE-LMC-LPV-43614  14.334 16.909  125.51   0.107  405.5    0.095   78.04   0.064
OGLE-LMC-LPV-43617  14.791 18.185  202.4    0.459 1242      0.182  104.30   0.135
OGLE-LMC-LPV-43622  14.334 17.341  177.53   0.152 1754      0.183 3759      0.064
OGLE-LMC-LPV-43632  15.733 18.676  424.3    0.746 2257      0.597  425.9    0.295
OGLE-LMC-LPV-43635  14.705 17.213  162.26   0.759  271.4    0.127  142.67   0.103
OGLE-LMC-LPV-43639  14.699 16.967  133.48   0.147 5348      0.166  185.46   0.118
OGLE-LMC-LPV-43642  13.143 16.820  364.4    0.280 1035      0.186 2353      0.144
OGLE-LMC-LPV-43650  13.063 16.820  428.1    0.483  152.77   0.114 1230      0.107
OGLE-LMC-LPV-43668  14.419 17.606  218.0    0.270  125.87   0.102  118.55   0.081
OGLE-LMC-LPV-43685  13.977 15.196   74.15   0.018   80.12   0.015   57.75   0.014
OGLE-LMC-LPV-43697  14.117 16.366  286.2    0.265  267.8    0.072  146.22   0.072
OGLE-LMC-LPV-43702  14.231 15.957  110.95   0.500 6667      0.100  108.58   0.090
OGLE-LMC-LPV-43708  14.885 17.992   72.53   0.101  484.7    0.082  421.1    0.083
OGLE-LMC-LPV-43713  14.283 16.622   78.95   0.043  381.8    0.072  562.7    0.049
OGLE-LMC-LPV-43720  14.529 17.307  186.53   0.088 6944      0.356  938.1    0.087
OGLE-LMC-LPV-43723  13.985 17.148  236.7    0.315  131.27   0.159  126.17   0.131
OGLE-LMC-LPV-43727  14.227 17.460  422.3    0.289  371.7    0.110  237.9    0.094
OGLE-LMC-LPV-43737  14.781 17.169  213.1    0.356  248.6    0.110  116.97   0.107
OGLE-LMC-LPV-43763  14.006 16.698  155.50   0.085 2762      0.099  136.35   0.041
OGLE-LMC-LPV-43787  13.198 15.731  220.4    0.286 1565      0.132 3690      0.044
OGLE-LMC-LPV-43797  15.491 16.720   28.115  0.045   33.712  0.024   28.337  0.022
OGLE-LMC-LPV-43798  14.342 16.395  121.74   0.325   69.61   0.113   63.19   0.085
OGLE-LMC-LPV-43808  14.430 17.925  240.6    0.305 1022      0.161  129.12   0.099
OGLE-LMC-LPV-43812  14.395 16.948  114.13   0.125  936.3    0.169  617.7    0.093
OGLE-LMC-LPV-43846  13.758 15.975  174.78   0.067 1555      0.044 5714      0.033
OGLE-LMC-LPV-43855  14.111 17.352  108.00   0.073 3425      0.082  193.01   0.072
OGLE-LMC-LPV-43866  14.533 16.463   59.03   0.101  690.6    0.059  101.74   0.045
OGLE-LMC-LPV-43869  14.526 16.291   92.36   0.103   89.54   0.090   85.03   0.062
OGLE-LMC-LPV-43880  14.314 16.914   78.52   0.074  460.4    0.109  554.9    0.063
OGLE-LMC-LPV-43882  14.217 17.449  179.15   0.127  126.33   0.092 1241      0.083
OGLE-LMC-LPV-43885  13.528 15.767  123.70   0.044 1403      0.085  316.1    0.034
OGLE-LMC-LPV-43896  14.035 16.570  108.70   0.043 1613      0.169  933.7    0.056
OGLE-LMC-LPV-43902  14.237 16.495  159.15   0.257   86.53   0.174  143.33   0.078
OGLE-LMC-LPV-43907  14.534 16.396   56.28   0.064  777.6    0.060   57.07   0.047
OGLE-LMC-LPV-43908  14.184 16.450  130.45   0.212  236.9    0.176  256.2    0.101
OGLE-LMC-LPV-43934  14.060 16.427  110.24   0.134 1227      0.135 2252      0.053
OGLE-LMC-LPV-43936  14.366 18.111  140.37   0.178  144.26   0.178  136.35   0.118
OGLE-LMC-LPV-44003  14.875 17.955   83.77   0.170 1086      0.109  138.24   0.059
OGLE-LMC-LPV-44004  14.325 17.923  118.08   0.162  127.73   0.094  113.21   0.072
OGLE-LMC-LPV-44008  13.629 16.724  419.1    0.310 5952      0.242  218.7    0.112
OGLE-LMC-LPV-44020  14.179 17.024  183.36   0.237 3788      0.124  167.31   0.103
OGLE-LMC-LPV-44031  14.267 16.977  138.66   0.122  129.25   0.087  236.6    0.068
OGLE-LMC-LPV-44033  14.294 16.439  153.88   0.402  144.93   0.095   79.66   0.077
OGLE-LMC-LPV-44034  14.164 16.929  257.1    0.119 1783      0.121 2488      0.079
OGLE-LMC-LPV-44049  13.922 16.381  148.79   0.067  228.1    0.064  793.7    0.051
OGLE-LMC-LPV-44060  13.954 16.685 1280      0.218  298.4    0.102  157.68   0.097
OGLE-LMC-LPV-44068  14.104 16.528  123.44   0.088 1393      0.056  126.33   0.048
OGLE-LMC-LPV-44088  14.183 18.067 1029      0.486 6711      0.113  111.67   0.116
OGLE-LMC-LPV-44102  14.246 16.931  149.01   0.119 1372      0.281  255.0    0.089
OGLE-LMC-LPV-44114  14.200 16.975  146.89   0.062  627.7    0.088  156.30   0.051
OGLE-LMC-LPV-44115  13.923 16.809  163.56   0.135 1757      0.567 7299      0.104
OGLE-LMC-LPV-44139  14.575 18.584  237.5    0.174 4566      0.089  257.6    0.090
OGLE-LMC-LPV-44145  14.172 16.756  155.20   0.170  285.1    0.092  145.77   0.064
OGLE-LMC-LPV-44153  14.329 17.147  102.36   0.242 1000      0.101  105.92   0.096
OGLE-LMC-LPV-44157  14.405 16.719   69.32   0.061  105.93   0.049   71.23   0.043
OGLE-LMC-LPV-44165  14.141 17.207  101.77   0.091  658.8    0.088  156.18   0.063
OGLE-LMC-LPV-44192  14.199 17.559  106.94   0.158  934.6    0.229  109.10   0.130
OGLE-LMC-LPV-44197  14.263 18.008  116.48   0.136  113.11   0.075  888.9    0.070
OGLE-LMC-LPV-44206  13.289 15.595  178.45   0.073 1490      0.057  282.3    0.043
OGLE-LMC-LPV-44220  15.046 18.973  483.3    0.574 2299      0.299 5405      0.146
OGLE-LMC-LPV-44231  14.263 18.491  252.4    0.278 1629      0.157  155.26   0.152
OGLE-LMC-LPV-44233  14.229 15.317   65.04   0.106  708.2    0.130   41.140  0.105
OGLE-LMC-LPV-44239  14.496 16.959   73.61   0.068  424.1    0.067  470.8    0.054
OGLE-LMC-LPV-44241  14.655 17.118  149.86   0.115  915.8    0.105  531.9    0.074
OGLE-LMC-LPV-44245  14.578 18.468  257.1    0.352  136.48   0.140  271.1    0.109
OGLE-LMC-LPV-44246  14.216 17.865  118.13   0.109  111.10   0.100  115.58   0.076
OGLE-LMC-LPV-44247  14.896 17.888 1235      0.304 6623      0.153  234.5    0.118
OGLE-LMC-LPV-44257  15.175 17.174   90.42   0.229   88.64   0.105   81.57   0.078
OGLE-LMC-LPV-44270  14.201 16.983   96.43   0.076  633.7    0.075  173.58   0.064
OGLE-LMC-LPV-44278  14.898 17.929  177.54   0.303  162.23   0.147 6667      0.120
OGLE-LMC-LPV-44281  15.255 17.003   48.109  0.081   33.947  0.047   34.422  0.034
OGLE-LMC-LPV-44286  13.968 16.539  161.42   0.143  280.1    0.105  154.82   0.063
OGLE-LMC-LPV-44306  13.639 16.536  228.7    0.156  438.0    0.091 1261      0.065
OGLE-LMC-LPV-44312  13.846 16.934  199.12   0.180  498.0    0.142 3040      0.103
OGLE-LMC-LPV-44315  14.268 16.804  131.10   0.126  246.3    0.128  133.82   0.082
OGLE-LMC-LPV-44324  14.233 17.122   92.28   0.132 2075      0.092   96.60   0.086
OGLE-LMC-LPV-44326  15.186 17.720   58.05   0.051  365.6    0.078   55.53   0.066
OGLE-LMC-LPV-44329  15.440 17.369   57.38   0.047   36.290  0.031   53.76   0.027
OGLE-LMC-LPV-44335  14.227 17.952  117.20   0.174  200.7    0.109  873.4    0.081
OGLE-LMC-LPV-44336  14.871 17.495  119.55   0.091  511.0    0.082  561.5    0.050
OGLE-LMC-LPV-44342  14.260 17.429   90.47   0.047  708.2    0.187  808.4    0.151
OGLE-LMC-LPV-44344  13.919 16.515  159.24   0.185  169.26   0.113  260.3    0.099
OGLE-LMC-LPV-44372  15.592 17.550   35.149  0.131  533.6    0.057   60.69   0.056
OGLE-LMC-LPV-44391  14.602 17.071   93.08   0.092  572.1    0.088 2625      0.063
OGLE-LMC-LPV-44394  15.239 17.594   57.95   0.111   53.61   0.055  105.94   0.042
OGLE-LMC-LPV-44395  14.064 17.296  127.33   0.176  590.0    0.146  234.6    0.136
OGLE-LMC-LPV-44413  14.049 17.340  220.0    0.230 2392      0.108  211.1    0.116
OGLE-LMC-LPV-44426  14.429 16.917  183.32   0.120  620.0    0.133 1661      0.108
OGLE-LMC-LPV-44437  14.781 17.608   89.98   0.164 1258      0.094  158.60   0.086
OGLE-LMC-LPV-44444  16.186 18.178   29.415  0.027  168.38   0.027  226.2    0.029
OGLE-LMC-LPV-44447  14.142 17.050  177.79   0.179  641.8    0.152  112.52   0.075
OGLE-LMC-LPV-44459  14.204 17.680  115.39   0.281  113.40   0.191 1236      0.114
OGLE-LMC-LPV-44464  14.611 17.131   77.68   0.070  499.5    0.100  674.3    0.056
OGLE-LMC-LPV-44473  14.251 17.307  179.86   0.182  283.7    0.124  326.2    0.086
OGLE-LMC-LPV-44475  14.222 17.383  193.85   0.194 1183      0.150  331.1    0.112
OGLE-LMC-LPV-44528  14.889 17.495   69.54   0.192  725.7    0.146   71.64   0.131
OGLE-LMC-LPV-44547  14.102 16.829   98.72   0.173  955.1    0.112   92.52   0.078
OGLE-LMC-LPV-44553  14.614 16.218   60.70   0.024   42.299  0.019   36.786  0.017
OGLE-LMC-LPV-44561  15.164 18.155   77.31   0.120  925.9    0.107   70.04   0.081
OGLE-LMC-LPV-44562  14.281 17.759  236.7    0.068  912.4    0.176  194.17   0.097
OGLE-LMC-LPV-44569  13.970 16.452  218.4    0.392  212.1    0.147  222.0    0.079
OGLE-LMC-LPV-44572  15.123 16.996   45.705  0.058   46.683  0.054   44.425  0.040
OGLE-LMC-LPV-44582  13.684 16.554  139.57   0.106 2188      0.447 5814      0.336
OGLE-LMC-LPV-44584  14.607 16.732   57.29   0.030  275.8    0.049  346.5    0.049
OGLE-LMC-LPV-44589  14.356 17.317   85.04   0.088  727.8    0.076  641.0    0.056
OGLE-LMC-LPV-44597  14.217 17.729  809.6    0.376  670.2    0.068   96.26   0.053
OGLE-LMC-LPV-44598  13.623 16.498  311.7    0.290  229.1    0.110  197.90   0.091
OGLE-LMC-LPV-44607  15.334 17.641   79.22   0.017  278.6    0.045  241.1    0.037
OGLE-LMC-LPV-44613  14.267 17.684  201.3    0.109 4167      0.208  223.2    0.098
OGLE-LMC-LPV-44623  14.371 16.849  223.1    0.111  231.5    0.131 1515      0.077
OGLE-LMC-LPV-44626  14.502 17.379  161.34   0.141 2268      0.155  863.6    0.081
OGLE-LMC-LPV-44630  14.741 16.973  125.94   0.138  748.5    0.139   79.45   0.071
OGLE-LMC-LPV-44631  14.426 16.940  139.70   0.073 1560      0.149  263.9    0.091
OGLE-LMC-LPV-44637  14.057 16.437  160.31   0.340  304.4    0.235  169.15   0.164
OGLE-LMC-LPV-44638  14.357 17.228  196.30   0.291  956.0    0.178  105.69   0.086
OGLE-LMC-LPV-44642  14.341 16.818   78.95   0.065  481.9    0.104 4717      0.059
OGLE-LMC-LPV-44650  15.002 17.549  152.44   0.737 4425      0.313  147.99   0.144
OGLE-LMC-LPV-44665  14.525 16.360  112.84   0.198   61.46   0.076  104.05   0.035
OGLE-LMC-LPV-44672  14.206 16.834  199.10   0.588 7576      0.224  192.98   0.141
OGLE-LMC-LPV-44685  14.721 18.281  455.4    0.488 4630      0.883  241.3    0.184
OGLE-LMC-LPV-44698  14.083 16.393  136.24   0.090 5917      0.094  254.1    0.063
OGLE-LMC-LPV-44701  14.416 17.586   87.72   0.061  448.0    0.089  168.75   0.085
OGLE-LMC-LPV-44720  14.224 17.320  374.7    0.295  449.8    0.176 2618      0.096
OGLE-LMC-LPV-44728  14.909 16.733   44.803  0.039   78.40   0.040   73.63   0.033
OGLE-LMC-LPV-44731  14.147 17.095  178.28   0.129  543.5    0.148  193.42   0.117
OGLE-LMC-LPV-44737  14.711 17.317   85.52   0.040  587.2    0.047 4329      0.031
OGLE-LMC-LPV-44752  15.417 17.501   40.170  0.051  323.7    0.042  259.3    0.033
OGLE-LMC-LPV-44757  13.981 16.495  957.9    0.393  665.3    0.129 1186      0.103
OGLE-LMC-LPV-44774  14.008 16.773  104.67   0.170 1086      0.119  102.93   0.114
OGLE-LMC-LPV-44781  14.658 16.868   63.75   0.090  109.93   0.060  105.13   0.052
OGLE-LMC-LPV-44785  14.419 16.329  114.95   0.584  143.27   0.081   65.49   0.060
OGLE-LMC-LPV-44788  13.641 15.990  110.90   0.076  816.3    0.070  500.8    0.047
OGLE-LMC-LPV-44792  14.001 17.081  381.2    0.192  420.9    0.131 1167      0.097
OGLE-LMC-LPV-44815  13.823 16.831   96.10   0.073  914.9    0.093  159.21   0.050
OGLE-LMC-LPV-44821  14.869 18.526  113.95   0.081  726.7    0.126  138.77   0.071
OGLE-LMC-LPV-44822  14.100 17.433  233.0    0.141 4202      0.160  467.1    0.107
OGLE-LMC-LPV-44853  13.572 16.054  165.86   0.075 3745      0.206  150.11   0.041
OGLE-LMC-LPV-44860  14.675 16.499  102.27   0.251   92.15   0.135   54.48   0.096
OGLE-LMC-LPV-44918  14.362 17.133   94.13   0.254 1202      0.181   92.46   0.163
OGLE-LMC-LPV-44928  14.551 16.883   68.01   0.063   71.12   0.052  234.3    0.036
OGLE-LMC-LPV-44937  14.661 17.530  181.55   0.146 2732      0.093   93.99   0.074
OGLE-LMC-LPV-44938  14.209 17.493  107.47   0.215 1189      0.088   99.16   0.061
OGLE-LMC-LPV-44942  14.260 16.605  102.52   0.076  134.68   0.062  100.83   0.052
OGLE-LMC-LPV-44950  14.151 17.532  109.91   0.092  657.9    0.178  744.6    0.083
OGLE-LMC-LPV-44978  13.779 15.992  113.33   0.043 3861      0.060   76.03   0.030
OGLE-LMC-LPV-44984  14.065 16.946  201.1    0.228  112.64   0.156  187.34   0.094
OGLE-LMC-LPV-45018  14.822 17.444   97.74   0.064  186.50   0.051  180.34   0.049
OGLE-LMC-LPV-45028  14.289 17.232  181.81   0.220   97.71   0.094  103.28   0.064
OGLE-LMC-LPV-45029  14.366 16.588   75.38   0.071  237.5    0.057  115.73   0.054
OGLE-LMC-LPV-45032  13.323 15.790  286.9    0.071  783.1    0.085 2165      0.069
OGLE-LMC-LPV-45033  14.445 17.812  113.92   0.091  210.3    0.112 2208      0.100
OGLE-LMC-LPV-45059  14.638 16.574   57.38   0.070   56.40   0.050   68.99   0.034
OGLE-LMC-LPV-45062  13.713 16.195  141.60   0.150  940.7    0.136  748.5    0.074
OGLE-LMC-LPV-45063  14.197 16.749  104.76   0.057 2985      0.153  756.4    0.088
OGLE-LMC-LPV-45071  14.061 17.533  126.88   0.167  121.40   0.124  220.0    0.109
OGLE-LMC-LPV-45075  13.997 17.253  200.4    0.128 1073      0.207 1672      0.141
OGLE-LMC-LPV-45081  14.605 17.686  138.56   0.094  624.6    0.119 4505      0.051
OGLE-LMC-LPV-45089  14.307 17.046   83.65   0.078  448.4    0.144  211.5    0.100
OGLE-LMC-LPV-45096  14.097 16.629  310.9    0.536  703.7    0.211 1634      0.132
OGLE-LMC-LPV-45107  14.844 17.271  170.67   0.105   83.13   0.079   53.81   0.038
OGLE-LMC-LPV-45117  14.917 16.696   47.584  0.032  395.3    0.030   66.50   0.021
OGLE-LMC-LPV-45122  15.115 17.202  147.89   0.154 3650      1.081  955.1    0.311
OGLE-LMC-LPV-45153  14.651 16.858   66.57   0.086   64.59   0.061   84.30   0.047
OGLE-LMC-LPV-45160  15.300 17.921   55.25   0.061  513.6    0.071  682.6    0.049
OGLE-LMC-LPV-45176  14.318 17.058   89.33   0.173 1025      0.105  151.26   0.105
OGLE-LMC-LPV-45177  14.135 16.539  194.32   0.089  775.8    0.069  124.39   0.047
OGLE-LMC-LPV-45219  14.241 17.122   80.12   0.093   89.71   0.073   86.38   0.060
OGLE-LMC-LPV-45220  14.656 16.467   53.06   0.076   82.80   0.050  418.2    0.044
OGLE-LMC-LPV-45221  14.644 18.246  234.4    0.487  250.1    0.134 3745      0.089
OGLE-LMC-LPV-45235  14.306 16.566   77.69   0.116   72.30   0.062 1041      0.055
OGLE-LMC-LPV-45244  13.898 16.937  420.1    0.735 4405      0.260  577.0    0.119
OGLE-LMC-LPV-45263  13.807 17.403  143.34   0.154 2227      0.131  222.5    0.066
OGLE-LMC-LPV-45272  14.256 17.282  100.91   0.178  172.98   0.141   96.19   0.112
OGLE-LMC-LPV-45292  14.806 16.418   68.26   0.059  402.1    0.059   38.228  0.047
OGLE-LMC-LPV-45303  14.925 17.431  102.80   0.036  457.9    0.062  245.6    0.032
OGLE-LMC-LPV-45309  13.394 15.690  145.41   0.059 1818      0.099  805.2    0.057
OGLE-LMC-LPV-45326  13.474 16.265  248.1    0.245 7042      0.298  487.3    0.123
OGLE-LMC-LPV-45327  14.190 17.129  180.23   0.152  732.6    0.090 1337      0.072
OGLE-LMC-LPV-45330  14.852 18.152  172.00   0.173 1075      0.325  838.9    0.103
OGLE-LMC-LPV-45348  13.921 16.853   95.08   0.071  726.2    0.125  158.93   0.103
OGLE-LMC-LPV-45360  14.319 16.841   90.81   0.087  989.1    0.085  166.33   0.073
OGLE-LMC-LPV-45378  14.579 16.680   64.24   0.044  338.0    0.050  104.82   0.031
OGLE-LMC-LPV-45380  14.017 17.047  219.5    0.085 2342      0.173 4115      0.101
OGLE-LMC-LPV-45384  13.907 16.541  147.58   0.173  933.7    0.135  236.9    0.107
OGLE-LMC-LPV-45385  14.297 18.013  123.90   0.198  220.0    0.183  233.9    0.129
OGLE-LMC-LPV-45415  14.142 18.078  147.66   0.265  262.9    0.239  139.59   0.119
OGLE-LMC-LPV-45426  13.831 16.470  231.9    0.102 1046      0.107  134.41   0.077
OGLE-LMC-LPV-45436  14.028 16.629  134.19   0.099 1449      0.110 3717      0.078
OGLE-LMC-LPV-45439  14.313 17.708  207.3    0.193  403.6    0.176  529.9    0.143
OGLE-LMC-LPV-45440  14.246 17.431  104.45   0.199 1179      0.097   99.67   0.088
OGLE-LMC-LPV-45459  14.330 16.567  154.09   0.524  161.58   0.383 3472      0.155
OGLE-LMC-LPV-45493  14.521 17.346  108.32   0.090  275.5    0.101  160.57   0.101
OGLE-LMC-LPV-45504  14.602 16.971  115.59   0.064  300.0    0.084  274.3    0.049
OGLE-LMC-LPV-45506  14.560 16.614   63.74   0.047  306.7    0.065   69.26   0.033
OGLE-LMC-LPV-45518  14.681 18.229  212.4    0.147 1391      0.180  319.2    0.103
OGLE-LMC-LPV-45522  14.766 17.233   65.65   0.073 1718      0.063   62.93   0.050
OGLE-LMC-LPV-45528  14.336 16.418   72.32   0.065  444.8    0.068  114.32   0.054
OGLE-LMC-LPV-45547  14.039 16.198  112.23   0.098  837.5    0.079 1227      0.056
OGLE-LMC-LPV-45556  14.558 16.676  117.24   0.204  545.0    0.084   63.64   0.060
OGLE-LMC-LPV-45561  14.037 17.160  209.3    0.137  233.0    0.089  111.09   0.069
OGLE-LMC-LPV-45585  13.955 16.208  107.24   0.087  978.5    0.077  741.3    0.053
OGLE-LMC-LPV-45588  14.568 17.654  151.29   0.092 1595      0.238  138.64   0.074
OGLE-LMC-LPV-45592  14.496 16.721  132.60   0.646  129.70   0.255 4902      0.165
OGLE-LMC-LPV-45601  14.450 17.443  167.97   0.187 7634      0.124  267.3    0.073
OGLE-LMC-LPV-45605  14.375 17.922  107.50   0.166  118.54   0.117   96.99   0.077
OGLE-LMC-LPV-45609  14.705 18.110  100.62   0.080  714.8    0.094  174.67   0.063
OGLE-LMC-LPV-45624  14.101 17.001  178.55   0.128 1832      0.112  761.6    0.074
OGLE-LMC-LPV-45628  14.277 17.240   99.29   0.404   91.93   0.091 1202      0.085
OGLE-LMC-LPV-45638  13.943    -    118.50   0.071  629.3    0.140  121.57   0.110
OGLE-LMC-LPV-45642  15.163 16.933   77.55   0.259   67.46   0.086   39.899  0.080
OGLE-LMC-LPV-45653  14.109 16.818  137.68   0.083  440.7    0.191   90.65   0.069
OGLE-LMC-LPV-45663  15.533 18.657   62.15   0.056  102.51   0.063  115.29   0.063
OGLE-LMC-LPV-45673  14.234 17.813  872.8    0.477 4464      0.222  181.36   0.102
OGLE-LMC-LPV-45693  14.573 17.002  137.83   0.132  266.0    0.141  280.3    0.125
OGLE-LMC-LPV-45695  14.836 16.661   73.96   0.044   70.77   0.038  430.8    0.035
OGLE-LMC-LPV-45708  14.667 17.777   86.53   0.257  878.0    0.138   91.28   0.088
OGLE-LMC-LPV-45716  14.197 17.162   83.90   0.067  796.8    0.069 1212      0.079
OGLE-LMC-LPV-45717  14.341 16.920   82.27   0.097   85.17   0.086  819.7    0.059
OGLE-LMC-LPV-45718  14.769 16.441   81.37   0.191   84.43   0.122   92.38   0.097
OGLE-LMC-LPV-45734  14.592 16.105   88.84   0.170   90.20   0.092 6579      0.058
OGLE-LMC-LPV-45736  14.518 17.179  248.9    0.382 3788      0.198  269.7    0.134
OGLE-LMC-LPV-45753  14.201 17.495  228.0    0.249 2217      0.192  122.49   0.142
OGLE-LMC-LPV-45756  14.248 16.720  133.96   0.089 1832      0.060   93.53   0.061
OGLE-LMC-LPV-45766  14.705 16.489  104.76   0.260  121.52   0.071   55.54   0.054
OGLE-LMC-LPV-45782  14.909 17.863  300.3    0.160  154.87   0.108  320.4    0.090
OGLE-LMC-LPV-45796  14.440 17.057   75.12   0.054  414.4    0.105  450.2    0.048
OGLE-LMC-LPV-45801  14.209    -    174.33   0.138  301.3    0.092  160.51   0.062
OGLE-LMC-LPV-45806  14.483 16.780   98.69   0.040 2370      0.110  266.7    0.047
OGLE-LMC-LPV-45807  14.190 16.541   82.64   0.095  154.58   0.134   84.06   0.093
OGLE-LMC-LPV-45824  14.322 16.786  110.18   0.083  607.9    0.077  762.8    0.049
OGLE-LMC-LPV-45829  14.620 16.739   62.39   0.094  113.77   0.087   63.65   0.056
OGLE-LMC-LPV-45830  14.461 16.497   72.67   0.043  386.2    0.047  123.33   0.040
OGLE-LMC-LPV-45837  15.860 18.768   70.88   0.041  350.8    0.069  389.7    0.052
OGLE-LMC-LPV-45858  14.711 17.825  431.0    0.570 1493      0.597 3650      0.353
OGLE-LMC-LPV-45863  13.630 15.882  109.05   0.065  527.4    0.084  705.2    0.048
OGLE-LMC-LPV-45866  13.343 15.782  205.0    0.178 8065      0.133  357.7    0.074
OGLE-LMC-LPV-45871  14.586 17.084  116.51   0.081 1245      0.141  209.4    0.068
OGLE-LMC-LPV-45874  15.593 17.551   60.37   0.092 5556      0.080  102.19   0.049
OGLE-LMC-LPV-45889  14.237 15.821   50.55   0.053   97.18   0.058   82.94   0.056
OGLE-LMC-LPV-45891  14.487 16.219   96.17   0.097   91.84   0.074  554.6    0.066
OGLE-LMC-LPV-45896  14.833 18.092  253.7    0.238  165.02   0.120  346.3    0.090
OGLE-LMC-LPV-45909  14.624 17.703  146.95   0.092 1453      0.179 7143      0.087
OGLE-LMC-LPV-45924  14.296 17.283   77.98   0.081  887.3    0.182  203.1    0.071
OGLE-LMC-LPV-45933  14.042 16.477  104.32   0.083 1608      0.115  141.60   0.049
OGLE-LMC-LPV-45934  14.552 18.274  124.41   0.090  734.8    0.092  614.3    0.073
OGLE-LMC-LPV-45946  14.250 17.545  114.56   0.126  191.79   0.119  112.61   0.088
OGLE-LMC-LPV-45948  15.343 17.330  379.8    0.429 1101      0.289 1776      0.151
OGLE-LMC-LPV-45958  14.264 16.974   86.53   0.094  751.9    0.103   84.31   0.065
OGLE-LMC-LPV-45959  15.193 16.366   38.135  0.543   37.490  0.182   38.379  0.118
OGLE-LMC-LPV-45973  15.583 17.062   42.457  0.039   30.146  0.032   24.642  0.031
OGLE-LMC-LPV-45985  15.096 17.532   60.58   0.146  113.38   0.096   59.84   0.082
OGLE-LMC-LPV-45993  14.526 17.286   95.18   0.043 5917      0.859 1271      0.228
OGLE-LMC-LPV-45998  14.463 16.805  158.16   0.424   83.55   0.235  175.28   0.144
OGLE-LMC-LPV-46004  14.086 16.744  207.8    0.408  115.04   0.111  878.7    0.113
OGLE-LMC-LPV-46025  14.426 17.113   87.21   0.115  140.92   0.065   81.91   0.048
OGLE-LMC-LPV-46038  14.315 16.532  235.8    0.443  113.66   0.160  216.4    0.140
OGLE-LMC-LPV-46045  13.914 16.633  248.5    0.146 1168      0.112  106.59   0.078
OGLE-LMC-LPV-46049  14.002 16.586  143.45   0.079  279.2    0.090  460.2    0.052
OGLE-LMC-LPV-46057  13.423 16.296  133.98   0.168  240.3    0.125 1916      0.112
OGLE-LMC-LPV-46084  14.178 16.770  122.24   0.177  519.8    0.108 2222      0.079
OGLE-LMC-LPV-46086  14.697 16.727  142.33   0.053 2075      0.043  528.8    0.033
OGLE-LMC-LPV-46087  14.174 17.248  350.0    0.186  190.19   0.135  289.8    0.106
OGLE-LMC-LPV-46091  13.679 17.453  311.0    0.280  180.25   0.121  282.1    0.118
OGLE-LMC-LPV-46114  14.878 16.533   74.76   0.180   69.59   0.111   76.42   0.083
OGLE-LMC-LPV-46115  14.026 16.696  154.56   0.118 2141      0.182  148.68   0.079
OGLE-LMC-LPV-46136  14.875 16.941   88.74   0.435  559.0    0.323   93.08   0.289
OGLE-LMC-LPV-46166  14.643 16.357   50.06   0.062 1404      0.043   45.853  0.039
OGLE-LMC-LPV-46175  13.349 15.475  127.08   0.069  131.29   0.035  121.32   0.026
OGLE-LMC-LPV-46179  14.287 16.661  129.17   0.052  510.5    0.097  304.1    0.060
OGLE-LMC-LPV-46194  14.192 17.307  241.2    0.550  229.0    0.133  117.62   0.124
OGLE-LMC-LPV-46200  14.483 17.146   90.96   0.039  517.1    0.064   79.47   0.052
OGLE-LMC-LPV-46214  14.180 16.372   89.29   0.106   81.06   0.064  879.5    0.057
OGLE-LMC-LPV-46230  14.868 16.746   49.019  0.090   48.414  0.076   84.20   0.068
OGLE-LMC-LPV-46239  14.607 17.711  191.99   0.266  106.25   0.148  182.85   0.097
OGLE-LMC-LPV-46242  14.051 17.004  122.01   0.303  224.1    0.194  126.94   0.109
OGLE-LMC-LPV-46243  14.134 18.239  152.87   0.294  286.7    0.193  342.0    0.102
OGLE-LMC-LPV-46244  14.815 17.621   76.98   0.218  763.4    0.155   80.49   0.087
OGLE-LMC-LPV-46266  14.523 16.608   61.76   0.093   99.05   0.055   56.14   0.045
OGLE-LMC-LPV-46268  14.279 18.393  124.02   0.120 4065      0.100  126.47   0.093
OGLE-LMC-LPV-46289  14.714 16.513  115.78   0.247  118.58   0.079  135.67   0.068
OGLE-LMC-LPV-46303  17.510    -    129.48   0.163  229.6    0.165  214.0    0.117
OGLE-LMC-LPV-46304  14.085 17.256  232.2    0.266  242.1    0.155  219.7    0.122
OGLE-LMC-LPV-46332  14.142 17.950  137.28   0.220  152.58   0.111 1269      0.100
OGLE-LMC-LPV-46338  14.400 16.405  147.25   0.688  129.68   0.277 2320      0.232
OGLE-LMC-LPV-46341  13.814 16.048 1034      0.240  111.62   0.104  454.1    0.078
OGLE-LMC-LPV-46348  14.037 16.769  164.80   0.155 1880      0.142  170.47   0.087
OGLE-LMC-LPV-46354  15.151 17.395   49.867  0.106  565.9    0.066   88.75   0.058
OGLE-LMC-LPV-46356  14.923 16.591   92.35   0.076  843.9    0.079  113.22   0.068
OGLE-LMC-LPV-46358  14.249 17.939  200.8    0.143 1043      0.114  210.2    0.092
OGLE-LMC-LPV-46360  14.300 17.764  111.66   0.295  108.00   0.163 1017      0.132
OGLE-LMC-LPV-46362  14.603 17.212  203.0    0.744 6211      0.326  178.38   0.159
OGLE-LMC-LPV-46368  14.397 17.160  176.68   0.112  303.8    0.095  969.9    0.086
OGLE-LMC-LPV-46379  14.686 18.744  132.00   0.130  704.7    0.154 5882      0.127
OGLE-LMC-LPV-46397  14.653 16.245   44.611  0.029  195.50   0.036  225.0    0.028
OGLE-LMC-LPV-46412  14.316 16.647   80.66   0.103   82.92   0.085   77.29   0.070
OGLE-LMC-LPV-46414  15.074 17.644  130.10   0.356 5780      0.094   69.43   0.089
OGLE-LMC-LPV-46417  14.301 17.758  447.5    0.625 1250      0.115  215.6    0.076
OGLE-LMC-LPV-46419  14.701 17.960  178.09   0.177 2075      0.436  178.09   0.119
OGLE-LMC-LPV-46438  13.480 16.019  298.8    0.127  882.6    0.083  177.68   0.072
OGLE-LMC-LPV-46452  14.251 17.119   96.71   0.149  147.65   0.093   98.59   0.084
OGLE-LMC-LPV-46457  15.061 18.582  237.2    0.391  219.1    0.169  120.98   0.131
OGLE-LMC-LPV-46468  15.016 16.975   51.37   0.129   50.45   0.072   83.59   0.059
OGLE-LMC-LPV-46470  14.716 17.312  210.6    0.222  202.9    0.137  155.96   0.078
OGLE-LMC-LPV-46471  13.988 16.782  199.90   0.219  214.6    0.092  183.35   0.077
OGLE-LMC-LPV-46487  14.113 14.671   30.172  0.032   42.456  0.021   30.003  0.019
OGLE-LMC-LPV-46503  14.251 17.270  107.21   0.133 1103      0.124  169.87   0.077
OGLE-LMC-LPV-46506  14.581 16.225   77.92   0.052  239.6    0.045   49.813  0.042
OGLE-LMC-LPV-46521  13.457 15.733  142.13   0.045  213.4    0.056  159.01   0.047
OGLE-LMC-LPV-46534  14.624 18.268  115.94   0.201  237.0    0.141  112.51   0.109
OGLE-LMC-LPV-46539  14.283 16.775  128.73   0.084  564.0    0.084   79.42   0.049
OGLE-LMC-LPV-46558  14.444 16.381  124.65   0.130   64.97   0.059  120.83   0.059
OGLE-LMC-LPV-46559  14.583 17.132   82.58   0.150  934.6    0.141   84.52   0.079
OGLE-LMC-LPV-46566  14.187 17.044   97.65   0.102 1021      0.122  100.77   0.076
OGLE-LMC-LPV-46569  14.819 17.240  141.70   0.507  134.43   0.087   72.64   0.075
OGLE-LMC-LPV-46576  14.939 16.792   79.32   0.116   49.414  0.055  358.2    0.051
OGLE-LMC-LPV-46594  15.079 17.931  139.08   0.439  147.58   0.123  120.26   0.106
OGLE-LMC-LPV-46604  14.512 17.317  135.30   0.136  871.1    0.315  238.0    0.148
OGLE-LMC-LPV-46613  14.304 16.850  135.10   0.187  273.2    0.095  130.21   0.091
OGLE-LMC-LPV-46614  14.375 17.230  140.63   0.104  509.9    0.097   88.82   0.073
OGLE-LMC-LPV-46615  14.174 17.527  118.30   0.165  114.23   0.107  330.5    0.102
OGLE-LMC-LPV-46623  13.997 16.369  170.33   0.080 1300      0.112  397.5    0.089
OGLE-LMC-LPV-46629  14.943 16.701   42.128  0.055   73.09   0.040   44.535  0.039
OGLE-LMC-LPV-46630  14.382 16.400   64.64   0.043  290.2    0.046  454.8    0.044
OGLE-LMC-LPV-46646  15.036 15.722   51.14   0.016 1311      0.033  102.33   0.027
OGLE-LMC-LPV-46676  13.921 16.777  313.1    0.155 1218      0.153  176.93   0.082
OGLE-LMC-LPV-46690  14.379 16.785  219.5    0.162  235.3    0.099  125.00   0.085
OGLE-LMC-LPV-46696  14.621 16.776  125.75   0.049  681.2    0.117   81.70   0.046
OGLE-LMC-LPV-46704  14.254 17.226  171.69   0.213  303.7    0.126  194.36   0.091
OGLE-LMC-LPV-46710  15.368 18.098   63.56   0.065  736.9    0.062  104.99   0.052
OGLE-LMC-LPV-46714  14.321 17.764  148.92   0.101 4274      0.116  740.7    0.126
OGLE-LMC-LPV-46718  14.777 16.502   47.464  0.049  915.8    0.042   50.42   0.030
OGLE-LMC-LPV-46719  16.555 20.308  487.8    0.756 2809      2.502  492.4    0.934
OGLE-LMC-LPV-46729  14.232 16.804  170.65   0.081  291.3    0.072  386.2    0.059
OGLE-LMC-LPV-46755  14.564 16.784  148.24   0.067  392.6    0.137  601.7    0.093
OGLE-LMC-LPV-46764  13.973 17.337  106.43   0.106  881.8    0.079  717.4    0.072
OGLE-LMC-LPV-46770  14.931 18.764  212.8    0.150  744.0    0.131 1431      0.109
OGLE-LMC-LPV-46786  14.687 17.159  276.7    0.144 1076      0.179 2096      0.117
OGLE-LMC-LPV-46790  14.869 16.427   84.05   0.142   46.395  0.082   77.53   0.082
OGLE-LMC-LPV-46811  14.111 16.698  124.68   0.100 1558      0.064  455.8    0.061
OGLE-LMC-LPV-46826  14.487 18.179  238.4    0.230  133.16   0.097 2198      0.086
OGLE-LMC-LPV-46836  13.955 16.904  123.55   0.164  226.8    0.158  119.15   0.096
OGLE-LMC-LPV-46838  14.169 16.453  258.3    0.186  277.1    0.097  301.2    0.074
OGLE-LMC-LPV-46840  14.089 17.017  112.12   0.187  119.56   0.072  138.27   0.057
OGLE-LMC-LPV-46851  13.946 16.403  267.7    0.173 1592      0.175  143.47   0.089
OGLE-LMC-LPV-46852  14.183 17.053  161.65   0.115  721.5    0.121 2347      0.101
OGLE-LMC-LPV-46860  14.326 16.618   76.20   0.064  470.6    0.078  413.9    0.071
OGLE-LMC-LPV-46861  14.261 17.604  193.71   0.120 4115      0.102  107.40   0.091
OGLE-LMC-LPV-46868  14.340 17.761  481.5    0.473  522.7    0.229 4367      0.153
OGLE-LMC-LPV-46873  15.285 17.991   76.73   0.076 1020      0.091  131.60   0.056
OGLE-LMC-LPV-46884  14.708 17.742  151.65   0.080  990.1    0.116  144.68   0.077
OGLE-LMC-LPV-46891  14.240 17.014  145.50   0.108  620.0    0.110  780.0    0.065
OGLE-LMC-LPV-46917  14.223 16.715  120.82   0.055 1595      0.086  130.38   0.058
OGLE-LMC-LPV-46923  13.438 16.000  122.88   0.095 6944      0.112  233.3    0.091
OGLE-LMC-LPV-46941  14.159 16.845  164.17   0.087 2114      0.074  198.18   0.062
OGLE-LMC-LPV-46949  14.342 16.670   75.08   0.037 1727      0.067  266.5    0.048
OGLE-LMC-LPV-46966  13.983 16.390  115.77   0.064  185.01   0.060  775.2    0.045
OGLE-LMC-LPV-46973  14.512 16.538   60.31   0.035  570.1    0.030  104.55   0.025
OGLE-LMC-LPV-46985  13.824 16.710  166.28   0.196 2545      0.277  149.61   0.080
OGLE-LMC-LPV-46993  17.540 20.530   38.974  0.031 4545      0.066   67.40   0.030
OGLE-LMC-LPV-47027  14.960 16.921   87.23   0.064   50.83   0.047   54.17   0.043
OGLE-LMC-LPV-47068  14.190 16.881   88.87   0.079  735.8    0.103  103.87   0.050
OGLE-LMC-LPV-47079  14.228 16.610  143.17   0.171  130.82   0.061  191.90   0.055
OGLE-LMC-LPV-47081  14.354 16.698  161.14   0.341   83.56   0.143  175.13   0.117
OGLE-LMC-LPV-47095  13.831 16.347  125.45   0.092 1205      0.268 2433      0.173
OGLE-LMC-LPV-47101  14.307 17.211  345.9    0.259 1074      0.303  410.5    0.182
OGLE-LMC-LPV-47104  14.367 17.963  105.48   0.086  841.8    0.074  721.5    0.066
OGLE-LMC-LPV-47106  14.242 16.596   79.39   0.068  113.22   0.048  129.52   0.040
OGLE-LMC-LPV-47113  14.041 17.748  152.55   0.298  268.7    0.180 1742      0.097
OGLE-LMC-LPV-47118  14.142 17.898  155.33   0.178  267.5    0.152  137.55   0.119
OGLE-LMC-LPV-47136  14.393 15.952   88.04   0.173   90.80   0.084 3165      0.062
OGLE-LMC-LPV-47141  14.202 17.495  208.1    0.202  219.0    0.167  499.0    0.113
OGLE-LMC-LPV-47144  14.124 17.101   90.26   0.076 2183      0.081  219.9    0.071
OGLE-LMC-LPV-47178  15.240 17.465  162.84   0.179  153.16   0.125  128.78   0.111
OGLE-LMC-LPV-47208  15.395 16.814   34.321  0.050   22.546  0.039   37.319  0.034
OGLE-LMC-LPV-47228  14.270 16.556  168.63   0.609 2770      0.208  181.16   0.192
OGLE-LMC-LPV-47260  14.242 16.445  114.63   0.072 2457      0.160 1695      0.057
OGLE-LMC-LPV-47264  14.557 17.822  346.0    0.222 1032      0.252 2075      0.172
OGLE-LMC-LPV-47265  14.889 17.633  820.3    0.276  717.4    0.140  188.36   0.111
OGLE-LMC-LPV-47268  14.765 16.587   49.712  0.034  253.1    0.048  155.04   0.031
OGLE-LMC-LPV-47273  14.087 17.143  228.5    0.192  123.69   0.138  126.28   0.097
OGLE-LMC-LPV-47275  14.289 17.211  150.24   0.076  466.9    0.070  139.31   0.055
OGLE-LMC-LPV-47277  14.102 17.491  397.9    0.208 2222      0.153  393.4    0.073
OGLE-LMC-LPV-47279  14.793 17.403  204.4    0.608 4329      0.171  105.81   0.132
OGLE-LMC-LPV-47293  14.547 16.149   67.64   0.033   64.78   0.026  144.07   0.021
OGLE-LMC-LPV-47302  14.326 16.151  103.01   0.106  106.29   0.045  585.8    0.038
OGLE-LMC-LPV-47305  14.330 17.309   99.93   0.240  885.0    0.228   97.99   0.079
OGLE-LMC-LPV-47317  14.039 16.459  264.2    0.138  237.1    0.081  295.6    0.058
OGLE-LMC-LPV-47321  14.717 16.971   72.40   0.038  402.6    0.053   93.14   0.030
OGLE-LMC-LPV-47336  15.386 17.822   86.50   0.668   76.85   0.125 6410      0.105
OGLE-LMC-LPV-47356  14.119 16.568  215.0    0.143 1497      0.083  226.1    0.069
OGLE-LMC-LPV-47362  14.424 16.747   75.03   0.042  387.1    0.066  111.32   0.045
OGLE-LMC-LPV-47366  14.691 16.898  213.9    0.733 4115      0.132  226.0    0.128
OGLE-LMC-LPV-47373  14.191 17.895  122.05   0.274  219.9    0.279  131.75   0.218
OGLE-LMC-LPV-47376  14.476 16.907   76.97   0.071   77.91   0.078  926.8    0.057
OGLE-LMC-LPV-47397  15.142 17.794  147.60   0.066  537.1    0.097   90.41   0.058
OGLE-LMC-LPV-47432  14.136 17.226  191.14   0.199  296.6    0.163  378.9    0.115
OGLE-LMC-LPV-47436  14.154 16.616  236.7    0.092  138.10   0.066  185.12   0.078
OGLE-LMC-LPV-47451  14.336 16.691   82.41   0.116   74.66   0.057  905.0    0.055
OGLE-LMC-LPV-47460  14.090 17.312  103.97   0.101 1037      0.149  109.64   0.059
OGLE-LMC-LPV-47467  14.346 17.236  210.4    0.160  709.7    0.185  935.5    0.134
OGLE-LMC-LPV-47480  14.237 16.704  142.09   0.149 1362      0.146  290.0    0.073
OGLE-LMC-LPV-47481  14.394 16.334   66.05   0.061  111.84   0.040  188.25   0.037
OGLE-LMC-LPV-47516  14.324 17.493  167.56   0.161 1214      0.162 3817      0.099
OGLE-LMC-LPV-47524  14.185 17.317  189.50   0.116  645.6    0.131 1295      0.092
OGLE-LMC-LPV-47527  14.106 16.654   89.15   0.067  150.47   0.066  775.2    0.050
OGLE-LMC-LPV-47529  14.441 17.843  315.5    0.287  122.04   0.122  285.6    0.065
OGLE-LMC-LPV-47548  14.237 17.004  170.72   0.313   96.37   0.154 4739      0.099
OGLE-LMC-LPV-47554  13.939 16.258  996.0    0.380 6897      0.068  180.80   0.053
OGLE-LMC-LPV-47555  14.788 16.438   71.54   0.031  323.1    0.031   79.08   0.027
OGLE-LMC-LPV-47560  14.630 17.841  101.47   0.107 3067      0.111  117.91   0.063
OGLE-LMC-LPV-47573  15.123 19.136  736.4    0.510  297.7    0.108 4255      0.094
OGLE-LMC-LPV-47579  13.751 16.588 1433      0.473 4717      0.162  561.2    0.068
OGLE-LMC-LPV-47593  14.452 17.591   80.43   0.138   73.52   0.076 1024      0.059
OGLE-LMC-LPV-47596  14.536 16.925  134.83   0.197  246.8    0.190 5917      0.086
OGLE-LMC-LPV-47600  14.319 16.555  103.17   0.093  190.01   0.071  100.77   0.057
OGLE-LMC-LPV-47645  14.074 16.970   95.50   0.176  959.7    0.114  102.60   0.053
OGLE-LMC-LPV-47650  14.070 16.615 1092      0.390 3953      0.125  794.3    0.104
OGLE-LMC-LPV-47656  14.132 16.678  110.34   0.053 1988      0.108 5376      0.094
OGLE-LMC-LPV-47658  14.366 16.899   86.45   0.123  914.9    0.117  137.51   0.054
OGLE-LMC-LPV-47671  14.178 16.592  108.53   0.067 3759      0.123  377.9    0.065
OGLE-LMC-LPV-47679  14.083 16.096   93.92   0.070  855.4    0.049   62.27   0.032
OGLE-LMC-LPV-47685  14.082 16.982  320.3    0.203  747.4    0.088  176.15   0.056
OGLE-LMC-LPV-47687  14.412 17.292  131.56   0.085  661.4    0.078 1908      0.046
OGLE-LMC-LPV-47689  14.197 17.236  110.86   0.140 1656      0.128  181.39   0.078
OGLE-LMC-LPV-47698  14.214 17.175  239.6    0.171  881.8    0.295 3484      0.088
OGLE-LMC-LPV-47711  13.498 16.488  216.4    0.191 1264      0.175 2088      0.123
OGLE-LMC-LPV-47721  14.252 17.291  151.95   0.120 4082      0.174  154.82   0.065
OGLE-LMC-LPV-47726  14.157 17.255  101.54   0.178 1300      0.123  105.80   0.117
OGLE-LMC-LPV-47731  15.033 17.468  112.22   0.148   63.73   0.081  114.97   0.082
OGLE-LMC-LPV-47746  14.578 16.369   51.72   0.066   46.072  0.043  897.7    0.042
OGLE-LMC-LPV-47759  13.721 15.943  122.53   0.123 1773      0.135  116.58   0.105
OGLE-LMC-LPV-47769  13.935 17.187  268.9    0.291  253.7    0.107  137.85   0.095
OGLE-LMC-LPV-47777  14.857 16.680   75.51   0.072   77.95   0.046   82.60   0.030
OGLE-LMC-LPV-47781  14.142 17.539  111.43   0.083  889.7    0.148  146.07   0.055
OGLE-LMC-LPV-47787  14.773 16.779   54.61   0.073   56.98   0.042   81.71   0.039
OGLE-LMC-LPV-47805  13.684 16.101  126.86   0.062 2342      0.105  132.50   0.059
OGLE-LMC-LPV-47828  14.206 17.048   98.59   0.101  601.0    0.185  517.1    0.123
OGLE-LMC-LPV-47831  15.924 18.967  333.9    0.793 5319      1.303 1225      0.452
OGLE-LMC-LPV-47834  15.238 17.358   62.39   0.053  657.9    0.089 1418      0.055
OGLE-LMC-LPV-47847  14.190 17.272   98.45   0.097  582.8    0.079  481.7    0.072
OGLE-LMC-LPV-47851  14.476 17.311   95.44   0.169   87.08   0.098 1134      0.091
OGLE-LMC-LPV-47867  13.762 16.305  106.75   0.024  983.3    0.215  843.9    0.140
OGLE-LMC-LPV-47871  14.826 16.813   51.79   0.057  265.9    0.049  398.1    0.037
OGLE-LMC-LPV-47873  15.364 17.394   93.32   0.686   98.23   0.212   89.87   0.123
OGLE-LMC-LPV-47874  14.762 18.339  109.31   0.199  525.8    0.133  186.67   0.085
OGLE-LMC-LPV-47876  14.829 17.113   63.72   0.051   62.47   0.044   95.05   0.037
OGLE-LMC-LPV-47880  14.563 17.183  357.2    0.282 1248      0.098 1908      0.087
OGLE-LMC-LPV-47897  14.165 16.949  346.6    0.462 1715      0.176  398.6    0.121
OGLE-LMC-LPV-47899  14.149 17.253  113.18   0.106 1449      0.114  104.57   0.070
OGLE-LMC-LPV-47907  14.379 17.685  100.42   0.138   90.49   0.109  776.4    0.113
OGLE-LMC-LPV-47910  14.900 16.867   54.92   0.055  675.7    0.043   94.92   0.040
OGLE-LMC-LPV-47923  14.620 16.538   57.89   0.081   57.28   0.055  711.2    0.050
OGLE-LMC-LPV-47937  14.287 16.922   87.87   0.211  148.24   0.089  152.84   0.086
OGLE-LMC-LPV-47943  14.184 16.810   92.42   0.134  877.2    0.107   89.32   0.077
OGLE-LMC-LPV-47947  14.295 16.453  243.5    0.329  127.02   0.201  256.7    0.184
OGLE-LMC-LPV-47954  14.268 16.807  138.58   0.111 4016      0.152  181.26   0.048
OGLE-LMC-LPV-47965  14.057 17.134  349.8    0.524 1608      0.155  381.5    0.098
OGLE-LMC-LPV-47966  13.525 16.446  416.0    0.283 1730      0.391  416.0    0.125
OGLE-LMC-LPV-47970  14.194 16.777 1136      0.311 4274      0.163  376.8    0.071
OGLE-LMC-LPV-47974  14.439 16.239  119.38   0.301  103.89   0.097  113.44   0.066
OGLE-LMC-LPV-47977  14.054 16.962  210.8    0.143 1745      0.147  396.0    0.107
OGLE-LMC-LPV-47995  14.679 16.447   46.196  0.040   56.27   0.030  524.7    0.028
OGLE-LMC-LPV-48026  14.243 16.391  128.00   0.051  288.0    0.055  225.9    0.049
OGLE-LMC-LPV-48036  14.433 16.198  118.61   0.258  122.29   0.077  133.49   0.072
OGLE-LMC-LPV-48050  14.457 16.996  792.4    0.376  903.3    0.213 1435      0.150
OGLE-LMC-LPV-48052  15.021 16.532   46.546  0.111   32.843  0.075   66.34   0.061
OGLE-LMC-LPV-48054  15.352 18.848  138.83   0.281 2179      1.079  226.5    0.270
OGLE-LMC-LPV-48065  13.369 16.148  240.6    0.210 1656      0.244  225.8    0.094
OGLE-LMC-LPV-48073  14.569 17.017  286.2    0.704  334.4    0.376 4651      0.223
OGLE-LMC-LPV-48080  13.956 16.546  140.27   0.047 3049      0.087  857.6    0.049
OGLE-LMC-LPV-48082  14.200 17.279  115.41   0.134  206.1    0.171  227.5    0.105
OGLE-LMC-LPV-48091  14.323 16.665   73.41   0.037 1441      0.069 7194      0.051
OGLE-LMC-LPV-48092  14.228 16.487   75.83   0.129  893.7    0.071   68.36   0.067
OGLE-LMC-LPV-48105  14.860 18.258  342.8    0.554  289.7    0.206  740.7    0.162
OGLE-LMC-LPV-48113  14.160 16.751  195.18   0.180  206.8    0.110 3906      0.083
OGLE-LMC-LPV-48118  14.183 17.368  225.9    0.376  122.34   0.149 1130      0.070
OGLE-LMC-LPV-48129  14.502 17.079   75.90   0.062  387.1    0.154 1374      0.077
OGLE-LMC-LPV-48141  14.677 17.189  585.3    0.216  456.2    0.065  275.0    0.053
OGLE-LMC-LPV-48148  13.490 15.802  161.35   0.194  259.5    0.082  168.27   0.069
OGLE-LMC-LPV-48157  14.412 18.105  939.2    0.486 3704      0.101  112.98   0.094
OGLE-LMC-LPV-48168  14.886 17.460  189.22   0.729  202.2    0.282 2439      0.167
OGLE-LMC-LPV-48170  14.707 16.991  125.30   0.121  740.7    0.166  166.39   0.065
OGLE-LMC-LPV-48180  14.584 16.919   81.35   0.061  911.6    0.086  142.59   0.040
OGLE-LMC-LPV-48183  14.371 16.948   76.71   0.121  124.78   0.083  581.4    0.063
OGLE-LMC-LPV-48186  14.269 16.741  291.8    0.684  303.9    0.144  281.9    0.089
OGLE-LMC-LPV-48192  14.808 16.665  106.70   0.233   95.46   0.109  110.07   0.073
OGLE-LMC-LPV-48193  14.077 17.477  108.79   0.090  874.1    0.180  186.50   0.089
OGLE-LMC-LPV-48200  15.213 16.971   81.89   0.284   68.04   0.099   83.07   0.074
OGLE-LMC-LPV-48207  14.096 16.866  180.84   0.287  328.7    0.157  961.5    0.116
OGLE-LMC-LPV-48213  14.057 16.629  118.26   0.123  881.8    0.173  326.2    0.078
OGLE-LMC-LPV-48214  14.643 16.627   58.44   0.026  508.4    0.034   51.26   0.023
OGLE-LMC-LPV-48232  13.976 17.050  395.5    0.278  490.7    0.115  922.5    0.097
OGLE-LMC-LPV-48238  14.301 17.035   87.57   0.117  663.6    0.097   85.07   0.069
OGLE-LMC-LPV-48243  14.561 16.141   65.44   0.043   42.199  0.030   68.89   0.026
OGLE-LMC-LPV-48259  14.208 17.541  110.08   0.278  188.89   0.094  214.3    0.090
OGLE-LMC-LPV-48279  14.480 17.720  151.24   0.122   93.30   0.084  716.8    0.076
OGLE-LMC-LPV-48286  14.139 17.300  164.80   0.082  775.2    0.079  169.87   0.051
OGLE-LMC-LPV-48295  14.526 16.589   63.44   0.082   55.76   0.055  105.41   0.047
OGLE-LMC-LPV-48302  14.124 17.354  427.0    0.350  758.7    0.132  194.93   0.113
OGLE-LMC-LPV-48303  13.832 15.942   86.66   0.035  977.5    0.035   91.24   0.026
OGLE-LMC-LPV-48305  14.040 16.784  112.87   0.145  223.2    0.113  129.13   0.074
OGLE-LMC-LPV-48344  14.828 16.556   77.48   0.092   43.950  0.079   69.40   0.059
OGLE-LMC-LPV-48349  14.392 16.399  137.86   0.130  126.36   0.079  598.4    0.062
OGLE-LMC-LPV-48359  14.309 17.439  386.7    0.232 1667      0.185  187.02   0.095
OGLE-LMC-LPV-48364  14.076 17.091  202.2    0.315  104.46   0.092  962.5    0.081
OGLE-LMC-LPV-48372  14.579 16.743  123.32   0.165  695.4    0.083   68.11   0.068
OGLE-LMC-LPV-48387  16.691 19.419  206.0    0.600 2762      1.543 7519      1.255
OGLE-LMC-LPV-48391  14.055 17.189  225.7    0.160 2020      0.111  216.2    0.091
OGLE-LMC-LPV-48403  13.851 16.419  252.1    0.208 1060      0.168  161.42   0.103
OGLE-LMC-LPV-48405  14.105 17.345  135.77   0.257  262.6    0.116  138.41   0.068
OGLE-LMC-LPV-48413  14.689 18.423  103.53   0.131  105.42   0.082  157.23   0.073
OGLE-LMC-LPV-48424  15.058 17.105   59.22   0.048  706.7    0.085  126.26   0.046
OGLE-LMC-LPV-48427  14.141 16.611  197.39   0.668  117.16   0.125  184.54   0.077
OGLE-LMC-LPV-48428  14.831 16.809   49.334  0.047   81.89   0.036   48.256  0.026
OGLE-LMC-LPV-48452  14.712 17.741  184.27   0.214  521.6    0.118  750.2    0.094
OGLE-LMC-LPV-48456  14.200 16.247  167.03   0.353  155.93   0.109  302.6    0.057
OGLE-LMC-LPV-48461  14.129 16.883  373.2    0.436  335.6    0.203  651.5    0.115
OGLE-LMC-LPV-48463  13.724 16.502  184.43   0.147 2381      0.183  297.6    0.089
OGLE-LMC-LPV-48497  14.139 16.889   87.43   0.126   93.93   0.065  328.0    0.049
OGLE-LMC-LPV-48507  14.243 16.804  211.8    0.448  184.74   0.127  533.3    0.094
OGLE-LMC-LPV-48512  14.469 16.942  108.61   0.079  633.7    0.072  337.5    0.042
OGLE-LMC-LPV-48518  14.656 16.607   53.61   0.052  453.1    0.047   80.65   0.031
OGLE-LMC-LPV-48526  14.497 17.384   88.40   0.220  951.5    0.098   95.76   0.088
OGLE-LMC-LPV-48540  13.679 15.836  104.82   0.066 1047      0.053  114.44   0.040
OGLE-LMC-LPV-48559  14.374 18.198  128.31   0.264 1224      0.147  134.26   0.114
OGLE-LMC-LPV-48564  14.319 16.832  149.80   0.122   84.19   0.092  132.19   0.066
OGLE-LMC-LPV-48568  14.814 16.659   78.80   0.044 4405      0.068  335.5    0.042
OGLE-LMC-LPV-48569  14.039 16.638  107.03   0.054 1923      0.156  192.05   0.049
OGLE-LMC-LPV-48580  14.296 17.278  214.7    0.356  113.77   0.186  222.2    0.101
OGLE-LMC-LPV-48594  14.296 17.693  117.41   0.280  287.9    0.108  204.4    0.074
OGLE-LMC-LPV-48600  14.970 17.274   74.77   0.062  860.6    0.089  123.79   0.086
OGLE-LMC-LPV-48604  14.690 16.407   68.95   0.044   79.83   0.022  709.7    0.020
OGLE-LMC-LPV-48606  14.087 17.500  136.44   0.122  865.8    0.114  233.8    0.074
OGLE-LMC-LPV-48607  14.182 16.768  165.46   0.095   93.84   0.086  145.07   0.050
OGLE-LMC-LPV-48615  14.450 16.717   65.58   0.060  328.9    0.102  542.3    0.072
OGLE-LMC-LPV-48646  14.335 17.122   87.63   0.064  218.5    0.085   80.36   0.059
OGLE-LMC-LPV-48665  13.923 16.439  132.68   0.143 1715      0.163  676.1    0.077
OGLE-LMC-LPV-48671  15.650 17.786   64.82   0.053  153.61   0.045  134.54   0.045
OGLE-LMC-LPV-48689  14.300 17.382  304.6    0.407 1156      0.150  735.8    0.100
OGLE-LMC-LPV-48698  15.064 17.501   99.53   0.053  514.4    0.123  417.4    0.067
OGLE-LMC-LPV-48714  14.128 15.947  136.37   0.629  202.5    0.084  410.5    0.066
OGLE-LMC-LPV-48717  14.039 16.573  252.2    0.050 1980      0.192 1495      0.096
OGLE-LMC-LPV-48731  14.197 17.377  352.5    0.253 2899      0.175 1175      0.084
OGLE-LMC-LPV-48740  14.098 17.206  178.57   0.143  328.3    0.101 4132      0.066
OGLE-LMC-LPV-48741  13.911 17.001  422.1    0.229 1770      0.296  369.4    0.177
OGLE-LMC-LPV-48754  14.732 17.245   76.63   0.085  144.18   0.076  134.86   0.053
OGLE-LMC-LPV-48756  14.047 17.180  120.97   0.120  219.8    0.107  202.7    0.084
OGLE-LMC-LPV-48760  15.266 17.380   61.53   0.045  390.9    0.048   59.32   0.033
OGLE-LMC-LPV-48769  14.110 17.044  103.77   0.294 3115      0.136  206.5    0.101
OGLE-LMC-LPV-48773  13.489 16.215  169.00   0.076 2146      0.151 6452      0.108
OGLE-LMC-LPV-48783  14.839 16.796   54.68   0.067  745.2    0.053   88.13   0.049
OGLE-LMC-LPV-48800  14.002 16.660  111.84   0.103 1111      0.160  246.9    0.061
OGLE-LMC-LPV-48811  14.767 17.113   75.10   0.162  136.41   0.090  145.41   0.068
OGLE-LMC-LPV-48815  14.029 16.902  332.1    0.249  198.77   0.158  718.4    0.093
OGLE-LMC-LPV-48826  14.530 16.601   71.64   0.076  588.9    0.090  112.69   0.068
OGLE-LMC-LPV-48830  14.034 17.061  171.41   0.158 1815      0.233  291.6    0.107
OGLE-LMC-LPV-48831  14.071 16.433  104.72   0.051  478.0    0.095  722.0    0.044
OGLE-LMC-LPV-48837  14.276 16.726  181.12   0.686  195.01   0.193   94.26   0.170
OGLE-LMC-LPV-48840  14.010 16.591  174.95   0.128  319.0    0.125  878.0    0.070
OGLE-LMC-LPV-48851  14.390 16.705   93.58   0.066 1255      0.203  143.33   0.035
OGLE-LMC-LPV-48853  13.753 17.148  124.72   0.106 1957      0.168 7246      0.078
OGLE-LMC-LPV-48872  14.644 16.498   55.96   0.118  629.7    0.067   57.00   0.038
OGLE-LMC-LPV-48873  14.086 17.255  190.48   0.182  988.1    0.239 2809      0.072
OGLE-LMC-LPV-48891  14.078 16.666  148.27   0.099 6579      0.053  257.5    0.046
OGLE-LMC-LPV-48895  13.999 16.986  107.23   0.122  534.5    0.122  165.84   0.058
OGLE-LMC-LPV-48910  14.234 17.689  453.6    0.542 6369      0.289  389.7    0.067
OGLE-LMC-LPV-48934  14.219 16.855   93.83   0.205 1289      0.098   87.51   0.072
OGLE-LMC-LPV-48954  14.243 17.484  393.7    0.531  543.8    0.192  468.6    0.128
OGLE-LMC-LPV-48957  14.584 16.618  104.38   0.050  356.9    0.032   67.80   0.027
OGLE-LMC-LPV-48982  14.028 17.561  125.19   0.193  131.20   0.115  127.24   0.071
OGLE-LMC-LPV-48993  14.242 16.030  115.80   0.692  153.70   0.108  149.01   0.081
OGLE-LMC-LPV-49019  13.848 16.158  120.15   0.068  127.70   0.041  191.42   0.032
OGLE-LMC-LPV-49029  14.099 16.061   77.88   0.043 1054      0.059 5319      0.031
OGLE-LMC-LPV-49061  14.056 17.081  404.4    0.284 1011      0.115  306.7    0.077
OGLE-LMC-LPV-49064  14.346 17.034   78.28   0.059  396.5    0.088  518.7    0.073
OGLE-LMC-LPV-49070  14.144 16.529   96.65   0.087 1015      0.086  199.84   0.062
OGLE-LMC-LPV-49073  14.313 17.525  112.82   0.109 1193      0.101  117.61   0.078
OGLE-LMC-LPV-49085  14.191 17.526  193.75   0.177  209.5    0.105 2770      0.086
OGLE-LMC-LPV-49099  14.502 16.845  190.59   0.310 1229      0.103  105.79   0.086
OGLE-LMC-LPV-49111  15.589 17.695   37.934  0.044  338.4    0.043   37.344  0.036
OGLE-LMC-LPV-49122  14.213 17.209  109.82   0.122  705.2    0.170  554.0    0.116
OGLE-LMC-LPV-49123  15.245 17.419   66.54   0.026  418.8    0.024   47.105  0.015
OGLE-LMC-LPV-49125  14.359 17.982  127.08   0.309  140.33   0.203  131.84   0.124
OGLE-LMC-LPV-49131  14.511 16.921  118.18   0.079  396.2    0.128 1267      0.074
OGLE-LMC-LPV-49139  14.389 16.989  166.92   0.197   85.64   0.077  201.5    0.067
OGLE-LMC-LPV-49141  13.856 15.971  125.24   0.122  137.49   0.086  232.1    0.055
OGLE-LMC-LPV-49153  14.998 17.329  111.87   0.062  102.84   0.062   63.57   0.048
OGLE-LMC-LPV-49158  14.050 17.185  106.67   0.114 1681      0.108  100.62   0.051
OGLE-LMC-LPV-49162  15.396 17.631   97.56   0.068   92.00   0.033 3268      0.024
OGLE-LMC-LPV-49163  14.940 17.249  112.04   0.075  546.7    0.078   75.05   0.052
OGLE-LMC-LPV-49170  13.622 15.529   93.46   0.021 5587      0.060  198.77   0.040
OGLE-LMC-LPV-49172  15.760 17.526   38.670  0.151   50.24   0.063  146.93   0.043
OGLE-LMC-LPV-49176  14.744 18.211  101.47   0.248  201.4    0.179 1042      0.116
OGLE-LMC-LPV-49188  14.242 17.261   88.20   0.082  541.4    0.082   78.41   0.053
OGLE-LMC-LPV-49213  14.319 18.687  146.81   0.276 1883      0.221  286.5    0.162
OGLE-LMC-LPV-49218  14.683 16.799   56.46   0.059  287.7    0.064   88.77   0.043
OGLE-LMC-LPV-49236  13.952 17.112  428.4    0.246  398.9    0.186  505.8    0.122
OGLE-LMC-LPV-49242  14.171 17.071  183.46   0.218 1736      0.222  317.4    0.154
OGLE-LMC-LPV-49245  14.452 16.910  146.48   0.202  100.09   0.142  755.9    0.089
OGLE-LMC-LPV-49248  14.416 16.646   67.99   0.065  397.1    0.107  892.1    0.065
OGLE-LMC-LPV-49253  14.331 16.612   77.78   0.044 1357      0.073  102.88   0.045
OGLE-LMC-LPV-49255  13.940 16.063   81.81   0.092 1845      0.170 6024      0.149
OGLE-LMC-LPV-49256  14.302 16.865   76.45   0.064  391.4    0.056  151.54   0.051
OGLE-LMC-LPV-49268  14.725 16.800   73.98   0.154  127.96   0.097  888.9    0.063
OGLE-LMC-LPV-49269  14.141 17.580  122.58   0.260  249.4    0.212  173.22   0.099
OGLE-LMC-LPV-49280  14.382 17.061   72.39   0.053  300.3    0.076  598.4    0.061
OGLE-LMC-LPV-49282  14.149 17.638  114.87   0.250 1445      0.152 6173      0.123
OGLE-LMC-LPV-49308  14.134 16.663  231.2    0.395  210.6    0.337  107.08   0.187
OGLE-LMC-LPV-49309  14.613 16.505   54.67   0.060  729.4    0.053   49.689  0.041
OGLE-LMC-LPV-49319  15.187 18.684  339.3    0.362 4464      0.278  345.4    0.130
OGLE-LMC-LPV-49321  16.164 19.090   77.88   0.035  318.3    0.061  214.1    0.042
OGLE-LMC-LPV-49322  15.609 19.144  331.3    0.798 1647      0.309  239.2    0.122
OGLE-LMC-LPV-49337  14.124 16.617   91.27   0.196  993.0    0.125  193.20   0.072
OGLE-LMC-LPV-49338  14.077 16.145  422.5    0.509 3774      0.135  197.82   0.079
OGLE-LMC-LPV-49344  14.178 17.239  181.55   0.098 2347      0.088 6024      0.053
OGLE-LMC-LPV-49353  14.613 18.055  196.12   0.196  178.32   0.126  191.46   0.071
OGLE-LMC-LPV-49366  14.261 17.895  183.94   0.174  196.93   0.096  602.0    0.084
OGLE-LMC-LPV-49368  14.271 16.668   85.39   0.093  896.1    0.109  159.11   0.076
OGLE-LMC-LPV-49373  13.915 17.028  104.12   0.112  685.4    0.166  118.85   0.077
OGLE-LMC-LPV-49392  14.702 17.746   94.98   0.291  167.03   0.215 1767      0.101
OGLE-LMC-LPV-49396  13.651 15.618  119.13   0.058  357.9    0.094 2342      0.059
OGLE-LMC-LPV-49405  14.517 18.519  136.78   0.203  141.92   0.126  247.4    0.105
OGLE-LMC-LPV-49406  14.688 17.179  209.5    0.454  403.1    0.145 6757      0.118
OGLE-LMC-LPV-49417  13.926 16.361  153.51   0.156  397.0    0.067  354.2    0.037
OGLE-LMC-LPV-49435  14.349 16.847  104.61   0.075 1408      0.191 5814      0.128
OGLE-LMC-LPV-49436  15.234 18.111  216.9    0.132 4630      0.658  865.8    0.136
OGLE-LMC-LPV-49441  14.145 17.150  221.4    0.454  117.58   0.114  233.3    0.090
OGLE-LMC-LPV-49446  14.225 17.724  112.84   0.088  902.5    0.130  190.26   0.070
OGLE-LMC-LPV-49455  13.883 16.510  162.05   0.075  326.4    0.132 1558      0.084
OGLE-LMC-LPV-49465  14.329 16.672  223.2    0.206  718.4    0.097 1267      0.091
OGLE-LMC-LPV-49471  14.681 16.668   98.29   0.072   95.22   0.050  494.1    0.047
OGLE-LMC-LPV-49472  14.427 18.264  110.16   0.075  854.0    0.237  531.3    0.118
OGLE-LMC-LPV-49475  14.246 17.464  108.13   0.141 1079      0.121   98.51   0.110
OGLE-LMC-LPV-49478  14.481 16.524   62.72   0.054  325.5    0.066  405.7    0.053
OGLE-LMC-LPV-49483  13.938 17.236  239.1    0.147  218.2    0.108 1399      0.089
OGLE-LMC-LPV-49488  14.266 16.896   90.45   0.108  885.7    0.110   86.94   0.099
OGLE-LMC-LPV-49499  14.281 17.269  219.0    0.147  112.70   0.089 8000      0.080
OGLE-LMC-LPV-49503  14.252 17.956  242.0    0.294  254.6    0.137  197.20   0.101
OGLE-LMC-LPV-49506  14.848 17.810  304.4    0.339 3704      0.189  161.52   0.072
OGLE-LMC-LPV-49511  14.929 17.156   75.39   0.091  144.36   0.084  858.4    0.078
OGLE-LMC-LPV-49513  14.243 16.628   76.39   0.058  442.3    0.068  323.9    0.059
OGLE-LMC-LPV-49529  14.183 15.822  127.44   0.745  399.2    0.247  160.46   0.213
OGLE-LMC-LPV-49531  14.098 16.329  896.0    0.207 4367      0.103  100.02   0.052
OGLE-LMC-LPV-49554  14.665 16.617   55.75   0.071  453.9    0.049   86.62   0.032
OGLE-LMC-LPV-49562  14.698 17.843  163.70   0.276   92.29   0.164   88.09   0.076
OGLE-LMC-LPV-49576  15.110 16.922   53.68   0.059 2439      0.047   43.083  0.035
OGLE-LMC-LPV-49598  14.996 16.701   55.78   0.054  220.5    0.038   39.118  0.034
OGLE-LMC-LPV-49612  14.880 16.441   76.70   0.081   44.006  0.062   69.31   0.034
OGLE-LMC-LPV-49617  14.208 16.617  267.9    0.195  142.69   0.069  302.2    0.078
OGLE-LMC-LPV-49648  13.372 16.104  199.28   0.229  330.0    0.196  510.7    0.103
OGLE-LMC-LPV-49651  14.485 16.464  125.30   0.134  128.01   0.078   68.72   0.066
OGLE-LMC-LPV-49669  14.266 17.081  201.4    0.251  196.04   0.127 6667      0.084
OGLE-LMC-LPV-49671  14.129 17.468  199.50   0.196 5435      0.087  372.7    0.069
OGLE-LMC-LPV-49672  13.943 16.578  165.51   0.241 7246      0.310  302.1    0.102
OGLE-LMC-LPV-49677  14.099 17.590  129.15   0.179  638.2    0.198 1422      0.086
OGLE-LMC-LPV-49678  14.835 17.340  105.30   0.093  315.7    0.086 1263      0.056
OGLE-LMC-LPV-49684  14.520 16.899   78.82   0.186  755.9    0.121   74.52   0.082
OGLE-LMC-LPV-49690  14.931 17.832   71.47   0.072  384.5    0.064  337.0    0.057
OGLE-LMC-LPV-49693  14.240 17.299   96.26   0.133  181.95   0.103 1631      0.084
OGLE-LMC-LPV-49707  15.490    -     80.22   0.073  913.2    0.065   75.89   0.056
OGLE-LMC-LPV-49731  13.966 16.932  178.99   0.130 1795      0.101  314.4    0.062
OGLE-LMC-LPV-49755  14.162 16.886  153.19   0.147  296.5    0.156 2262      0.082
OGLE-LMC-LPV-49781  14.101 17.502  192.00   0.083 2004      0.375 7246      0.209
OGLE-LMC-LPV-49782  15.004 17.140  133.16   0.184 2865      0.179  196.66   0.139
OGLE-LMC-LPV-49783  14.117 17.923  120.51   0.162  204.7    0.135  308.8    0.082
OGLE-LMC-LPV-49805  14.673 16.633   80.83   0.045  293.9    0.056  399.8    0.038
OGLE-LMC-LPV-49806  13.938 16.444  133.03   0.109 2174      0.119  114.64   0.068
OGLE-LMC-LPV-49809  14.405 16.722   66.49   0.071   71.97   0.044   75.04   0.031
OGLE-LMC-LPV-49814  14.569 16.759   77.29   0.094  185.60   0.060   82.35   0.058
OGLE-LMC-LPV-49815  14.450 18.639  245.8    0.297  261.1    0.191 2695      0.151
OGLE-LMC-LPV-49817  14.754 16.842   65.09   0.034 1949      0.118 4237      0.071
OGLE-LMC-LPV-49830  14.209 16.822  169.26   0.361  348.6    0.183  162.89   0.084
OGLE-LMC-LPV-49834  14.015 17.059  196.85   0.178 2688      0.243  299.4    0.107
OGLE-LMC-LPV-49839  14.486 16.118   45.626  0.086   81.52   0.077   76.03   0.059
OGLE-LMC-LPV-49860  14.138 17.030  120.12   0.123  910.7    0.098  745.2    0.079
OGLE-LMC-LPV-49876  14.086 16.125  163.43   0.274  168.95   0.135  135.26   0.061
OGLE-LMC-LPV-49884  14.531 17.521  107.18   0.099  896.1    0.124  270.2    0.075
OGLE-LMC-LPV-49890  14.108 16.507  291.9    0.246  254.3    0.065  337.6    0.055
OGLE-LMC-LPV-49892  14.923    -     69.58   0.059  520.8    0.050    5.6240 0.030
OGLE-LMC-LPV-49906  13.714 15.983  119.88   0.061 1344      0.117  131.67   0.032
OGLE-LMC-LPV-49908  14.372 17.254   78.49   0.100   84.39   0.051 2232      0.049
OGLE-LMC-LPV-49921  14.506 16.961   72.97   0.089  635.7    0.067   66.29   0.052
OGLE-LMC-LPV-49939  14.309 18.118  129.12   0.146  800.6    0.256 1056      0.101
OGLE-LMC-LPV-49940  13.946 16.592  818.2    0.441  147.75   0.115  500.3    0.063
OGLE-LMC-LPV-49942  14.396 17.002  144.25   0.186  120.48   0.109  500.0    0.106
OGLE-LMC-LPV-49949  14.599 17.521  323.2    0.785  388.2    0.238 1449      0.117
OGLE-LMC-LPV-49960  14.143 16.506  123.98   0.060  416.1    0.102  370.1    0.039
OGLE-LMC-LPV-49964  14.164 17.312  102.04   0.110 1057      0.099   99.36   0.069
OGLE-LMC-LPV-49978  13.959 15.947   89.26   0.048   86.43   0.038   63.24   0.036
OGLE-LMC-LPV-49983  14.003 16.899  166.64   0.119 1969      0.224 7407      0.119
OGLE-LMC-LPV-49989  14.159 16.649   85.08   0.054  206.6    0.057   75.75   0.043
OGLE-LMC-LPV-49990  13.774 16.251  902.5    0.199  147.08   0.110 4115      0.102
OGLE-LMC-LPV-49998  14.299 16.885   91.42   0.098  984.3    0.124  146.84   0.071
OGLE-LMC-LPV-50003  14.939 17.800   84.38   0.078 4831      0.057   75.44   0.041
OGLE-LMC-LPV-50016  13.773 16.129  133.42   0.094 1550      0.082  120.95   0.050
OGLE-LMC-LPV-50020  14.239 17.060  201.6    0.174  105.39   0.102  195.50   0.103
OGLE-LMC-LPV-50022  14.242 16.497   75.17   0.043  718.4    0.046  474.4    0.036
OGLE-LMC-LPV-50027  14.000 17.386  111.99   0.151  590.0    0.190  184.54   0.046
OGLE-LMC-LPV-50043  14.066 17.832  224.3    0.313  127.71   0.199 2146      0.140
OGLE-LMC-LPV-50047  14.361 16.630   76.44   0.049  124.97   0.043  143.35   0.036
OGLE-LMC-LPV-50049  14.434 17.278   89.71   0.179  255.2    0.110  177.15   0.060
OGLE-LMC-LPV-50057  13.628 15.944  150.68   0.109 1212      0.059  237.0    0.062
OGLE-LMC-LPV-50062  14.336 16.456  126.48   0.182  130.91   0.075   75.62   0.052
OGLE-LMC-LPV-50066  13.286 15.386  119.22   0.056 1259      0.061   94.14   0.029
OGLE-LMC-LPV-50070  14.961 18.183  152.77   0.099 1381      0.131  892.9    0.067
OGLE-LMC-LPV-50083  13.922 16.414  157.76   0.129  285.0    0.081  151.61   0.071
OGLE-LMC-LPV-50084  14.040 15.992  157.76   0.545  149.90   0.492  697.8    0.165
OGLE-LMC-LPV-50088  14.268 17.521  101.29   0.118  176.58   0.110  107.34   0.077
OGLE-LMC-LPV-50134  15.204 18.658  149.01   0.092 1412      0.463  897.7    0.211
OGLE-LMC-LPV-50137  14.993 17.035   54.63   0.119   57.37   0.041 2809      0.038
OGLE-LMC-LPV-50139  14.319 17.777  177.65   0.221  795.5    0.206  120.95   0.155
OGLE-LMC-LPV-50150  13.822 16.247  147.65   0.087  972.8    0.080  157.51   0.044
OGLE-LMC-LPV-50153  13.896 16.591  161.63   0.091  784.9    0.167  231.5    0.099
OGLE-LMC-LPV-50202  14.313 17.048   92.38   0.131  518.1    0.108  135.70   0.071
OGLE-LMC-LPV-50203  14.142 16.935  120.24   0.075  110.57   0.063  104.04   0.063
OGLE-LMC-LPV-50205  14.386 16.055   93.64   0.406  113.20   0.224   97.51   0.168
OGLE-LMC-LPV-50214  15.244 17.808   62.98   0.107  695.4    0.083  110.99   0.072
OGLE-LMC-LPV-50239  14.247 17.710  127.02   0.173  234.6    0.254  130.63   0.106
OGLE-LMC-LPV-50248  14.981 18.338  348.7    0.320 1233      0.237  351.9    0.092
OGLE-LMC-LPV-50249  14.438 16.594   92.23   0.089  154.66   0.064  375.9    0.053
OGLE-LMC-LPV-50259  14.042 16.360  139.54   0.178  133.55   0.087  237.4    0.075
OGLE-LMC-LPV-50261  14.131 16.431   80.28   0.099  405.7    0.107  495.5    0.072
OGLE-LMC-LPV-50279  14.776 16.469   47.050  0.032  392.8    0.033   76.27   0.028
OGLE-LMC-LPV-50306  14.808 17.571  155.38   0.149 2427      0.115  147.02   0.081
OGLE-LMC-LPV-50313  14.644 17.139  137.96   0.186   71.89   0.107  131.41   0.081
OGLE-LMC-LPV-50316  14.161 16.261   85.31   0.035   75.92   0.031  172.03   0.028
OGLE-LMC-LPV-50318  14.102 17.280  213.7    0.249  429.9    0.204 1195      0.141
OGLE-LMC-LPV-50324  14.823 16.741   53.33   0.031  701.3    0.071   52.43   0.030
OGLE-LMC-LPV-50327  15.565 17.631   69.66   0.042   48.065  0.028   46.320  0.021
OGLE-LMC-LPV-50329  14.177 17.778  819.7    0.261  262.1    0.086  388.0    0.102
OGLE-LMC-LPV-50331  13.995 16.943  236.5    0.367  126.25   0.171 1828      0.089
OGLE-LMC-LPV-50339  14.307 17.038   77.95   0.130  509.9    0.093   89.39   0.058
OGLE-LMC-LPV-50345  13.565 16.106  110.90   0.062  635.3    0.114  498.8    0.047
OGLE-LMC-LPV-50348  15.146 17.206   55.31   0.032 3040      0.036   45.278  0.029
OGLE-LMC-LPV-50377  14.504 17.520   89.47   0.100  526.0    0.107  314.5    0.067
OGLE-LMC-LPV-50378  14.026 17.480  115.53   0.131  916.6    0.094   83.39   0.061
OGLE-LMC-LPV-50382  14.677 16.563  126.12   0.586  119.22   0.313 2646      0.158
OGLE-LMC-LPV-50385  14.208 17.730  104.50   0.183  472.6    0.147  112.99   0.086
OGLE-LMC-LPV-50405  14.412 17.138   74.35   0.070   66.40   0.053  286.2    0.051
OGLE-LMC-LPV-50409  14.121 16.482  140.10   0.100  134.55   0.059  239.7    0.061
OGLE-LMC-LPV-50412  14.250 18.318  136.24   0.167  156.76   0.138 1812      0.125
OGLE-LMC-LPV-50451  14.792 17.366  197.55   0.262  105.29   0.159 7463      0.129
OGLE-LMC-LPV-50469  14.096 17.307  232.7    0.295 1597      0.321  335.3    0.166
OGLE-LMC-LPV-50472  14.634 16.491   45.605  0.052   78.20   0.038  403.6    0.030
OGLE-LMC-LPV-50497  14.396 17.270   89.51   0.056  438.0    0.161 5814      0.097
OGLE-LMC-LPV-50517  14.282 16.795   88.12   0.067  743.5    0.247  168.78   0.067
OGLE-LMC-LPV-50537  14.766 16.417   38.069  0.039   64.60   0.037   37.179  0.029
OGLE-LMC-LPV-50542  14.487 16.507  126.40   0.294   64.43   0.060  122.47   0.051
OGLE-LMC-LPV-50564  14.203 17.116   92.46   0.093  149.34   0.097  672.5    0.072
OGLE-LMC-LPV-50586  14.834 18.206  213.8    0.660  111.42   0.301 6803      0.274
OGLE-LMC-LPV-50629  14.926 16.806   57.60   0.038  248.6    0.051 5848      0.031
OGLE-LMC-LPV-50632  15.365 17.170   34.101  0.025  144.80   0.021  305.6    0.018
OGLE-LMC-LPV-50636  14.383 16.116  106.43   0.133  486.9    0.073   58.95   0.062
OGLE-LMC-LPV-50689  14.803 16.299   54.89   0.143   61.52   0.093   56.56   0.091
OGLE-LMC-LPV-50698  13.809 16.873  100.16   0.065  686.8    0.061   95.68   0.045
OGLE-LMC-LPV-50702  14.248 16.761   86.49   0.164 1055      0.078   81.47   0.062
OGLE-LMC-LPV-50706  13.973 17.392  143.85   0.308 1887      0.207  251.3    0.132
OGLE-LMC-LPV-50707  14.521 17.161   80.29   0.122  395.6    0.094   75.96   0.033
OGLE-LMC-LPV-50714  13.746 16.091  216.3    0.081  743.5    0.063  871.1    0.049
OGLE-LMC-LPV-50715  14.657 16.607  108.99   0.091  581.4    0.103  104.67   0.040
OGLE-LMC-LPV-50721  15.797 17.888   40.788  0.021  425.2    0.037  165.81   0.027
OGLE-LMC-LPV-50734  14.467 16.770   65.94   0.051 1626      0.057   73.29   0.041
OGLE-LMC-LPV-50746  14.251 16.906  100.91   0.082  167.93   0.071  639.4    0.053
OGLE-LMC-LPV-50750  13.957 16.556  158.68   0.195  167.06   0.084 3876      0.086
OGLE-LMC-LPV-50780  14.258 16.960   89.14   0.108   81.16   0.073  177.05   0.053
OGLE-LMC-LPV-50803  14.526 17.344  143.49   0.092  852.5    0.088  137.19   0.066
OGLE-LMC-LPV-50804  13.727 16.433  319.8    0.162  800.6    0.066 7194      0.062
OGLE-LMC-LPV-50807  14.236 16.851   93.27   0.148  153.40   0.070  102.80   0.051
OGLE-LMC-LPV-50817  14.604 18.470  127.64   0.244  484.7    0.108  266.7    0.098
OGLE-LMC-LPV-50829  14.447 16.744   75.54   0.091   66.48   0.044   70.45   0.034
OGLE-LMC-LPV-50830  14.644 16.002   54.01   0.109   56.18   0.092   57.92   0.067
OGLE-LMC-LPV-50831  14.148 16.838 1371      0.312  159.03   0.093  308.8    0.082
OGLE-LMC-LPV-50835  14.549 17.529  163.02   0.229  277.5    0.131  256.2    0.117
OGLE-LMC-LPV-50838  14.622 16.740   62.08   0.043  412.7    0.110  862.8    0.057
OGLE-LMC-LPV-50848  14.069 18.025  143.87   0.251  249.3    0.128  203.0    0.068
OGLE-LMC-LPV-50858  14.034 17.066  343.8    0.114 1715      0.417 6849      0.185
OGLE-LMC-LPV-50863  14.425 16.855   98.88   0.067  724.6    0.055  996.0    0.037
OGLE-LMC-LPV-50871  15.180 17.124   75.17   0.149   83.06   0.061  251.5    0.060
OGLE-LMC-LPV-50879  14.140 16.911  166.94   0.108 1127      0.162  252.2    0.067
OGLE-LMC-LPV-50890  14.265 17.388   99.89   0.061  736.4    0.164  896.9    0.109
OGLE-LMC-LPV-50903  15.071 17.099  112.86   0.303 3584      0.097  115.58   0.075
OGLE-LMC-LPV-50905  14.788 16.901   56.41   0.038  306.5    0.067  210.4    0.047
OGLE-LMC-LPV-50921  14.639 17.704  326.9    0.395  389.3    0.211  286.0    0.135
OGLE-LMC-LPV-50929  14.665 17.338  157.68   0.101  927.6    0.265  238.0    0.080
OGLE-LMC-LPV-50939  14.168 17.967  499.1    0.638 4016      0.323  733.1    0.157
OGLE-LMC-LPV-50946  14.816 16.901   78.76   0.046  485.9    0.090   52.61   0.033
OGLE-LMC-LPV-50960  14.064 16.462  122.67   0.072  803.9    0.180 4630      0.112
OGLE-LMC-LPV-50961  13.595 15.938  131.03   0.066  670.7    0.102 1170      0.058
OGLE-LMC-LPV-50965  14.173 16.917  309.4    0.264 2294      0.090  165.18   0.081
OGLE-LMC-LPV-50972  15.046 16.283   45.695  0.247   43.569  0.168   46.821  0.117
OGLE-LMC-LPV-50977  14.269 17.378  100.75   0.082  157.88   0.072  102.81   0.046
OGLE-LMC-LPV-50991  14.241 16.783  196.98   0.690 2717      0.126  213.3    0.084
OGLE-LMC-LPV-50996  15.558 18.213   99.91   0.129   60.19   0.100  108.80   0.093
OGLE-LMC-LPV-51007  14.824 17.027  129.36   0.698  122.12   0.101 2551      0.100
OGLE-LMC-LPV-51015  13.964 16.991  107.02   0.127  931.1    0.132  104.12   0.084
OGLE-LMC-LPV-51026  14.855 17.089   84.18   0.061  128.21   0.047  214.9    0.042
OGLE-LMC-LPV-51027  14.409 16.960  549.5    0.364 5435      0.146  240.0    0.100
OGLE-LMC-LPV-51041  14.114 18.071  134.46   0.199  231.1    0.172  130.80   0.087
OGLE-LMC-LPV-51044  14.089 16.754  101.33   0.148   97.68   0.126 1053      0.103
OGLE-LMC-LPV-51047  16.439 19.318  763.4    0.698 2778      1.288 6579      0.425
OGLE-LMC-LPV-51073  15.322 18.681  208.8    0.599 1538      0.220  188.93   0.171
OGLE-LMC-LPV-51080  14.225 17.167   94.31   0.177 1136      0.154   97.24   0.127
OGLE-LMC-LPV-51081  14.807 16.835   85.09   0.117   90.83   0.073   93.37   0.046
OGLE-LMC-LPV-51096  14.263 17.153   84.63   0.175  593.8    0.084   90.46   0.050
OGLE-LMC-LPV-51106  13.996 17.116  115.74   0.146  209.6    0.109  195.01   0.060
OGLE-LMC-LPV-51107  14.940 16.559   50.44   0.030  131.65   0.034  392.6    0.025
OGLE-LMC-LPV-51111  13.865 16.464  154.87   0.081 1161      0.135  415.8    0.096
OGLE-LMC-LPV-51125  13.912    -    207.3    0.199  123.64   0.080  586.9    0.082
OGLE-LMC-LPV-51135  14.153 16.837   89.10   0.055  945.2    0.132  153.07   0.051
OGLE-LMC-LPV-51147  14.994 18.813  167.58   0.113  821.0    0.084  285.1    0.056
OGLE-LMC-LPV-51166  14.495 16.964  108.39   0.068  859.8    0.097  570.5    0.064
OGLE-LMC-LPV-51168  14.468 17.409  183.38   0.309  956.0    0.142  292.6    0.068
OGLE-LMC-LPV-51181  14.658 17.265   73.39   0.103  125.27   0.069 1312      0.061
OGLE-LMC-LPV-51183  14.115 17.229  151.29   0.111 1818      0.360 5917      0.212
OGLE-LMC-LPV-51206  14.198 17.060  170.82   0.092 1742      0.096  428.6    0.080
OGLE-LMC-LPV-51214  14.839 16.917  130.01   0.639  114.13   0.202  135.43   0.197
OGLE-LMC-LPV-51237  14.186 17.228  407.5    0.763 7299      0.298  206.9    0.098
OGLE-LMC-LPV-51238  15.535 17.496   70.88   0.397   37.624  0.114   38.304  0.068
OGLE-LMC-LPV-51252  14.462 16.956  274.4    0.235  307.1    0.066  615.0    0.063
OGLE-LMC-LPV-51280  14.530 16.737  126.76   0.144   74.16   0.077  105.86   0.054
OGLE-LMC-LPV-51290  14.297 16.844   83.81   0.174 1049      0.120  151.35   0.073
OGLE-LMC-LPV-51303  14.149 16.131  103.59   0.069   67.81   0.041  179.89   0.033
OGLE-LMC-LPV-51304  14.144 16.551  261.0    0.537 2358      0.169  224.8    0.157
OGLE-LMC-LPV-51308  14.168 17.068  169.14   0.151 1107      0.109 2227      0.084
OGLE-LMC-LPV-51317  14.326 17.058  155.40   0.147 1727      0.281 5464      0.175
OGLE-LMC-LPV-51332  14.152 17.345  205.4    0.116 2364      0.157  227.2    0.091
OGLE-LMC-LPV-51341  14.234 16.708  917.4    0.228  747.4    0.092 7092      0.068
OGLE-LMC-LPV-51350  14.316 17.455  123.66   0.235  229.3    0.221  118.92   0.097
OGLE-LMC-LPV-51355  14.123 16.357  137.57   0.126 1182      0.119  768.6    0.076
OGLE-LMC-LPV-51359  14.619 16.851   58.35   0.055  321.8    0.072   63.90   0.040
OGLE-LMC-LPV-51369  14.881 17.918  175.00   0.253  278.9    0.093  494.6    0.100
OGLE-LMC-LPV-51379  14.198 16.127  137.16   0.739  402.6    0.108 1475      0.090
OGLE-LMC-LPV-51384  14.101 17.382  106.70   0.093  588.6    0.150  314.2    0.078
OGLE-LMC-LPV-51391  14.192 16.405   83.18   0.059  178.03   0.091  374.7    0.066
OGLE-LMC-LPV-51405  15.539 19.006  317.8    0.179 1406      0.242 2451      0.119
OGLE-LMC-LPV-51409  14.338 16.120  108.18   0.101  116.44   0.072  111.59   0.060
OGLE-LMC-LPV-51414  14.070 17.034  194.80   0.260  347.8    0.108 2222      0.082
OGLE-LMC-LPV-51417  15.400 17.067   29.098  0.059  493.6    0.058   45.339  0.056
OGLE-LMC-LPV-51418  14.100 16.269  252.8    0.748  269.9    0.096  122.31   0.073
OGLE-LMC-LPV-51421  14.668 16.988  118.33   0.094  714.3    0.208 5128      0.106
OGLE-LMC-LPV-51430  14.246 16.908  278.7    0.348  252.3    0.149  159.72   0.071
OGLE-LMC-LPV-51435  14.492 17.587  107.49   0.179  182.65   0.142 1610      0.090
OGLE-LMC-LPV-51442  14.421 17.620  395.7    0.550 5747      0.206  205.1    0.132
OGLE-LMC-LPV-51453  13.581 15.830  115.89   0.071  736.9    0.063 1410      0.057
OGLE-LMC-LPV-51458  14.505 16.397   93.05   0.044  800.0    0.053   80.48   0.042
OGLE-LMC-LPV-51468  14.172 16.682   88.83   0.130  685.9    0.122 1047      0.053
OGLE-LMC-LPV-51478  14.578 16.773   68.85   0.155  725.7    0.145  134.46   0.135
OGLE-LMC-LPV-51483  14.421 17.406  192.01   0.065 2083      0.132 1242      0.088
OGLE-LMC-LPV-51489  14.916 17.156   85.38   0.041   98.61   0.038   64.99   0.037
OGLE-LMC-LPV-51494  14.618 16.480  111.96   0.104  119.39   0.087  115.70   0.070
OGLE-LMC-LPV-51495  13.980 16.575   95.31   0.113 1274      0.080 4975      0.041
OGLE-LMC-LPV-51508  14.257 16.547  127.46   0.082  301.6    0.085 1060      0.056
OGLE-LMC-LPV-51515  14.425 18.149  122.46   0.163 1289      0.232  227.1    0.147
OGLE-LMC-LPV-51517  14.337 16.299  155.15   0.606  141.16   0.374 1681      0.195
OGLE-LMC-LPV-51518  13.646 16.059  126.44   0.118 1192      0.198  204.1    0.051
OGLE-LMC-LPV-51519  14.088 16.238  122.97   0.043  549.1    0.051  144.86   0.038
OGLE-LMC-LPV-51523  14.159 17.374  117.18   0.144 1490      0.169  119.75   0.077
OGLE-LMC-LPV-51525  14.035 16.978  125.11   0.133  252.8    0.124  129.63   0.103
OGLE-LMC-LPV-51533  14.585 16.956  123.76   0.262  751.9    0.191   76.20   0.093
OGLE-LMC-LPV-51557  13.952 16.786  286.1    0.204 1832      0.257  736.4    0.111
OGLE-LMC-LPV-51575  13.276 15.628  258.5    0.074 1230      0.070 3322      0.039
OGLE-LMC-LPV-51584  14.547 16.280   74.66   0.067  406.2    0.035   43.009  0.032
OGLE-LMC-LPV-51588  14.055 16.530  114.92   0.082 1460      0.075 1020      0.075
OGLE-LMC-LPV-51589  14.016 16.980  207.9    0.127  350.6    0.097  405.5    0.073
OGLE-LMC-LPV-51596  14.150 16.459   80.06   0.077  399.8    0.139  508.1    0.078
OGLE-LMC-LPV-51609  14.608 17.935  485.9    0.620 3731      0.786  502.0    0.274
OGLE-LMC-LPV-51627  14.239 16.426   70.79   0.039  324.7    0.056  204.5    0.038
OGLE-LMC-LPV-51629  13.915 17.139  175.64   0.095  247.3    0.077  583.4    0.067
OGLE-LMC-LPV-51642  14.652 16.530  122.07   0.417  129.99   0.084   62.52   0.075
OGLE-LMC-LPV-51662  13.692 16.345  116.71   0.056 1019      0.166  297.7    0.106
OGLE-LMC-LPV-51669  14.179 16.415   69.19   0.057  365.5    0.051  313.2    0.040
OGLE-LMC-LPV-51703  14.349 17.265   92.84   0.166  881.1    0.157   86.07   0.079
OGLE-LMC-LPV-51714  14.264 17.379  154.85   0.122  620.0    0.136  723.6    0.101
OGLE-LMC-LPV-51718  14.215 17.798  260.7    0.563  140.35   0.274  130.36   0.104
OGLE-LMC-LPV-51724  14.332 17.714  196.06   0.217  210.8    0.114  124.50   0.088
OGLE-LMC-LPV-51728  14.097 17.933  286.7    0.270  149.01   0.143 1721      0.098
OGLE-LMC-LPV-51732  14.756 17.083   82.90   0.076 6993      0.295  570.8    0.172
OGLE-LMC-LPV-51743  14.102 17.041   99.65   0.192 1170      0.104   91.45   0.076
OGLE-LMC-LPV-51745  14.585 16.539   56.97   0.044 1481      0.061   97.47   0.048
OGLE-LMC-LPV-51749  14.122 16.693   92.54   0.115  416.8    0.193  355.6    0.143
OGLE-LMC-LPV-51760  15.117 17.561   69.68   0.124  121.67   0.055   59.55   0.043
OGLE-LMC-LPV-51801  13.817 16.030  151.84   0.070  490.2    0.087  402.7    0.050
OGLE-LMC-LPV-51803  14.711 16.573   77.97   0.043   43.085  0.030 4367      0.025
OGLE-LMC-LPV-51806  15.181 17.640  136.52   0.099  563.4    0.155  676.1    0.119
OGLE-LMC-LPV-51810  14.324 16.937   89.04   0.069  173.34   0.062  650.2    0.055
OGLE-LMC-LPV-51820  14.477 17.024  137.04   0.118 2770      0.132  203.6    0.086
OGLE-LMC-LPV-51828  14.313 16.793  181.90   0.684 6711      0.210  196.08   0.158
OGLE-LMC-LPV-51839  14.164 16.723  184.00   0.360  197.75   0.155  177.21   0.112
OGLE-LMC-LPV-51860  14.219 17.746  205.0    0.181  393.1    0.288  763.4    0.224
OGLE-LMC-LPV-51863  14.268 17.558  106.32   0.089  884.2    0.141  101.58   0.050
OGLE-LMC-LPV-51865  14.104 17.268  182.51   0.154  658.8    0.155 1385      0.136
OGLE-LMC-LPV-51871  14.629 17.504  140.13   0.064 1727      0.160 1142      0.054
OGLE-LMC-LPV-51873  14.577 16.664  122.67   0.100  872.6    0.117   66.57   0.088
OGLE-LMC-LPV-51877  14.271 17.327   86.21   0.122  173.88   0.093  163.43   0.066
OGLE-LMC-LPV-51878  15.078 17.846   63.29   0.073  343.4    0.063  478.5    0.062
OGLE-LMC-LPV-51884  14.153 17.208  103.02   0.193 1149      0.083  107.34   0.065
OGLE-LMC-LPV-51887  14.488 18.742  136.93   0.270 1653      0.183  132.40   0.172
OGLE-LMC-LPV-51906  14.735 16.588   66.30   0.135  116.95   0.118  511.0    0.074
OGLE-LMC-LPV-51924  14.923 17.213  123.64   0.211   65.43   0.123  138.12   0.083
OGLE-LMC-LPV-51928  14.556 17.750   91.34   0.334 1000      0.223   88.35   0.121
OGLE-LMC-LPV-51933  14.433 16.309  125.72   0.523  133.60   0.180  119.27   0.133
OGLE-LMC-LPV-51943  14.499 16.593   63.26   0.145  105.43   0.111  888.9    0.053
OGLE-LMC-LPV-51977  14.162 17.389  115.89   0.074 4926      0.090  102.66   0.064
OGLE-LMC-LPV-51978  14.184 17.739  118.74   0.241 1435      0.162  123.98   0.142
OGLE-LMC-LPV-51985  14.087 16.531  131.39   0.101  697.8    0.185  516.8    0.083
OGLE-LMC-LPV-51996  14.173 17.405  339.1    0.242 1477      0.188  178.67   0.096
OGLE-LMC-LPV-52010  14.111 16.294  237.4    0.293  257.8    0.123  222.1    0.064
OGLE-LMC-LPV-52017  14.756 17.802  187.89   0.275  168.12   0.104  177.59   0.072
OGLE-LMC-LPV-52029  14.559 18.721  132.39   0.297  137.63   0.212  130.51   0.124
OGLE-LMC-LPV-52032  13.221 15.527  282.9    0.085  248.9    0.056 1134      0.044
OGLE-LMC-LPV-52040  14.359 17.315  100.80   0.259  179.66   0.103   92.84   0.092
OGLE-LMC-LPV-52046  14.352 16.095  121.81   0.343  139.06   0.243  110.50   0.200
OGLE-LMC-LPV-52047  14.279 17.491  119.88   0.225  201.4    0.136  111.19   0.106
OGLE-LMC-LPV-52048  13.935 16.433  165.92   0.140  405.0    0.129  145.50   0.093
OGLE-LMC-LPV-52053  14.543 16.433   92.94   0.051  274.1    0.040   80.17   0.028
OGLE-LMC-LPV-52059  14.518 17.693  177.45   0.154  430.1    0.102  153.85   0.059
OGLE-LMC-LPV-52064  13.106 15.518  279.3    0.121  891.3    0.072  112.35   0.052
OGLE-LMC-LPV-52101  14.410 17.056  306.7    0.283  323.3    0.131 1471      0.085
OGLE-LMC-LPV-52103  14.201 17.146  173.64   0.174  178.86   0.133  100.48   0.086
OGLE-LMC-LPV-52105  13.961 17.140  301.0    0.168  426.3    0.122  174.83   0.052
OGLE-LMC-LPV-52106  14.297 17.579  222.4    0.386  118.79   0.214  242.2    0.126
OGLE-LMC-LPV-52108  14.144 16.938   94.36   0.148  966.2    0.126  160.41   0.068
OGLE-LMC-LPV-52109  14.178 17.569  116.97   0.248  119.12   0.128 7874      0.095
OGLE-LMC-LPV-52112  14.043 16.503  186.19   0.156  100.02   0.085 4329      0.069
OGLE-LMC-LPV-52114  13.846 16.434  147.22   0.181  154.92   0.064  710.7    0.072
OGLE-LMC-LPV-52127  15.695 17.892   38.424  0.071  184.09   0.049   57.11   0.042
OGLE-LMC-LPV-52133  14.552 16.442   56.93   0.114  721.0    0.064   96.99   0.044
OGLE-LMC-LPV-52147  15.058 17.001   88.20   0.177   86.51   0.089   90.58   0.096
OGLE-LMC-LPV-52155  14.111 17.188  395.2    0.322 1709      0.124 1267      0.085
OGLE-LMC-LPV-52157  14.573 16.276  116.16   0.131  126.04   0.073  121.61   0.079
OGLE-LMC-LPV-52173  14.067 17.278  211.4    0.208 2457      0.171  394.3    0.157
OGLE-LMC-LPV-52179  14.079 16.908  328.2    0.321  268.1    0.090  446.8    0.071
OGLE-LMC-LPV-52205  14.372 16.583  153.72   0.242   81.58   0.109  134.64   0.081
OGLE-LMC-LPV-52206  14.393 17.148  230.8    0.225  194.89   0.136  119.63   0.056
OGLE-LMC-LPV-52209  14.334 17.519  103.63   0.151  192.79   0.090  106.24   0.078
OGLE-LMC-LPV-52220  14.399 15.969   84.74   0.566   91.37   0.155   88.66   0.121
OGLE-LMC-LPV-52224  15.365 16.618   28.709  0.046  266.3    0.025   30.579  0.023
OGLE-LMC-LPV-52230  14.125 17.394  109.83   0.119  903.3    0.124  184.50   0.124
OGLE-LMC-LPV-52237  13.452 16.166  454.0    0.712 4115      0.332  211.6    0.083
OGLE-LMC-LPV-52238  14.663 17.312   70.72   0.078  418.6    0.093  106.87   0.055
OGLE-LMC-LPV-52246  14.409 17.213  256.1    0.217 3704      0.162  140.43   0.089
OGLE-LMC-LPV-52253  13.830 16.287  149.10   0.072  811.0    0.118 1105      0.056
OGLE-LMC-LPV-52255  14.276 17.066  117.91   0.165  286.9    0.087   98.24   0.062
OGLE-LMC-LPV-52257  14.710 18.385  118.06   0.175  206.1    0.113  216.8    0.096
OGLE-LMC-LPV-52292  14.507 16.689  106.17   0.077 1096      0.084 4016      0.074
OGLE-LMC-LPV-52295  14.281 16.736   70.72   0.040  600.6    0.112  133.35   0.043
OGLE-LMC-LPV-52306  14.206 17.569  410.0    0.436 1208      0.162 2525      0.114
OGLE-LMC-LPV-52308  14.743 17.607   98.30   0.085 1385      0.107  173.76   0.068
OGLE-LMC-LPV-52310  14.082 16.718  348.3    0.488  314.8    0.098  708.2    0.092
OGLE-LMC-LPV-52314  14.595 17.264  151.39   0.287  146.82   0.150  190.04   0.109
OGLE-LMC-LPV-52389  14.797 17.540   70.24   0.102 1433      0.075  116.43   0.074
OGLE-LMC-LPV-52399  14.004 17.097   86.11   0.129  895.3    0.095   83.84   0.064
OGLE-LMC-LPV-52429  14.668 16.661   98.63   0.054  934.6    0.061  105.65   0.039
OGLE-LMC-LPV-52439  13.772 17.082  227.6    0.201  477.8    0.159  780.0    0.105
OGLE-LMC-LPV-52454  14.415 17.052  125.68   0.093  670.2    0.097   79.34   0.067
OGLE-LMC-LPV-52463  13.984 16.216  266.9    0.291 6757      0.114  247.7    0.078
OGLE-LMC-LPV-52472  14.391 16.953   75.78   0.082  453.1    0.076  568.8    0.043
OGLE-LMC-LPV-52481  13.461 16.398  138.57   0.183  243.1    0.124  223.7    0.075
OGLE-LMC-LPV-52501  13.720 16.124  150.13   0.159 1873      0.192 2793      0.139
OGLE-LMC-LPV-52504  14.207 17.652  126.29   0.120 3401      0.120  117.32   0.083
OGLE-LMC-LPV-52508  14.574 16.232   81.58   0.072  677.0    0.046   50.20   0.045
OGLE-LMC-LPV-52525  14.747 18.084  186.63   0.187 1104      0.137  724.1    0.113
OGLE-LMC-LPV-52526  14.360 17.997  126.57   0.282  116.55   0.161  878.0    0.126
OGLE-LMC-LPV-52532  14.238 16.603   74.32   0.067  437.3    0.183  660.1    0.086
OGLE-LMC-LPV-52537  14.253 16.550   78.15   0.169  121.76   0.068 1045      0.060
OGLE-LMC-LPV-52539  14.420 16.356  130.24   0.437  138.56   0.199 1984      0.169
OGLE-LMC-LPV-52556  13.964 16.905  303.6    0.172  722.0    0.100  968.1    0.087
OGLE-LMC-LPV-52564  14.164 17.342  192.25   0.244  299.3    0.143  349.4    0.106
OGLE-LMC-LPV-52569  14.109 17.403  111.22   0.340  115.11   0.137  875.7    0.129
OGLE-LMC-LPV-52575  13.975 16.693  173.46   0.099  167.03   0.067 1222      0.050
OGLE-LMC-LPV-52583  14.645 16.776   95.73   0.082  276.9    0.069  241.9    0.055
OGLE-LMC-LPV-52587  14.316 17.909  142.18   0.509  245.5    0.255 6944      0.131
OGLE-LMC-LPV-52591  14.401 17.351   82.87   0.061  179.60   0.058   92.90   0.039
OGLE-LMC-LPV-52600  14.246 16.958  188.19   0.167  228.0    0.118  105.76   0.096
OGLE-LMC-LPV-52604  14.211 18.042  146.07   0.234  140.02   0.211  276.5    0.154
OGLE-LMC-LPV-52605  14.166 17.515  474.4    0.388 3623      0.156  593.8    0.138
OGLE-LMC-LPV-52606  14.320 16.898  939.1    0.714 4785      0.236 1195      0.128
OGLE-LMC-LPV-52607  14.231 17.419  116.47   0.238  192.79   0.110  201.7    0.076
OGLE-LMC-LPV-52618  14.088 16.540  164.61   0.084  292.9    0.183  311.9    0.112
OGLE-LMC-LPV-52639  13.122 17.236  253.0    0.380 2506      0.338  480.1    0.129
OGLE-LMC-LPV-52650  14.111 16.228   81.00   0.165  140.57   0.087 1060      0.079
OGLE-LMC-LPV-52655  14.070 17.661  141.30   0.149  261.7    0.135 7812      0.094
OGLE-LMC-LPV-52662  14.576 16.574   60.55   0.069   58.91   0.047  654.0    0.040
OGLE-LMC-LPV-52664  14.384 17.033   65.51   0.060 2415      0.161  408.8    0.060
OGLE-LMC-LPV-52677  13.328 15.479  131.70   0.063 1214      0.077  672.0    0.045
OGLE-LMC-LPV-52685  13.885 16.356  210.1    0.164  705.7    0.122   96.89   0.070
OGLE-LMC-LPV-52686  14.044 17.072  188.39   0.214 1261      0.229 1786      0.096
OGLE-LMC-LPV-52692  13.924 16.374  155.47   0.069  162.55   0.071  174.83   0.057
OGLE-LMC-LPV-52696  14.203 17.118  102.83   0.150  206.3    0.084  177.97   0.089
OGLE-LMC-LPV-52705  14.775 16.724   57.10   0.039   87.83   0.033 1754      0.023
OGLE-LMC-LPV-52738  14.159 16.635  131.44   0.069  676.6    0.113  853.2    0.061
OGLE-LMC-LPV-52744  14.469 16.320   59.19   0.091  102.66   0.090   63.39   0.071
OGLE-LMC-LPV-52766  14.074 16.928   99.05   0.089 1199      0.150  105.72   0.078
OGLE-LMC-LPV-52788  14.684 17.221  190.48   0.105  460.8    0.185 3356      0.082
OGLE-LMC-LPV-52796  14.268 16.329  164.31   0.452  152.07   0.142  581.1    0.100
OGLE-LMC-LPV-52815  13.799 16.269  153.61   0.087  958.8    0.099  148.37   0.073
OGLE-LMC-LPV-52819  14.200 17.382  223.6    0.318  125.23   0.131  491.4    0.084
OGLE-LMC-LPV-52825  14.289 17.136   98.62   0.363 1060      0.139  109.31   0.121
OGLE-LMC-LPV-52829  13.880 16.459  123.56   0.077  703.2    0.155  127.93   0.077
OGLE-LMC-LPV-52862  13.678 16.290  168.18   0.108 1757      0.149  288.6    0.112
OGLE-LMC-LPV-52869  14.199 17.442   95.28   0.097   99.80   0.113  573.7    0.119
OGLE-LMC-LPV-52874  14.665 17.477  206.3    0.512  196.00   0.160  212.1    0.089
OGLE-LMC-LPV-52875  14.099 17.137  200.4    0.278  121.98   0.099  582.8    0.082
OGLE-LMC-LPV-52879  14.937 19.233  101.91   0.091  719.4    0.183 1031      0.125
OGLE-LMC-LPV-52892  14.146 17.552  220.7    0.264  118.96   0.072  134.39   0.090
OGLE-LMC-LPV-52896  14.514 16.398   57.17   0.136   98.01   0.090  102.63   0.046
OGLE-LMC-LPV-52898  14.227 16.465   95.39   0.049 1142      0.075  177.21   0.049
OGLE-LMC-LPV-52908  14.448 16.474   64.83   0.117   63.37   0.036   65.95   0.030
OGLE-LMC-LPV-52920  14.361 16.576  194.55   0.145  219.2    0.101 6993      0.075
OGLE-LMC-LPV-52921  14.050 17.329  227.3    0.102 2155      0.217 8000      0.170
OGLE-LMC-LPV-52931  14.169 17.197  205.6    0.234 4405      0.230  378.8    0.119
OGLE-LMC-LPV-52939  14.866 17.989  212.3    0.487  226.1    0.463 3663      0.230
OGLE-LMC-LPV-52960  14.239 18.123  124.97   0.174  532.8    0.155  243.4    0.107
OGLE-LMC-LPV-52973  14.543 16.950  250.3    0.425 8065      0.155  257.3    0.106
OGLE-LMC-LPV-52975  13.907 16.009   89.65   0.042  762.8    0.032 1043      0.028
OGLE-LMC-LPV-52994  14.120 17.040  188.84   0.186  105.06   0.157  108.75   0.109
OGLE-LMC-LPV-52995  14.783 17.045   62.32   0.127   65.58   0.066  102.80   0.053
OGLE-LMC-LPV-53001  14.112 16.551  148.53   0.179  142.11   0.104  262.4    0.093
OGLE-LMC-LPV-53026  13.882 16.995   95.79   0.106  594.2    0.063  866.6    0.048
OGLE-LMC-LPV-53043  14.285 17.502  115.26   0.150  216.8    0.144  244.7    0.115
OGLE-LMC-LPV-53060  13.915 16.640  155.45   0.093 1592      0.224  146.58   0.065
OGLE-LMC-LPV-53063  14.259 16.928  131.61   0.190 3704      0.092  100.53   0.074
OGLE-LMC-LPV-53067  14.880 17.895   70.76   0.059  493.8    0.075  119.09   0.056
OGLE-LMC-LPV-53077  14.704 16.971  132.53   0.077  160.38   0.050  518.7    0.039
OGLE-LMC-LPV-53083  14.558 18.287  124.58   0.291 7812      0.168  120.18   0.146
OGLE-LMC-LPV-53086  15.509 17.998   48.196  0.045  299.1    0.034   46.060  0.032
OGLE-LMC-LPV-53093  14.210 17.000   90.60   0.098 3676      0.104   93.82   0.072
OGLE-LMC-LPV-53098  14.711 17.147  288.9    0.167  664.0    0.088  314.1    0.073
OGLE-LMC-LPV-53114  14.176 16.965  160.05   0.154  316.0    0.128 1119      0.105
OGLE-LMC-LPV-53115  14.787 17.406  279.7    0.185  260.3    0.069  488.8    0.060
OGLE-LMC-LPV-53118  13.759 16.776  382.8    0.221 1370      0.123  216.9    0.131
OGLE-LMC-LPV-53129  14.693 16.751   52.89   0.056 4630      0.072   79.53   0.040
OGLE-LMC-LPV-53173  14.159 16.872  328.8    0.469 5780      0.178  171.35   0.123
OGLE-LMC-LPV-53175  14.839 17.276   68.23   0.234  728.9    0.121  119.46   0.097
OGLE-LMC-LPV-53186  14.671 16.795   57.62   0.064  109.30   0.052   87.94   0.035
OGLE-LMC-LPV-53192  16.837 19.986   59.06   0.051  304.0    0.049 2247      0.036
OGLE-LMC-LPV-53197  14.103 16.254  102.20   0.096  104.01   0.067 2315      0.052
OGLE-LMC-LPV-53198  14.728 16.518   80.88   0.085  655.3    0.089   86.18   0.064
OGLE-LMC-LPV-53201  14.018 16.816  167.03   0.119 1779      0.254 5952      0.095
OGLE-LMC-LPV-53203  14.748 17.536  229.2    0.227  891.3    0.334 6667      0.109
OGLE-LMC-LPV-53214  14.244 16.565   76.43   0.069  386.2    0.055   80.95   0.042
OGLE-LMC-LPV-53233  14.162 16.691   92.34   0.217   99.70   0.087  162.31   0.081
OGLE-LMC-LPV-53277  14.284 15.973  122.97   0.351  553.1    0.064  118.13   0.057
OGLE-LMC-LPV-53284  14.081 17.026   97.08   0.121  587.9    0.187  326.5    0.068
OGLE-LMC-LPV-53287  13.915 17.132  117.64   0.209  107.57   0.100  208.3    0.078
OGLE-LMC-LPV-53294  14.210 16.506  231.9    0.220  128.62   0.101  222.0    0.083
OGLE-LMC-LPV-53296  14.355 16.294  129.47   0.206  124.35   0.060   69.66   0.051
OGLE-LMC-LPV-53311  14.607 16.400   54.40   0.086   90.19   0.033  744.6    0.032
OGLE-LMC-LPV-53322  13.824 16.637  202.8    0.130  114.26   0.046  143.91   0.040
OGLE-LMC-LPV-53333  14.181    -     99.89   0.229  209.1    0.175  178.57   0.125
OGLE-LMC-LPV-53336  14.440 16.894  213.9    0.587  204.7    0.230  190.80   0.210
OGLE-LMC-LPV-53341  14.248 16.524   77.45   0.194 1082      0.098  131.13   0.061
OGLE-LMC-LPV-53343  15.133 17.978  197.92   0.119 2604      0.100  144.38   0.048
OGLE-LMC-LPV-53348  14.465 17.216  168.58   0.265  191.75   0.116   99.91   0.084
OGLE-LMC-LPV-53353  14.052 16.743   92.34   0.121  102.15   0.092   93.65   0.056
OGLE-LMC-LPV-53358  13.252 15.384  139.88   0.050  487.1    0.074 1647      0.027
OGLE-LMC-LPV-53378  14.302 16.904   93.41   0.156 1001      0.113  133.44   0.063
OGLE-LMC-LPV-53381  14.460 17.989  240.3    0.313  458.9    0.202 5618      0.148
OGLE-LMC-LPV-53386  14.251 16.861  184.33   0.182 1558      0.218  338.4    0.136
OGLE-LMC-LPV-53388  14.525 18.412  137.60   0.223  237.7    0.187 1295      0.145
OGLE-LMC-LPV-53390  14.271 16.701   76.09   0.055 1464      0.140  397.3    0.041
OGLE-LMC-LPV-53395  13.534 16.661  223.4    0.124 1119      0.169  440.7    0.150
OGLE-LMC-LPV-53414  14.313 17.262   88.81   0.185 1068      0.127   91.07   0.119
OGLE-LMC-LPV-53416  14.262 17.118  145.39   0.096  569.8    0.105   82.89   0.086
OGLE-LMC-LPV-53417  15.175 17.076   99.37   0.208  123.78   0.050  107.27   0.050
OGLE-LMC-LPV-53418  14.183 16.969  156.13   0.169  162.73   0.085 1637      0.086
OGLE-LMC-LPV-53420  14.243 16.660   82.64   0.117  121.70   0.057  147.60   0.058
OGLE-LMC-LPV-53421  15.043 17.279  109.23   0.304   58.98   0.123   81.18   0.084
OGLE-LMC-LPV-53423  14.216 17.696  138.56   0.207 1508      0.117  135.21   0.114
OGLE-LMC-LPV-53450  14.092 17.040  192.72   0.198  374.4    0.135  343.3    0.106
OGLE-LMC-LPV-53452  14.295 17.055   93.73   0.124  164.77   0.102 1175      0.069
OGLE-LMC-LPV-53473  14.691 17.567  254.4    0.556 3846      0.179  451.9    0.121
OGLE-LMC-LPV-53474  14.495 16.386  133.28   0.677  301.7    0.269  193.27   0.213
OGLE-LMC-LPV-53486  14.388 18.155  137.30   0.203  216.7    0.131 6061      0.082
OGLE-LMC-LPV-53487  14.482 17.072   100.00  0.102 1179      0.078  103.50   0.045
OGLE-LMC-LPV-53494  14.361 16.810   79.47   0.094  885.0    0.106   81.87   0.093
OGLE-LMC-LPV-53504  14.737 16.627  107.48   0.248  110.52   0.172   71.88   0.098
OGLE-LMC-LPV-53508  14.244 16.958  140.07   0.196 1034      0.073  441.1    0.061
OGLE-LMC-LPV-53517  14.366 17.413  101.49   0.072  902.5    0.090  186.19   0.073
OGLE-LMC-LPV-53531  14.311 16.575   81.35   0.046  770.4    0.055   78.91   0.041
OGLE-LMC-LPV-53535  15.593 17.380   48.075  0.042   53.46   0.022   28.756  0.021
OGLE-LMC-LPV-53549  14.363 16.595   69.87   0.037  203.3    0.070  391.4    0.051
OGLE-LMC-LPV-53551  14.330 18.203  272.8    0.451  148.68   0.169  291.4    0.098
OGLE-LMC-LPV-53553  13.884 16.577  195.01   0.167 5952      0.187  181.65   0.066
OGLE-LMC-LPV-53569  14.969 18.036  152.19   0.216  280.9    0.162 2257      0.112
OGLE-LMC-LPV-53605  14.232 17.172  104.04   0.142  101.37   0.094 1362      0.092
OGLE-LMC-LPV-53618  13.889 16.303  192.11   0.100 4115      0.068  112.26   0.067
OGLE-LMC-LPV-53619  14.381 17.117  143.58   0.108  436.3    0.072   93.62   0.068
OGLE-LMC-LPV-53626  14.300 17.066   96.17   0.209  868.1    0.186   93.62   0.076
OGLE-LMC-LPV-53632  15.119 16.956   43.716  0.029  387.3    0.046  307.4    0.031
OGLE-LMC-LPV-53648  14.014    -    241.9    0.137  560.9    0.148  235.8    0.088
OGLE-LMC-LPV-53650  14.647 17.145  127.03   0.084 1453      0.210  940.7    0.078
OGLE-LMC-LPV-53651  14.390 17.041  130.82   0.075  749.1    0.089 1094      0.057
OGLE-LMC-LPV-53654  15.163 18.309  116.88   0.139 1007      0.397 2336      0.165
OGLE-LMC-LPV-53657  14.091 16.220  113.29   0.125  183.92   0.125 1284      0.079
OGLE-LMC-LPV-53672  13.731    -    283.7    0.194 1021      0.102  108.35   0.062
OGLE-LMC-LPV-53697  14.361 16.968   91.35   0.140 1269      0.152  150.11   0.103
OGLE-LMC-LPV-53712  14.609 16.902   96.56   0.054   62.23   0.046  316.2    0.050
OGLE-LMC-LPV-53716  14.567 16.820   73.14   0.057  413.6    0.063  290.7    0.057
OGLE-LMC-LPV-53717  14.573 17.339  263.8    0.675 3367      0.322  136.44   0.198
OGLE-LMC-LPV-53731  14.210 16.654   85.27   0.096   81.66   0.080  136.95   0.062
OGLE-LMC-LPV-53734  14.673 16.638   74.39   0.060   45.710  0.041   44.458  0.035
OGLE-LMC-LPV-53747  14.173 17.492  110.48   0.342  106.69   0.169  198.49   0.159
OGLE-LMC-LPV-53759  14.524 18.060  257.7    0.209  240.3    0.114  139.18   0.082
OGLE-LMC-LPV-53771  14.279 17.272  349.2    0.229 2445      0.134 5747      0.122
OGLE-LMC-LPV-53781  14.168 17.377  108.07   0.170  178.70   0.117   98.19   0.069
OGLE-LMC-LPV-53783  14.154 16.749   92.40   0.067  165.70   0.055   93.81   0.049
OGLE-LMC-LPV-53788  14.628 16.996  108.23   0.061  352.7    0.133  101.97   0.083
OGLE-LMC-LPV-53789  15.246 16.881   35.518  0.046  900.1    0.046   82.80   0.026
OGLE-LMC-LPV-53800  15.230 16.828   45.540  0.072   43.057  0.055  114.55   0.034
OGLE-LMC-LPV-53831  14.316 17.486  198.41   0.433  568.5    0.181  150.99   0.133
OGLE-LMC-LPV-53833  14.254 16.468   68.92   0.044   66.08   0.035  512.8    0.026
OGLE-LMC-LPV-53834  14.922 17.979   68.73   0.081 2037      0.115  505.6    0.076
OGLE-LMC-LPV-53845  14.414 16.384  137.51   0.616  141.74   0.122  134.90   0.106
OGLE-LMC-LPV-53852  14.712 16.981  124.59   0.136   69.47   0.070  122.13   0.062
OGLE-LMC-LPV-53869  14.000 17.712  141.54   0.159  317.9    0.139  266.0    0.080
OGLE-LMC-LPV-53875  14.225 16.941  210.7    0.667 5263      0.208  110.96   0.150
OGLE-LMC-LPV-53892  15.033 17.694   63.77   0.127  726.7    0.110  105.69   0.074
OGLE-LMC-LPV-53905  15.158 16.829   80.24   0.209   71.99   0.072   93.48   0.060
OGLE-LMC-LPV-53927  13.920 17.029  197.43   0.070 2208      0.117  483.6    0.076
OGLE-LMC-LPV-53934  14.734 16.610   52.46   0.044   76.80   0.055  238.3    0.050
OGLE-LMC-LPV-53941  14.044 16.751  109.88   0.241  200.9    0.182  112.37   0.085
OGLE-LMC-LPV-53953  14.393 17.222  143.95   0.076  162.52   0.048   91.35   0.049
OGLE-LMC-LPV-53957  13.408 15.739  132.90   0.104  623.1    0.047   90.74   0.040
OGLE-LMC-LPV-53958  14.036 16.771 1359      0.232  158.68   0.113  386.5    0.076
OGLE-LMC-LPV-53978  14.038 17.265  110.88   0.096  108.00   0.057  103.23   0.050
OGLE-LMC-LPV-53982  14.068 17.375  220.1    0.230  412.2    0.176  304.3    0.093
OGLE-LMC-LPV-53983  14.251 17.120  184.28   0.150  539.1    0.118  101.80   0.078
OGLE-LMC-LPV-53999  13.977 16.762  175.25   0.198  311.9    0.137 1626      0.106
OGLE-LMC-LPV-54005  14.727 17.278  209.3    0.306  119.55   0.129  667.1    0.126
OGLE-LMC-LPV-54025  14.193 17.716  445.8    0.316  239.3    0.131  309.5    0.073
OGLE-LMC-LPV-54034  14.128 17.420  105.30   0.097  101.64   0.081  159.21   0.063
OGLE-LMC-LPV-54047  14.659 16.581   55.09   0.034   81.79   0.023  552.2    0.022
OGLE-LMC-LPV-54053  14.296 16.656   70.63   0.067  612.4    0.100   78.19   0.053
OGLE-LMC-LPV-54058  13.944 16.270  137.46   0.109  146.18   0.089  152.32   0.068
OGLE-LMC-LPV-54059  14.666    -     75.72   0.124    6.0188 0.082    2.7025 0.062
OGLE-LMC-LPV-54061  14.898 17.093   59.40   0.088  609.4    0.128  108.04   0.089
OGLE-LMC-LPV-54064  14.203 17.087  176.94   0.324   97.59   0.210  187.37   0.177
OGLE-LMC-LPV-54067  15.411    -     43.393  0.033 2392      0.030   41.096  0.030
OGLE-LMC-LPV-54080  14.800 17.706  247.1    0.497 5882      0.153 1105      0.114
OGLE-LMC-LPV-54088  14.573 17.454  152.39   0.100 1689      0.107  145.33   0.071
OGLE-LMC-LPV-54091  14.256 16.840  163.39   0.258   91.33   0.133  154.37   0.117
OGLE-LMC-LPV-54109  13.787 16.051  143.01   0.141  254.4    0.056  269.4    0.042
OGLE-LMC-LPV-54115  13.639 16.923  261.0    0.295 6667      0.118  524.7    0.100
OGLE-LMC-LPV-54121  14.316 16.835   84.04   0.129  149.48   0.097   77.07   0.076
OGLE-LMC-LPV-54143  14.388 17.524  101.21   0.231 1115      0.120  186.74   0.104
OGLE-LMC-LPV-54145  14.172 17.333  100.12   0.150  517.6    0.105  163.59   0.062
OGLE-LMC-LPV-54147  14.648 17.202   69.13   0.071 1543      0.053  103.87   0.040
OGLE-LMC-LPV-54175  14.707 17.231  105.84   0.066  324.1    0.043  391.7    0.031
OGLE-LMC-LPV-54179  14.016 16.622  107.43   0.038   94.15   0.031 2849      0.029
OGLE-LMC-LPV-54191  13.954 16.953  120.55   0.183 1311      0.135  212.8    0.109
OGLE-LMC-LPV-54193  13.041 15.396  521.4    0.430 1502      0.081  115.31   0.043
OGLE-LMC-LPV-54205  14.835 16.954  111.71   0.061  488.0    0.072  558.0    0.042
OGLE-LMC-LPV-54215  14.964 18.227   97.21   0.089 2469      0.112  139.37   0.066
OGLE-LMC-LPV-54219  13.973 16.926  171.16   0.263 1802      0.215  284.5    0.149
OGLE-LMC-LPV-54221  14.525 16.922  175.01   0.101  805.2    0.082  170.68   0.064
OGLE-LMC-LPV-54230  14.472 16.762   72.10   0.119 3597      0.059   69.42   0.052
OGLE-LMC-LPV-54235  14.222 16.698  161.81   0.259   91.38   0.127  177.40   0.103
OGLE-LMC-LPV-54238  14.772 17.183  385.4    0.315  546.4    0.098 6410      0.102
OGLE-LMC-LPV-54242  14.790 16.983   75.29   0.084  711.2    0.079  131.67   0.043
OGLE-LMC-LPV-54269  14.147 16.545  138.04   0.170  256.9    0.098 2309      0.081
OGLE-LMC-LPV-54281  14.095 17.725  117.76   0.122  736.4    0.152  217.1    0.082
OGLE-LMC-LPV-54283  14.353 16.522   98.40   0.179  159.36   0.081   99.59   0.055
OGLE-LMC-LPV-54284  13.967 17.110  232.1    0.114 2331      0.408 4065      0.161
OGLE-LMC-LPV-54294  14.516 17.764  110.49   0.185  204.3    0.144  114.68   0.102
OGLE-LMC-LPV-54295  14.598 16.661  117.55   0.102  660.1    0.112   84.40   0.063
OGLE-LMC-LPV-54297  14.541 17.143  258.8    0.317  222.1    0.218  729.4    0.140
OGLE-LMC-LPV-54314  15.549 17.783   78.28   0.100 1119      0.099  172.09   0.078
OGLE-LMC-LPV-54315  15.053    -    430.8    0.457 1965      1.070  387.0    0.300
OGLE-LMC-LPV-54322  14.754 16.544  116.95   0.045 1949      0.060   61.18   0.021
OGLE-LMC-LPV-54333  13.979 16.983  105.11   0.106  540.2    0.151  109.28   0.051
OGLE-LMC-LPV-54360  14.218 16.923  132.38   0.095 1009      0.073  122.32   0.066
OGLE-LMC-LPV-54368  14.234 17.093  163.93   0.138  329.8    0.098  391.8    0.074
OGLE-LMC-LPV-54374  14.272 16.065  105.87   0.123  732.1    0.103   91.79   0.076
OGLE-LMC-LPV-54377  14.831 16.929  533.1    0.211  426.3    0.108  242.0    0.068
OGLE-LMC-LPV-54394  14.184 17.178   98.46   0.067  421.9    0.153  572.4    0.091
OGLE-LMC-LPV-54395  15.000 16.741   56.86   0.076   60.83   0.054  179.02   0.052
OGLE-LMC-LPV-54412  14.773 18.112  367.6    0.566 4132      0.974  184.47   0.257
OGLE-LMC-LPV-54413  14.012 17.375  119.53   0.118 1634      0.117  208.1    0.107
OGLE-LMC-LPV-54415  12.891 16.569  227.7    0.452  425.9    0.335  553.4    0.101
OGLE-LMC-LPV-54418  14.617 16.567   67.36   0.038  517.1    0.064  137.82   0.040
OGLE-LMC-LPV-54420  14.314 17.022  219.4    0.761  925.9    0.150  387.3    0.104
OGLE-LMC-LPV-54433  13.946 17.315  122.08   0.154  195.58   0.099 2740      0.097
OGLE-LMC-LPV-54436  14.163 16.559   83.68   0.066  228.8    0.054  511.2    0.044
OGLE-LMC-LPV-54439  14.227 17.244  172.74   0.177  686.8    0.109  157.46   0.102
OGLE-LMC-LPV-54456  14.717 16.855   92.83   0.053  342.7    0.081  183.02   0.026
OGLE-LMC-LPV-54459  15.220 17.095   43.911  0.122   74.48   0.115   81.62   0.072
OGLE-LMC-LPV-54460  16.645 19.969   92.50   0.045 4630      1.449  205.1    0.120
OGLE-LMC-LPV-54463  14.105 17.035   93.87   0.095  569.8    0.049  149.90   0.046
OGLE-LMC-LPV-54466  14.531 16.439   87.19   0.088  437.1    0.065   84.95   0.048
OGLE-LMC-LPV-54471  14.508 16.857  108.43   0.144  172.18   0.108  203.8    0.058
OGLE-LMC-LPV-54479  14.604 16.113   39.378  0.035  320.6    0.043   72.36   0.033
OGLE-LMC-LPV-54484  14.220 17.172  334.9    0.192  584.1    0.104 2445      0.073
OGLE-LMC-LPV-54499  14.787 17.333  132.49   0.650 6579      0.276  136.67   0.170
OGLE-LMC-LPV-54504  14.247 16.042  128.12   0.248   66.08   0.068   67.99   0.060
OGLE-LMC-LPV-54510  14.158 16.119   68.92   0.035  735.8    0.049 1050      0.031
OGLE-LMC-LPV-54516  13.567 16.569  241.1    0.211 2825      0.171  524.1    0.082
OGLE-LMC-LPV-54533  13.022 16.051  195.43   0.106  135.87   0.052  347.5    0.049
OGLE-LMC-LPV-54538  14.423 17.063  148.83   0.116  885.0    0.123   85.08   0.084
OGLE-LMC-LPV-54554  14.702 16.571   65.04   0.035  209.6    0.054  190.95   0.043
OGLE-LMC-LPV-54560  13.877 16.288  133.99   0.146  938.1    0.108  231.3    0.083
OGLE-LMC-LPV-54561  14.511 18.050  886.5    0.201  228.4    0.089  135.10   0.058
OGLE-LMC-LPV-54563  14.958 17.759   63.11   0.123   82.69   0.086   88.44   0.053
OGLE-LMC-LPV-54569  14.330 16.841   74.40   0.097  534.8    0.118  113.33   0.057
OGLE-LMC-LPV-54578  14.250 17.907  123.09   0.225  226.0    0.125  134.34   0.096
OGLE-LMC-LPV-54595  13.859 16.572  153.59   0.076  171.50   0.100  694.4    0.059
OGLE-LMC-LPV-54597  14.225 16.484   87.26   0.038  377.2    0.044 4132      0.036
OGLE-LMC-LPV-54613  14.273 16.713  108.20   0.091  367.4    0.058  811.7    0.029
OGLE-LMC-LPV-54617  14.888    -    103.62   0.031  387.9    0.022   31.024  0.020
OGLE-LMC-LPV-54618  15.137 16.897   54.74   0.033  128.50   0.034   35.393  0.029
OGLE-LMC-LPV-54632  13.983 16.542  341.9    0.229 2681      0.084  185.22   0.086
OGLE-LMC-LPV-54637  15.105    -     50.82   0.013  305.5    0.020   14.123  0.010
OGLE-LMC-LPV-54655  14.166 16.981   97.57   0.149  965.3    0.125  120.24   0.093
OGLE-LMC-LPV-54663  14.994 18.110  144.54   0.137  590.0    0.203  326.5    0.136
OGLE-LMC-LPV-54675  14.535 16.744   88.03   0.131   92.89   0.109 4167      0.111
OGLE-LMC-LPV-54681  14.466 16.773   70.35   0.061  434.6    0.112   72.16   0.056
OGLE-LMC-LPV-54682  14.035 17.579  135.41   0.119  693.5    0.119 1041      0.056
OGLE-LMC-LPV-54690  14.605 16.508   60.06   0.052  402.9    0.049   69.03   0.046
OGLE-LMC-LPV-54691  14.198 17.570  433.7    0.639  242.3    0.109 2342      0.082
OGLE-LMC-LPV-54692  14.263 17.395  101.82   0.117 1188      0.116  343.2    0.086
OGLE-LMC-LPV-54701  13.896 16.241  105.79   0.198  183.72   0.400   82.76   0.051
OGLE-LMC-LPV-54737  14.271 17.320   94.47   0.095  739.1    0.114   99.67   0.053
OGLE-LMC-LPV-54738  14.315 17.971   93.87   0.070  724.6    0.139  968.1    0.115
OGLE-LMC-LPV-54741  14.586 16.923  220.8    0.225  144.80   0.051  165.65   0.033
OGLE-LMC-LPV-54762  14.324 16.510  153.63   0.284  146.11   0.107   83.22   0.073
OGLE-LMC-LPV-54768  14.448 17.349   97.66   0.157  163.72   0.133  184.81   0.104
OGLE-LMC-LPV-54773  14.491 17.576   99.63   0.150  103.38   0.125  171.73   0.101
OGLE-LMC-LPV-54783  13.806 16.313  132.42   0.072  570.8    0.091  850.3    0.066
OGLE-LMC-LPV-54787  14.418 16.787  102.48   0.055  332.6    0.114  597.4    0.045
OGLE-LMC-LPV-54790  14.651 17.045  103.86   0.047 2347      0.121  624.6    0.059
OGLE-LMC-LPV-54799  13.963 15.939  157.82   0.718  234.3    0.097  594.5    0.070
OGLE-LMC-LPV-54814  14.234 17.405   96.89   0.074  432.2    0.111  646.0    0.088
OGLE-LMC-LPV-54816  13.813 16.177  138.92   0.099 1010      0.060  226.8    0.044
OGLE-LMC-LPV-54821  13.957 17.411  409.0    0.388  605.0    0.150  340.0    0.112
OGLE-LMC-LPV-54830  14.283 17.931  120.90   0.194  205.7    0.140 4608      0.100
OGLE-LMC-LPV-54832  13.841 16.311  210.0    0.066 3922      0.057  243.1    0.036
OGLE-LMC-LPV-54868  14.448 16.623   64.06   0.055  102.03   0.048  148.26   0.038
OGLE-LMC-LPV-54895  14.536 17.396  108.48   0.128  206.3    0.114  111.53   0.096
OGLE-LMC-LPV-54900  13.179 15.201  270.0    0.701 8264      0.233  275.3    0.137
OGLE-LMC-LPV-54913  13.580 16.284  189.28   0.136 1808      0.108 1114      0.089
OGLE-LMC-LPV-54922  14.805 17.070  130.22   0.328   67.69   0.106   88.09   0.085
OGLE-LMC-LPV-54926  14.441 16.606  140.88   0.253  154.37   0.075  146.67   0.060
OGLE-LMC-LPV-54933  13.992 16.626  154.92   0.096  297.7    0.140 1279      0.121
OGLE-LMC-LPV-54935  15.478 17.439   40.579  0.145   42.977  0.053   66.13   0.053
OGLE-LMC-LPV-54955  14.212 17.020  157.07   0.122   94.49   0.065 1015      0.054
OGLE-LMC-LPV-54957  13.587 16.219  196.12   0.085 1524      0.198  337.0    0.132
OGLE-LMC-LPV-54958  14.291 16.340  107.28   0.056 2410      0.057  394.9    0.040
OGLE-LMC-LPV-54962  14.127 17.575  112.87   0.097  897.7    0.151  100.75   0.084
OGLE-LMC-LPV-54963  14.010 16.875  243.1    0.296  131.13   0.083  789.9    0.063
OGLE-LMC-LPV-54967  15.338 16.682   34.223  0.078  718.9    0.059   40.965  0.053
OGLE-LMC-LPV-54972  14.269 17.134   80.09   0.101  677.0    0.077   81.71   0.052
OGLE-LMC-LPV-54985  15.403 16.744   30.606  0.044   20.201  0.037   16.668  0.023
OGLE-LMC-LPV-54992  14.238 17.227   87.61   0.077  969.0    0.107   76.35   0.061
OGLE-LMC-LPV-55002  13.808 17.070  143.48   0.165  162.84   0.089  240.8    0.074
OGLE-LMC-LPV-55025  14.620 17.930  108.55   0.184 1192      0.142  132.03   0.097
OGLE-LMC-LPV-55026  14.044    -    139.27   0.163  146.01   0.086  303.4    0.056
OGLE-LMC-LPV-55028  14.616 18.270  209.6    0.181 1361      0.319  319.8    0.124
OGLE-LMC-LPV-55031  14.738 16.716   66.15   0.093  630.1    0.077  107.18   0.057
OGLE-LMC-LPV-55032  14.133 16.355  126.12   0.089  988.1    0.153 7752      0.086
OGLE-LMC-LPV-55041  13.784 16.298  160.69   0.129  478.0    0.140 3861      0.071
OGLE-LMC-LPV-55055  14.168 17.582  122.12   0.268  244.1    0.136  129.22   0.110
OGLE-LMC-LPV-55059  14.419 17.516  188.25   0.155  211.6    0.140  916.6    0.107
OGLE-LMC-LPV-55062  14.000 17.209  108.68   0.117 2571      0.119  227.8    0.091
OGLE-LMC-LPV-55120  14.616 16.311   68.38   0.029   46.709  0.020   69.34   0.016
OGLE-LMC-LPV-55128  14.623 17.660  101.00   0.075  566.3    0.159  115.15   0.069
OGLE-LMC-LPV-55130  13.864 16.759  125.85   0.156 1656      0.132  201.3    0.108
OGLE-LMC-LPV-55147  15.290 17.520   43.538  0.053  306.3    0.043  419.5    0.039
OGLE-LMC-LPV-55149  14.045 16.454  179.63   0.365  189.18   0.169  117.69   0.089
OGLE-LMC-LPV-55179  14.437 17.394  289.7    0.308  394.3    0.230  156.49   0.106
OGLE-LMC-LPV-55186  14.740 16.506   76.20   0.061  329.3    0.042   57.80   0.039
OGLE-LMC-LPV-55195  14.235 17.179  174.96   0.190  301.9    0.112  201.4    0.078
OGLE-LMC-LPV-55206  14.591 17.292  146.52   0.098  942.5    0.103  244.1    0.048
OGLE-LMC-LPV-55207  14.340 16.030  125.17   0.319  129.52   0.195  117.33   0.149
OGLE-LMC-LPV-55209  14.388 17.108   84.47   0.090  581.1    0.114  353.7    0.105
OGLE-LMC-LPV-55228  14.100 16.792  298.9    0.128  632.9    0.090  177.78   0.057
OGLE-LMC-LPV-55243  14.391 16.346   70.51   0.095  119.57   0.139  131.06   0.059
OGLE-LMC-LPV-55247  14.529 16.769   70.65   0.130  905.8    0.150  120.41   0.088
OGLE-LMC-LPV-55254  14.527 17.146  184.70   0.104  982.3    0.196 1238      0.091
OGLE-LMC-LPV-55255  13.946 17.043   96.14   0.074  827.1    0.079  136.97   0.051
OGLE-LMC-LPV-55259  14.800 16.767   73.79   0.042  507.1    0.037   54.96   0.032
OGLE-LMC-LPV-55262  14.297 17.459  101.75   0.077  182.65   0.115 2653      0.087
OGLE-LMC-LPV-55266  14.758 16.774   57.18   0.036   58.00   0.027   97.74   0.025
OGLE-LMC-LPV-55269  13.526 16.733  548.6    0.364 6944      0.265  607.5    0.111
OGLE-LMC-LPV-55278  13.911 16.623 1235      0.263  167.39   0.106 1890      0.078
OGLE-LMC-LPV-55279  14.521 16.473  113.44   0.215  784.3    0.126  106.15   0.108
OGLE-LMC-LPV-55288  15.028 18.179  114.32   0.142   93.57   0.117  178.86   0.108
OGLE-LMC-LPV-55291  13.522 16.840  268.5    0.111 2618      0.305  272.9    0.117
OGLE-LMC-LPV-55300  14.009 16.272   82.18   0.050  654.9    0.112 1757      0.041
OGLE-LMC-LPV-55304  14.381 16.663   76.56   0.143  948.8    0.097   78.30   0.079
OGLE-LMC-LPV-55326  14.906 16.815   65.07   0.022 4484      0.031  217.4    0.016
OGLE-LMC-LPV-55328  14.593 16.272   71.21   0.036 1170      0.032  159.44   0.022
OGLE-LMC-LPV-55337  14.043 17.424  123.85   0.175  747.4    0.093  197.98   0.069
OGLE-LMC-LPV-55342  14.036 16.478  184.42   0.231   97.26   0.113  193.54   0.092
OGLE-LMC-LPV-55355  14.100 16.873  187.79   0.059  627.0    0.123  108.19   0.046
OGLE-LMC-LPV-55360  14.755 16.324   53.88   0.019  362.6    0.030  249.3    0.020
OGLE-LMC-LPV-55366  14.182 17.012  147.17   0.072  461.0    0.073  630.5    0.045
OGLE-LMC-LPV-55382  14.579 17.033  104.34   0.073  450.9    0.060 4329      0.055
OGLE-LMC-LPV-55393  14.476 16.981   77.18   0.075  315.9    0.057  629.7    0.049
OGLE-LMC-LPV-55403  14.170 17.313  239.3    0.358  127.63   0.137  129.95   0.096
OGLE-LMC-LPV-55404  14.192 17.296  103.96   0.134  702.2    0.115  468.2    0.053
OGLE-LMC-LPV-55405  13.975 16.781  241.1    0.170 4367      0.118  108.32   0.065
OGLE-LMC-LPV-55409  14.445 16.617   66.76   0.124   59.45   0.058  949.7    0.046
OGLE-LMC-LPV-55415  14.524 17.550  328.1    0.264  707.2    0.162 1412      0.150
OGLE-LMC-LPV-55439  13.971 17.295  139.71   0.241  258.5    0.122  144.66   0.067
OGLE-LMC-LPV-55451  14.780 17.279  129.44   0.133  736.4    0.120  112.20   0.091
OGLE-LMC-LPV-55456  14.364 16.745   93.35   0.079  151.15   0.055  120.26   0.036
OGLE-LMC-LPV-55469  14.178 16.954   93.38   0.083  165.54   0.099   95.24   0.089
OGLE-LMC-LPV-55480  14.159 17.504  380.4    0.273 3984      0.178  437.1    0.086
OGLE-LMC-LPV-55487  14.542 16.806  133.48   0.177   72.21   0.078  117.98   0.066
OGLE-LMC-LPV-55504  14.802 17.100   63.44   0.082  737.5    0.076   60.41   0.066
OGLE-LMC-LPV-55506  14.325 17.123  167.67   0.159 2469      0.301 1658      0.189
OGLE-LMC-LPV-55516  14.592 16.608  113.20   0.046  526.6    0.044   76.53   0.038
OGLE-LMC-LPV-55521  14.014 16.504  187.08   0.218  102.70   0.108   96.75   0.071
OGLE-LMC-LPV-55537  14.259 16.431   71.71   0.056  361.7    0.061  723.1    0.048
OGLE-LMC-LPV-55543  14.256 17.295  189.68   0.118  331.9    0.111  383.6    0.074
OGLE-LMC-LPV-55545  15.344 17.046   85.77   0.054  181.13   0.065  195.24   0.060
OGLE-LMC-LPV-55552  14.134 16.189  102.84   0.119 2326      0.087  155.01   0.054
OGLE-LMC-LPV-55554  14.654 16.663   63.66   0.049  726.7    0.054  107.47   0.037
OGLE-LMC-LPV-55556  14.176 17.224  386.9    0.758 1205      0.172  428.3    0.136
OGLE-LMC-LPV-55577  13.969 16.770  172.98   0.170 1724      0.170 1274      0.110
OGLE-LMC-LPV-55578  14.233 16.640  180.95   0.651 2625      0.254  168.04   0.193
OGLE-LMC-LPV-55579  14.127 17.244  182.78   0.065  462.7    0.115  252.6    0.073
OGLE-LMC-LPV-55589  14.467 15.993   72.98   0.066  609.8    0.068   66.30   0.058
OGLE-LMC-LPV-55606  14.281 16.569  179.34   0.571  196.81   0.345 3145      0.187
OGLE-LMC-LPV-55613  13.730 13.923   51.12   0.017  477.8    0.026 1105      0.020
OGLE-LMC-LPV-55615  14.530 17.493  140.13   0.100  893.7    0.293  661.8    0.147
OGLE-LMC-LPV-55622  14.194 17.518  115.86   0.183 2066      0.120  108.23   0.104
OGLE-LMC-LPV-55631  14.300 17.152   98.12   0.267  184.13   0.146  100.85   0.077
OGLE-LMC-LPV-55633  14.493 17.156  301.4    0.586 3831      0.783  300.8    0.439
OGLE-LMC-LPV-55638  14.619 16.828  170.44   0.235  707.7    0.119  103.93   0.097
OGLE-LMC-LPV-55657  14.438 16.898   92.55   0.067  551.0    0.086 7299      0.054
OGLE-LMC-LPV-55674  14.645 17.643  354.8    0.196  812.3    0.093  323.4    0.054
OGLE-LMC-LPV-55686  14.092 16.561  195.93   0.506  190.77   0.219 6849      0.199
OGLE-LMC-LPV-55694  13.285 13.784   56.39   0.040 2392      1.134  588.6    0.428
OGLE-LMC-LPV-55721  14.086 16.788  333.9    0.333 2439      0.133  294.5    0.084
OGLE-LMC-LPV-55732  14.193 17.175  120.18   0.081  643.1    0.141  130.79   0.057
OGLE-LMC-LPV-55740  14.400 16.140  116.99   0.187   59.50   0.072  127.76   0.051
OGLE-LMC-LPV-55742  13.932 16.141  114.66   0.060  860.6    0.119  495.0    0.092
OGLE-LMC-LPV-55743  14.082 16.587  176.16   0.370   98.20   0.163  166.28   0.085
OGLE-LMC-LPV-55754  14.430 17.645   95.50   0.075  169.18   0.076   99.03   0.062
OGLE-LMC-LPV-55755  14.492 17.183  113.49   0.139  220.0    0.108  664.5    0.071
OGLE-LMC-LPV-55760  14.205 16.213  215.7    0.356  205.2    0.279  221.9    0.159
OGLE-LMC-LPV-55764  14.531 17.483  337.0    0.749 3195      0.339  743.5    0.200
OGLE-LMC-LPV-55765  14.247 16.901   98.08   0.185 1159      0.154  173.31   0.102
OGLE-LMC-LPV-55773  14.196 16.441  153.84   0.111  144.09   0.091   82.72   0.062
OGLE-LMC-LPV-55779  14.103 17.216  198.93   0.267  729.9    0.203 1305      0.119
OGLE-LMC-LPV-55789  14.518 16.229   52.78   0.058  612.4    0.085   90.44   0.047
OGLE-LMC-LPV-55842  14.048 16.856  169.00   0.112 2410      0.106  164.23   0.078
OGLE-LMC-LPV-55855  14.907 18.128  284.5    0.236 1645      0.167  335.3    0.136
OGLE-LMC-LPV-55856  14.650 16.586   54.70   0.056 1577      0.056   98.78   0.045
OGLE-LMC-LPV-55861  14.047 16.125 1007      0.474 6757      0.204  769.2    0.112
OGLE-LMC-LPV-55891  14.089 17.234  198.29   0.105 1842      0.331  384.9    0.138
OGLE-LMC-LPV-55902  13.981 17.090  192.36   0.129  341.2    0.129  508.1    0.078
OGLE-LMC-LPV-55921  14.782 16.667   45.365  0.034  373.0    0.026   67.63   0.020
OGLE-LMC-LPV-55925  14.672 17.733   99.61   0.053 2114      0.068  169.29   0.065
OGLE-LMC-LPV-55930  14.406 17.019  137.08   0.085  550.4    0.086 3745      0.066
OGLE-LMC-LPV-55938  14.178 17.262   90.25   0.092  154.56   0.088  821.7    0.072
OGLE-LMC-LPV-55947  14.551 17.799  388.3    0.302 1304      0.181 4785      0.123
OGLE-LMC-LPV-55963  14.393 16.862  163.24   0.078 1558      0.144 2198      0.110
OGLE-LMC-LPV-55965  14.350 16.823  120.99   0.079 3125      0.049   74.39   0.043
OGLE-LMC-LPV-55972  14.016 16.690  228.2    0.513 6536      0.352  260.6    0.139
OGLE-LMC-LPV-55983  13.828 17.067  116.35   0.099  729.4    0.095 5650      0.055
OGLE-LMC-LPV-55986  13.864 17.155  226.6    0.112 2066      0.117 1406      0.083
OGLE-LMC-LPV-55988  14.433 17.190  172.26   0.301   97.14   0.141  182.18   0.067
OGLE-LMC-LPV-55995  15.025 17.511   60.92   0.106  724.6    0.087   59.28   0.085
OGLE-LMC-LPV-56070  15.296 17.006   35.638  0.062  874.9    0.064   67.26   0.052
OGLE-LMC-LPV-56084  14.127 17.085  174.86   0.117 2299      0.149  514.9    0.064
OGLE-LMC-LPV-56085  14.297 17.270  252.1    0.169  958.8    0.325  722.5    0.140
OGLE-LMC-LPV-56086  13.796 17.047  462.5    0.439  759.3    0.226  315.7    0.144
OGLE-LMC-LPV-56090  14.834 16.855   55.32   0.069  695.4    0.089   90.12   0.050
OGLE-LMC-LPV-56103  14.423 16.931  174.87   0.665   93.87   0.166  191.64   0.135
OGLE-LMC-LPV-56109  13.835 16.950  131.84   0.151  752.4    0.177  213.0    0.076
OGLE-LMC-LPV-56111  15.042 17.706   54.64   0.049  476.2    0.040   81.63   0.031
OGLE-LMC-LPV-56134  13.967 16.459  152.52   0.102 1397      0.090  219.8    0.058
OGLE-LMC-LPV-56136  14.377 17.222   92.23   0.174  100.33   0.116  110.44   0.102
OGLE-LMC-LPV-56145  14.554 17.704  333.1    0.178  428.3    0.104  252.5    0.102
OGLE-LMC-LPV-56155  13.692 16.532  357.8    0.201 2320      0.173  649.4    0.141
OGLE-LMC-LPV-56156  13.967 17.593  121.96   0.158  698.3    0.114  210.5    0.087
OGLE-LMC-LPV-56161  14.247 17.081   98.74   0.118 1026      0.109  125.77   0.065
OGLE-LMC-LPV-56174  14.442 16.461  137.16   0.057  175.19   0.042  205.9    0.030
OGLE-LMC-LPV-56177  14.112 16.882  139.14   0.182 1852      0.264  151.70   0.110
OGLE-LMC-LPV-56215  14.313 17.017  168.81   0.237   95.37   0.129  926.8    0.108
OGLE-LMC-LPV-56218  14.191 16.117  127.66   0.778  666.2    0.125  162.23   0.093
OGLE-LMC-LPV-56220  14.355 16.470  194.73   0.648  211.2    0.233 2604      0.164
OGLE-LMC-LPV-56221  13.788 16.185  210.4    0.054 1121      0.136  231.6    0.035
OGLE-LMC-LPV-56228  14.255 17.120  357.0    0.376  236.3    0.093 1362      0.069
OGLE-LMC-LPV-56260  14.714 16.845  120.05   0.106  125.25   0.103   64.37   0.096
OGLE-LMC-LPV-56266  14.621 16.854   74.29   0.051  804.5    0.064  552.8    0.039
OGLE-LMC-LPV-56276  14.082 16.558  296.7    0.387  280.0    0.084 7042      0.059
OGLE-LMC-LPV-56282  14.614 16.458   52.52   0.159   92.60   0.084  708.2    0.080
OGLE-LMC-LPV-56283  14.076 16.541  113.30   0.067  998.0    0.102 1618      0.042
OGLE-LMC-LPV-56284  14.044 17.741  993.9    0.239  136.39   0.130  125.64   0.099
OGLE-LMC-LPV-56285  14.255 17.834  125.46   0.450  117.45   0.133 1479      0.114
OGLE-LMC-LPV-56296  14.599 16.734   61.66   0.051  335.7    0.069  103.15   0.039
OGLE-LMC-LPV-56300  14.174 16.832  158.88   0.077 1238      0.124   88.50   0.066
OGLE-LMC-LPV-56308  13.539 15.793  134.64   0.096  789.9    0.128  552.2    0.044
OGLE-LMC-LPV-56317  14.816 17.573   80.78   0.059  410.7    0.060 1082      0.040
OGLE-LMC-LPV-56318  14.040 16.838  186.33   0.128  173.43   0.137  595.6    0.089
OGLE-LMC-LPV-56325  14.352 16.643   82.00   0.067  282.2    0.056  439.8    0.043
OGLE-LMC-LPV-56329  13.857 16.450  166.09   0.173 1538      0.092  149.95   0.087
OGLE-LMC-LPV-56333  14.107 17.613  107.43   0.062  980.4    0.072 2849      0.084
OGLE-LMC-LPV-56337  14.096 16.392  279.0    0.258  161.94   0.083  519.5    0.053
OGLE-LMC-LPV-56340  14.316 18.123  122.28   0.374 1140      0.210  199.92   0.125
OGLE-LMC-LPV-56354  13.578 15.952  160.03   0.115 1239      0.116  153.54   0.096
OGLE-LMC-LPV-56362  14.069 17.230  102.69   0.171 1135      0.113  164.39   0.070
OGLE-LMC-LPV-56373  14.124 16.319  256.2    0.774  134.23   0.178  292.4    0.127
OGLE-LMC-LPV-56377  14.036 16.218  160.05   0.633  205.5    0.147   91.61   0.105
OGLE-LMC-LPV-56378  14.198 17.063   98.29   0.231 1059      0.111  172.59   0.098
OGLE-LMC-LPV-56408  14.545 17.674  109.82   0.150 1284      0.158   91.46   0.091
OGLE-LMC-LPV-56423  14.291 16.845  116.89   0.111  622.7    0.170 4049      0.064
OGLE-LMC-LPV-56424  14.342 16.884  271.9    0.335 2299      0.089  144.59   0.080
OGLE-LMC-LPV-56426  14.076 17.610  114.77   0.167  821.0    0.173  110.72   0.095
OGLE-LMC-LPV-56436  15.252 17.951   61.05   0.077  328.6    0.060 1325      0.055
OGLE-LMC-LPV-56454  14.248 16.772   90.74   0.201   87.70   0.119 1008      0.095
OGLE-LMC-LPV-56465  14.103 17.412  116.39   0.181  754.1    0.114  994.0    0.079
OGLE-LMC-LPV-56468  14.861 16.613   72.60   0.272   93.84   0.174   75.73   0.109
OGLE-LMC-LPV-56480  14.200 18.069  140.25   0.176 1585      0.256  124.92   0.120
OGLE-LMC-LPV-56485  15.139 17.343   43.190  0.073 1786      0.067   78.81   0.054
OGLE-LMC-LPV-56492  14.239 16.955  131.20   0.153 1449      0.191  125.99   0.097
OGLE-LMC-LPV-56498  14.332 17.351  105.84   0.143  654.5    0.072   83.86   0.060
OGLE-LMC-LPV-56515  14.158 17.799  242.4    0.235  125.03   0.140 1333      0.074
OGLE-LMC-LPV-56529  14.054 17.750  128.78   0.193  194.44   0.140 7752      0.086
OGLE-LMC-LPV-56532  14.711 16.528  103.09   0.129   96.26   0.043   54.82   0.036
OGLE-LMC-LPV-56555  14.581 17.284  879.9    0.528 3846      0.234  461.7    0.107
OGLE-LMC-LPV-56578  15.448 17.466   49.783  0.033  259.3    0.037  190.40   0.032
OGLE-LMC-LPV-56582  14.062 16.654  176.63   0.106 4505      0.122  186.22   0.075
OGLE-LMC-LPV-56592  14.061 17.028  100.82   0.098  540.8    0.122  109.35   0.048
OGLE-LMC-LPV-56597  14.126 15.759  112.48   0.299   58.78   0.049  323.3    0.044
OGLE-LMC-LPV-56601  15.190 17.445   50.35   0.151   88.64   0.114  621.9    0.092
OGLE-LMC-LPV-56602  14.075 17.291  101.08   0.099  169.43   0.111  557.1    0.093
OGLE-LMC-LPV-56608  14.173 16.873   81.52   0.103  208.9    0.092  617.7    0.064
OGLE-LMC-LPV-56613  14.168 16.447  127.55   0.120  120.70   0.056  387.0    0.052
OGLE-LMC-LPV-56625  14.868 16.637   57.46   0.106  719.4    0.096  102.71   0.069
OGLE-LMC-LPV-56626  14.068 17.097  102.06   0.134  656.2    0.149   99.04   0.076
OGLE-LMC-LPV-56635  14.080 16.390  264.7    0.193 1618      0.067  233.6    0.075
OGLE-LMC-LPV-56637  13.990 17.300  215.3    0.123 1862      0.165  393.2    0.104
OGLE-LMC-LPV-56657  14.000 16.601  924.7    0.323  149.59   0.080  207.8    0.069
OGLE-LMC-LPV-56669  14.054 17.156  199.52   0.101 4566      0.160  173.82   0.066
OGLE-LMC-LPV-56678  14.315 16.295  141.50   0.591  151.54   0.333 2331      0.183
OGLE-LMC-LPV-56686  14.636 18.321  449.2    0.454 3289      0.521  452.9    0.137
OGLE-LMC-LPV-56703  14.134 16.276  228.7    0.716  121.85   0.127  203.2    0.124
OGLE-LMC-LPV-56709  14.797 18.080  313.8    0.222 1280      0.271  346.9    0.118
OGLE-LMC-LPV-56710  14.893 17.852  124.77   0.104 2439      0.541  236.4    0.136
OGLE-LMC-LPV-56711  14.250 17.050  233.3    0.148 1715      0.215  164.04   0.094
OGLE-LMC-LPV-56713  14.582 16.867  134.94   0.347   75.79   0.112   74.15   0.075
OGLE-LMC-LPV-56714  13.797 16.136  950.6    0.190  722.5    0.112  195.20   0.079
OGLE-LMC-LPV-56725  14.427 16.978   80.78   0.075 1802      0.079  137.68   0.051
OGLE-LMC-LPV-56727  14.661 16.404  112.66   0.373  116.12   0.332 4831      0.165
OGLE-LMC-LPV-56736  13.644 16.055  157.75   0.128  249.0    0.130 1420      0.113
OGLE-LMC-LPV-56743  14.597 16.270   78.98   0.035  299.6    0.034   71.29   0.019
OGLE-LMC-LPV-56747  12.731 15.954  309.2    0.093  161.52   0.074  175.32   0.059
OGLE-LMC-LPV-56795  13.948 16.646  156.18   0.136 1033      0.147 3125      0.072
OGLE-LMC-LPV-56803  14.753 17.623   83.59   0.097  142.05   0.110  768.6    0.061
OGLE-LMC-LPV-56832  14.452 16.902   95.31   0.068  731.5    0.073  903.3    0.064
OGLE-LMC-LPV-56858  14.406 16.178  105.50   0.437  107.47   0.077  101.61   0.060
OGLE-LMC-LPV-56861  14.609 16.425   54.65   0.091  735.3    0.051   55.27   0.045
OGLE-LMC-LPV-56870  14.129 17.008  239.6    0.345  132.94   0.098  224.2    0.071
OGLE-LMC-LPV-56893  14.500 16.779  105.69   0.078  134.28   0.075  739.6    0.065
OGLE-LMC-LPV-56910  14.407 17.409   86.81   0.230  861.3    0.135  101.90   0.068
OGLE-LMC-LPV-56912  13.711 15.944  134.19   0.082 1067      0.059  142.80   0.040
OGLE-LMC-LPV-56914  14.207 17.362  108.93   0.195  206.7    0.221 1064      0.175
OGLE-LMC-LPV-56939  14.511 17.435  336.6    0.471 2273      0.240 5848      0.194
OGLE-LMC-LPV-56942  14.349 16.745   76.88   0.125   75.51   0.060   78.27   0.046
OGLE-LMC-LPV-56946  15.115 16.755   79.90   0.197   77.65   0.157   69.48   0.106
OGLE-LMC-LPV-56947  14.006 17.230  255.7    0.471  716.8    0.108  134.77   0.095
OGLE-LMC-LPV-56950  14.323 16.481  189.20   0.344  136.78   0.120  180.05   0.087
OGLE-LMC-LPV-56951  13.808 16.027  124.07   0.075  119.01   0.068 1015      0.044
OGLE-LMC-LPV-56953  14.709 16.253   63.15   0.023  141.86   0.021  317.0    0.019
OGLE-LMC-LPV-56959  14.566 16.572   53.96   0.045  322.7    0.055  238.4    0.040
OGLE-LMC-LPV-56977  14.369 16.829  189.20   0.140  437.8    0.086  177.90   0.064
OGLE-LMC-LPV-56981  14.664 16.672   64.69   0.054  732.6    0.113   99.40   0.060
OGLE-LMC-LPV-56996  14.243 17.485  156.08   0.093  729.4    0.203  872.6    0.150
OGLE-LMC-LPV-56998  14.208 16.556   78.71   0.096  148.17   0.049  515.5    0.038
OGLE-LMC-LPV-56999  13.233 15.787 1319      0.332 3257      0.121  146.24   0.073
OGLE-LMC-LPV-57012  14.072 16.476   86.04   0.083  423.0    0.076  686.8    0.061
OGLE-LMC-LPV-57028  14.682 17.314   73.13   0.169   82.94   0.098  288.6    0.090
OGLE-LMC-LPV-57038  15.058 17.423   56.94   0.085   92.28   0.067  582.4    0.045
OGLE-LMC-LPV-57048  13.885 16.481  136.65   0.050  787.4    0.146 1138      0.087
OGLE-LMC-LPV-57057  14.158 16.121  155.91   0.326 3597      0.219  147.08   0.172
OGLE-LMC-LPV-57062  14.649 16.447   53.34   0.041  745.2    0.051   85.50   0.049
OGLE-LMC-LPV-57067  13.557 16.558  246.9    0.220 2237      0.170  228.1    0.151
OGLE-LMC-LPV-57069  14.272 17.101  280.2    0.228  177.18   0.114  188.15   0.097
OGLE-LMC-LPV-57079  14.100 16.853  102.83   0.092  171.38   0.101  200.8    0.102
OGLE-LMC-LPV-57082  14.255 17.145  100.35   0.132  600.2    0.180  682.6    0.086
OGLE-LMC-LPV-57083  14.270 17.250   96.01   0.070  565.3    0.087  153.26   0.076
OGLE-LMC-LPV-57084  14.263 18.243  126.89   0.364  906.6    0.110  131.32   0.092
OGLE-LMC-LPV-57092  14.058 17.259  109.40   0.094  622.7    0.070  107.48   0.048
OGLE-LMC-LPV-57097  13.971 16.758   93.38   0.079 1675      0.158  154.42   0.102
OGLE-LMC-LPV-57104  14.269 17.407   97.67   0.225  176.43   0.156  894.5    0.096
OGLE-LMC-LPV-57116  14.101 17.163  124.42   0.157  593.1    0.097  248.1    0.080
OGLE-LMC-LPV-57119  14.306 17.522  174.45   0.233  423.7    0.184  282.1    0.116
OGLE-LMC-LPV-57121  13.984 16.865  101.75   0.091  711.2    0.109  106.25   0.051
OGLE-LMC-LPV-57133  14.245 16.468  126.41   0.081  570.8    0.094   79.48   0.048
OGLE-LMC-LPV-57135  14.122 17.080  108.86   0.079   95.71   0.068  167.17   0.060
OGLE-LMC-LPV-57136  14.179 16.807  313.9    0.562 1887      0.125  170.91   0.090
OGLE-LMC-LPV-57143  14.608 16.709  111.54   0.139  108.48   0.064  685.9    0.055
OGLE-LMC-LPV-57144  14.660 16.678   66.69   0.052  704.2    0.068   73.24   0.034
OGLE-LMC-LPV-57151  14.694 16.423   44.869  0.030   42.524  0.018  396.7    0.016
OGLE-LMC-LPV-57172  14.014 17.111  130.17   0.172  241.3    0.155  125.28   0.084
OGLE-LMC-LPV-57176  14.233 16.950  131.18   0.098 1406      0.079  139.12   0.052
OGLE-LMC-LPV-57178  14.350 17.759  428.9    0.529 4167      0.128  593.1    0.098
OGLE-LMC-LPV-57181  13.919 16.482  302.0    0.237  175.10   0.076  834.7    0.067
OGLE-LMC-LPV-57205  14.171 16.758  300.4    0.589  403.9    0.105  722.5    0.094
OGLE-LMC-LPV-57216  14.970 17.041  166.54   0.187  152.74   0.110  179.47   0.052
OGLE-LMC-LPV-57221  14.184 16.767  147.87   0.166  293.0    0.114  352.1    0.081
OGLE-LMC-LPV-57231  14.158 17.870  119.36   0.175  244.7    0.209  266.0    0.132
OGLE-LMC-LPV-57238  14.504 16.713  121.00   0.317  116.75   0.128   59.38   0.089
OGLE-LMC-LPV-57239  15.123 16.685   60.93   0.100   48.506  0.076  414.6    0.061
OGLE-LMC-LPV-57246  14.155 17.159  109.55   0.109 1534      0.123   98.02   0.083
OGLE-LMC-LPV-57248  14.347 16.209   69.62   0.045  183.49   0.027   64.07   0.021
OGLE-LMC-LPV-57259  14.002 17.282  110.25   0.129  859.8    0.225  180.38   0.132
OGLE-LMC-LPV-57272  14.156 16.573  174.22   0.108 1131      0.143  198.41   0.074
OGLE-LMC-LPV-57275  13.996 16.653  305.2    0.211 1166      0.098  169.46   0.094
OGLE-LMC-LPV-57278  14.331 16.844  148.14   0.078  477.6    0.067   89.63   0.042
OGLE-LMC-LPV-57283  14.454 16.781  194.48   0.288  666.2    0.137  100.25   0.092
OGLE-LMC-LPV-57290  14.788 16.443   78.50   0.166   72.60   0.148  484.7    0.105
OGLE-LMC-LPV-57300  14.192 16.563   85.33   0.090  150.85   0.059 1107      0.065
OGLE-LMC-LPV-57302  13.926 16.553  158.36   0.158  323.6    0.123  414.6    0.066
OGLE-LMC-LPV-57304  14.170 17.660  116.33   0.168 1488      0.131 1016      0.079
OGLE-LMC-LPV-57327  14.165 17.629  175.50   0.129  763.4    0.261  533.0    0.095
OGLE-LMC-LPV-57345  14.332 17.009  129.59   0.102  234.2    0.069  610.1    0.060
OGLE-LMC-LPV-57352  14.681 16.994   55.26   0.055  873.4    0.052  214.0    0.045
OGLE-LMC-LPV-57358  15.312 17.341   40.030  0.048   61.90   0.049  513.6    0.041
OGLE-LMC-LPV-57378  14.055 17.309  409.9    0.259 1000      0.170  217.5    0.079
OGLE-LMC-LPV-57380  14.279 16.826   76.84   0.055  408.3    0.111  441.1    0.086
OGLE-LMC-LPV-57390  14.206 16.633  125.05   0.050 1200      0.171 1773      0.059
OGLE-LMC-LPV-57405  13.864 16.375  158.49   0.143  248.9    0.102 2463      0.077
OGLE-LMC-LPV-57410  16.215 19.171  847.7    0.621 1239      0.296  283.7    0.206
OGLE-LMC-LPV-57411  14.106 17.485  425.6    0.428  932.0    0.172  200.2    0.162
OGLE-LMC-LPV-57416  14.839 17.645  102.47   0.065  764.5    0.131 2558      0.096
OGLE-LMC-LPV-57432  14.264 16.445  144.24   0.408   81.14   0.075 3205      0.067
OGLE-LMC-LPV-57434  13.517 15.828  144.95   0.202 1733      0.156 1202      0.135
OGLE-LMC-LPV-57443  14.479 17.715  392.5    0.718 2755      0.546  375.1    0.211
OGLE-LMC-LPV-57450  13.591 16.186  166.54   0.200 1538      0.161  337.2    0.086
OGLE-LMC-LPV-57452  13.675 17.056  135.88   0.176  542.0    0.081  128.30   0.086
OGLE-LMC-LPV-57460  14.135 16.277  259.3    0.558  285.8    0.145 3448      0.141
OGLE-LMC-LPV-57469  14.832 18.027   81.72   0.107 2096      0.083   76.89   0.046
OGLE-LMC-LPV-57476  13.975 17.310  162.73   0.066 3534      0.203  337.4    0.097
OGLE-LMC-LPV-57478  13.785 16.202  147.09   0.087  765.7    0.112  143.47   0.069
OGLE-LMC-LPV-57482  14.237 16.829   86.81   0.132  137.25   0.057  418.9    0.057
OGLE-LMC-LPV-57484  14.023 16.688  113.58   0.265  216.4    0.195  204.8    0.119
OGLE-LMC-LPV-57489  14.117 17.243  380.3    0.255  792.4    0.133  431.6    0.099
OGLE-LMC-LPV-57492  14.026 16.536 1095      0.473  122.77   0.065  147.41   0.043
OGLE-LMC-LPV-57494  14.230 16.718   84.23   0.143   81.64   0.086  876.4    0.086
OGLE-LMC-LPV-57497  14.251 17.961  572.5    0.280  706.7    0.098  211.7    0.070
OGLE-LMC-LPV-57502  13.747 16.303  154.42   0.084 1504      0.193 7634      0.111
OGLE-LMC-LPV-57503  14.551 16.914   76.83   0.154 1036      0.075  122.99   0.056
OGLE-LMC-LPV-57524  14.134 17.243  187.97   0.179 2294      0.147  209.4    0.151
OGLE-LMC-LPV-57526  13.897 16.710  182.62   0.199 2740      0.274  186.88   0.129
OGLE-LMC-LPV-57560  15.451 17.816   51.35   0.058   86.66   0.054  506.1    0.048
OGLE-LMC-LPV-57567  15.717 18.966  152.42   0.111 3215      0.224  580.7    0.095
OGLE-LMC-LPV-57570  15.197 17.787  105.54   0.149   72.99   0.083  565.9    0.063
OGLE-LMC-LPV-57576  14.589 17.381   87.96   0.106  160.26   0.077   84.80   0.058
OGLE-LMC-LPV-57578  14.102 16.248  176.87   0.075   95.27   0.060 4219      0.047
OGLE-LMC-LPV-57580  14.691 17.908  373.9    0.430  786.2    0.163  211.0    0.086
OGLE-LMC-LPV-57581  14.029 16.668  221.1    0.315  234.6    0.108 7143      0.069
OGLE-LMC-LPV-57588  15.187 17.849   60.31   0.127  101.90   0.119  109.31   0.074
OGLE-LMC-LPV-57616  14.109 16.378  288.3    0.270  152.30   0.115  393.9    0.110
OGLE-LMC-LPV-57623  14.731 16.613   52.51   0.035  257.6    0.036   80.04   0.034
OGLE-LMC-LPV-57630  14.544 17.825  150.72   0.068  872.6    0.200 3145      0.131
OGLE-LMC-LPV-57632  14.369 17.512   90.20   0.101  588.9    0.164 3717      0.095
OGLE-LMC-LPV-57644  14.053 16.862  101.73   0.193  189.47   0.092  210.3    0.088
OGLE-LMC-LPV-57654  14.165 16.483  110.75   0.092 1401      0.106  144.38   0.072
OGLE-LMC-LPV-57667  14.817 18.966  133.97   0.248  848.9    0.139  230.1    0.086
OGLE-LMC-LPV-57672  13.779 16.794  192.73   0.323 3861      0.285  167.39   0.087
OGLE-LMC-LPV-57685  14.144 17.710  131.01   0.232  241.7    0.215  137.08   0.077
OGLE-LMC-LPV-57709  14.174 17.107  310.3    0.284 1314      0.130 3460      0.124
OGLE-LMC-LPV-57718  13.903 16.944  204.3    0.258  732.1    0.164  193.09   0.092
OGLE-LMC-LPV-57723  14.482 17.903  200.6    0.338  208.9    0.109 6623      0.115
OGLE-LMC-LPV-57725  14.105 17.025  175.25   0.151 4630      0.189  186.85   0.087
OGLE-LMC-LPV-57726  13.045 17.004  236.2    0.375 2817      0.308  771.6    0.170
OGLE-LMC-LPV-57748  13.292 15.773  166.28   0.075 1129      0.102  683.1    0.043
OGLE-LMC-LPV-57762  14.004 16.250  186.73   0.084  117.72   0.055 3425      0.035
OGLE-LMC-LPV-57766  14.642 17.598   82.78   0.104   89.68   0.077  138.54   0.067
OGLE-LMC-LPV-57776  14.096 17.418  113.60   0.106  909.1    0.085  108.98   0.055
OGLE-LMC-LPV-57778  13.751 15.934  157.11   0.085  309.4    0.098  547.9    0.048
OGLE-LMC-LPV-57807  14.672 16.842   53.74   0.041  316.7    0.047   55.62   0.031
OGLE-LMC-LPV-57810  14.464 17.948  121.40   0.203  212.9    0.154  220.4    0.090
OGLE-LMC-LPV-57812  14.345 17.297   86.51   0.098  209.3    0.083  404.7    0.073
OGLE-LMC-LPV-57816  14.003 17.172  110.49   0.143  120.71   0.067  418.2    0.057
OGLE-LMC-LPV-57843  14.434 17.064   88.24   0.068  138.41   0.047   90.06   0.030
OGLE-LMC-LPV-57849  13.922 17.116  105.01   0.091  868.1    0.096  108.90   0.045
OGLE-LMC-LPV-57857  14.385 17.319  131.68   0.110  570.8    0.067   86.84   0.060
OGLE-LMC-LPV-57879  14.207 17.728  120.70   0.190 1064      0.121  111.09   0.095
OGLE-LMC-LPV-57888  14.348 16.705  125.47   0.175  230.1    0.153  110.98   0.091
OGLE-LMC-LPV-57903  14.220 17.018  366.0    0.637 1441      0.096  190.55   0.090
OGLE-LMC-LPV-57909  13.500 17.051  196.88   0.130 1269      0.230 3413      0.073
OGLE-LMC-LPV-57911  14.356 16.624  213.2    0.156  118.36   0.060  160.64   0.055
OGLE-LMC-LPV-57913  14.754 17.526 1227      0.286  721.0    0.198 1555      0.172
OGLE-LMC-LPV-57923  14.227 16.837   88.78   0.059  417.0    0.083  716.8    0.074
OGLE-LMC-LPV-57927  14.245 16.251   90.53   0.053  879.5    0.074 1247      0.060
OGLE-LMC-LPV-57929  14.692 17.005   68.12   0.103   87.40   0.079 1610      0.055
OGLE-LMC-LPV-57931  14.424 17.667  125.28   0.236  223.9    0.230  241.9    0.187
OGLE-LMC-LPV-57933  13.792 16.648  202.2    0.192  777.6    0.079  289.9    0.069
OGLE-LMC-LPV-57942  14.563 16.330   88.67   0.080   84.14   0.052  664.5    0.048
OGLE-LMC-LPV-57950  14.515 18.125  112.47   0.342 1285      0.243  116.56   0.096
OGLE-LMC-LPV-57953  14.152 17.471  770.4    0.166  136.43   0.070   84.68   0.046
OGLE-LMC-LPV-57970  13.851 16.371  246.4    0.142 1067      0.142 6173      0.112
OGLE-LMC-LPV-57974  15.596 17.643   38.183  0.040   60.87   0.033  221.4    0.032
OGLE-LMC-LPV-57981  14.168 16.909   87.97   0.039  573.1    0.081  144.03   0.053
OGLE-LMC-LPV-57986  14.451 16.672  141.50   0.203   75.98   0.101  148.54   0.091
OGLE-LMC-LPV-57987  15.033 16.857   42.693  0.040   71.89   0.030   37.706  0.021
OGLE-LMC-LPV-57988  14.656 18.172  115.70   0.244  456.6    0.232  126.82   0.106
OGLE-LMC-LPV-57990  14.068 16.893  166.62   0.239  300.8    0.087  161.60   0.070
OGLE-LMC-LPV-57995  14.325 17.209  181.72   0.154 3817      0.258  203.6    0.138
OGLE-LMC-LPV-57998  14.077 17.193  183.05   0.281 1481      0.265 1016      0.151
OGLE-LMC-LPV-58015  14.312 16.036  109.42   0.308   63.57   0.054  103.22   0.037
OGLE-LMC-LPV-58021  13.090    -    220.7    0.247  781.2    0.191    4.0911 0.048
OGLE-LMC-LPV-58077  14.263 17.135  348.4    0.632  984.3    0.121  577.4    0.084
OGLE-LMC-LPV-58089  14.423 17.230  120.83   0.122  739.6    0.185  187.69   0.086
OGLE-LMC-LPV-58103  14.545 16.279   84.67   0.043   88.90   0.027   45.025  0.023
OGLE-LMC-LPV-58122  14.728 16.957   52.23   0.037  506.8    0.044   94.36   0.033
OGLE-LMC-LPV-58126  14.239 18.225  137.04   0.404  957.9    0.180  715.8    0.097
OGLE-LMC-LPV-58128  14.552 16.307   54.35   0.048   90.66   0.029   77.80   0.023
OGLE-LMC-LPV-58130  14.092 16.829  154.80   0.099  703.7    0.099   92.90   0.070
OGLE-LMC-LPV-58142  14.125 16.726  155.95   0.069 1068      0.058  249.6    0.043
OGLE-LMC-LPV-58171  14.424 16.699   73.94   0.093   75.45   0.071  128.67   0.063
OGLE-LMC-LPV-58191  14.317 16.291  152.32   0.580  129.18   0.188  823.7    0.159
OGLE-LMC-LPV-58213  14.295 16.626  134.26   0.133  245.3    0.055 3448      0.073
OGLE-LMC-LPV-58231  15.636 17.470   47.176  0.144   45.171  0.102   58.14   0.090
OGLE-LMC-LPV-58235  13.644 15.636   70.84   0.059  891.3    0.130 3817      0.086
OGLE-LMC-LPV-58237  14.178 17.376  121.47   0.179  220.9    0.130  203.9    0.103
OGLE-LMC-LPV-58261  14.406 16.241   60.45   0.124  102.94   0.062  105.12   0.040
OGLE-LMC-LPV-58277  14.316 17.060   91.64   0.193  873.4    0.095   95.15   0.088
OGLE-LMC-LPV-58281  14.552 16.636   92.74   0.046  339.9    0.053  535.6    0.039
OGLE-LMC-LPV-58287  14.388 17.623  114.11   0.089 4878      0.074  112.22   0.072
OGLE-LMC-LPV-58302  14.577 17.096  248.3    0.305  384.5    0.101  280.3    0.077
OGLE-LMC-LPV-58329  13.826 17.172  111.31   0.083 1842      0.072  176.27   0.052
OGLE-LMC-LPV-58354  14.100 17.168  136.32   0.216  123.08   0.141  235.0    0.109
OGLE-LMC-LPV-58363  14.432 16.590   94.84   0.047 1220      0.061  244.7    0.043
OGLE-LMC-LPV-58378  13.568 16.331  192.57   0.155  311.8    0.116 2179      0.074
OGLE-LMC-LPV-58405  14.532 16.833   81.27   0.066 1724      0.065   84.71   0.061
OGLE-LMC-LPV-58409  14.383 16.893  101.03   0.077  781.2    0.084  592.1    0.075
OGLE-LMC-LPV-58420  14.260 17.203  144.25   0.089   87.61   0.058  136.24   0.044
OGLE-LMC-LPV-58423  13.411 15.693  289.4    0.431  385.4    0.121  152.05   0.125
OGLE-LMC-LPV-58427  14.616 16.615   56.56   0.213   98.96   0.069  100.79   0.051
OGLE-LMC-LPV-58432  14.310 16.709  236.6    0.166  125.28   0.094  572.4    0.064
OGLE-LMC-LPV-58436  14.413 17.861  107.69   0.168  561.2    0.193 2326      0.085
OGLE-LMC-LPV-58437  14.123 17.288  172.35   0.153  823.7    0.198  335.1    0.087
OGLE-LMC-LPV-58473  13.788 16.693  197.75   0.202 2463      0.281 6289      0.186
OGLE-LMC-LPV-58491  14.103 16.790  131.46   0.085 4065      0.095  798.1    0.077
OGLE-LMC-LPV-58492  14.721 16.312   35.544  0.030   52.35   0.022   37.180  0.016
OGLE-LMC-LPV-58502  13.923 16.694  154.37   0.226 3012      0.133  162.47   0.085
OGLE-LMC-LPV-58506  14.720 17.253   69.38   0.108  719.9    0.102  120.41   0.054
OGLE-LMC-LPV-58515  14.808 17.294  133.33   0.102  641.4    0.132  537.9    0.043
OGLE-LMC-LPV-58524  14.631 17.947  361.3    0.775 1127      0.233 2119      0.201
OGLE-LMC-LPV-58534  14.086 16.942  336.6    0.235  178.03   0.069  222.7    0.057
OGLE-LMC-LPV-58537  14.604 16.732   99.22   0.130  714.3    0.098   97.55   0.057
OGLE-LMC-LPV-58550  14.268 17.586  401.0    0.375 4651      0.091  214.5    0.098
OGLE-LMC-LPV-58551  14.412 17.207  100.39   0.083  667.6    0.096  109.55   0.085
OGLE-LMC-LPV-58579  14.496 16.771   72.54   0.167  257.0    0.089   58.93   0.058
OGLE-LMC-LPV-58584  14.050 16.535  196.43   0.504 3906      0.173  209.6    0.155
OGLE-LMC-LPV-58603  14.392 17.171   90.06   0.067  164.91   0.070  152.46   0.064
OGLE-LMC-LPV-58604  14.163 16.747  275.8    0.127 3436      0.073  159.06   0.057
OGLE-LMC-LPV-58616  14.330 17.022   85.52   0.061  546.1    0.076   84.40   0.048
OGLE-LMC-LPV-58626  13.602 16.588  208.7    0.175 1493      0.222  614.3    0.119
OGLE-LMC-LPV-58627  14.374 16.647   72.59   0.187  113.19   0.069  121.57   0.055
OGLE-LMC-LPV-58643  13.853 16.573  241.0    0.144  798.1    0.243 4367      0.117
OGLE-LMC-LPV-58652  14.188 16.833  208.4    0.485  108.26   0.145   99.70   0.166
OGLE-LMC-LPV-58654  14.023 16.472  146.89   0.066 1244      0.062  157.75   0.059
OGLE-LMC-LPV-58657  14.130 16.690  177.66   0.284  101.38   0.136 7576      0.136
OGLE-LMC-LPV-58670  14.272 16.708   84.92   0.090  415.1    0.208   79.71   0.087
OGLE-LMC-LPV-58676  13.264 14.111   90.65   0.059  103.19   0.047  108.11   0.048
OGLE-LMC-LPV-58678  14.285 17.058   94.93   0.094 6993      0.161  181.42   0.128
OGLE-LMC-LPV-58691  14.116 17.179  221.8    0.182  231.6    0.161  144.09   0.061
OGLE-LMC-LPV-58703  14.225 17.760  129.41   0.277  241.6    0.187  137.21   0.126
OGLE-LMC-LPV-58724  14.053 16.548  113.67   0.120  287.7    0.096  262.6    0.061
OGLE-LMC-LPV-58726  14.508 17.463  135.96   0.102  750.2    0.129 4762      0.088
OGLE-LMC-LPV-58730  14.636 16.442   89.91   0.588  200.6    0.182   94.24   0.164
OGLE-LMC-LPV-58734  14.827 17.796  192.20   0.761 2591      0.286  209.1    0.200
OGLE-LMC-LPV-58739  14.373 17.525  201.4    0.268  187.44   0.133  106.86   0.125
OGLE-LMC-LPV-58741  13.886 16.536  203.2    0.560 3623      0.176  215.0    0.106
OGLE-LMC-LPV-58745  13.314 15.516  182.54   0.123  176.90   0.090 1025      0.083
OGLE-LMC-LPV-58751  14.104 17.153  440.3    0.328  185.56   0.122  316.9    0.109
OGLE-LMC-LPV-58752  14.372 17.068  125.09   0.086 4049      0.100  113.58   0.039
OGLE-LMC-LPV-58757  14.362 16.667   87.87   0.080  494.3    0.117   93.27   0.068
OGLE-LMC-LPV-58762  14.023 16.546  124.81   0.072  548.8    0.102  407.2    0.073
OGLE-LMC-LPV-58770  13.810 16.016  113.74   0.032  619.2    0.038  104.38   0.028
OGLE-LMC-LPV-58776  14.158 16.708  105.99   0.096  274.8    0.099  824.4    0.083
OGLE-LMC-LPV-58779  14.074 16.804  101.01   0.110  981.4    0.125  199.04   0.064
OGLE-LMC-LPV-58790  14.264 17.227   99.62   0.076  729.9    0.195  605.3    0.125
OGLE-LMC-LPV-58806  14.835 17.432  183.75   0.377  595.2    0.202 1062      0.141
OGLE-LMC-LPV-58808  14.080 17.525  113.30   0.123  659.6    0.168  108.79   0.052
OGLE-LMC-LPV-58811  14.051 16.990  174.70   0.157  321.9    0.087  218.5    0.056
OGLE-LMC-LPV-58841  12.972 15.181  216.2    0.119 1686      0.121  236.9    0.056
OGLE-LMC-LPV-58842  14.252 16.838  104.02   0.068   78.95   0.070  136.63   0.060
OGLE-LMC-LPV-58852  14.179 17.685  114.78   0.120  208.4    0.095  257.8    0.074
OGLE-LMC-LPV-58870  14.213 16.294  112.38   0.057  519.8    0.094   71.68   0.046
OGLE-LMC-LPV-58875  14.976 18.544   87.63   0.070  476.2    0.164 3448      0.064
OGLE-LMC-LPV-58885  14.637 16.574   53.92   0.034  286.8    0.043  371.5    0.040
OGLE-LMC-LPV-58902  13.445 16.071  189.43   0.133 1437      0.198  816.3    0.126
OGLE-LMC-LPV-58915  14.533 16.502   57.45   0.059   90.41   0.034   87.12   0.027
OGLE-LMC-LPV-58917  14.507 16.875  120.31   0.144  413.6    0.090  733.7    0.072
OGLE-LMC-LPV-58943  14.578 16.718  136.40   0.740  145.52   0.199  130.51   0.162
OGLE-LMC-LPV-58944  13.972 16.629  185.43   0.112  335.0    0.091  969.9    0.076
OGLE-LMC-LPV-58947  13.855 16.020  112.74   0.086   60.86   0.054  108.11   0.039
OGLE-LMC-LPV-58952  14.811 16.590   64.86   0.061  114.38   0.056  100.31   0.034
OGLE-LMC-LPV-58953  14.898 16.736   62.86   0.043   36.849  0.031   36.635  0.034
OGLE-LMC-LPV-58961  13.985 16.463  139.74   0.124 2481      0.098  136.82   0.066
OGLE-LMC-LPV-58972  13.609 15.415  159.50   0.115   94.90   0.105  456.8    0.044
OGLE-LMC-LPV-58986  14.647 17.704   86.51   0.077 1773      0.111  314.5    0.065
OGLE-LMC-LPV-58989  14.012 16.911  188.61   0.170  308.8    0.217  161.13   0.084
OGLE-LMC-LPV-58999  14.363 17.257  100.54   0.214  182.08   0.178   98.18   0.105
OGLE-LMC-LPV-59013  14.233 16.400  220.9    0.304  174.16   0.072  122.67   0.064
OGLE-LMC-LPV-59042  14.080 17.241  129.22   0.277  239.6    0.121  132.61   0.078
OGLE-LMC-LPV-59056  14.263 17.403   95.68   0.165  161.92   0.098  982.3    0.069
OGLE-LMC-LPV-59084  14.562 16.437  113.83   0.432   58.62   0.105  217.0    0.083
OGLE-LMC-LPV-59085  14.102 16.815   93.47   0.201   86.59   0.105 1236      0.103
OGLE-LMC-LPV-59087  15.225 17.143  102.33   0.481   98.74   0.231 2874      0.119
OGLE-LMC-LPV-59089  15.135 17.335  106.21   0.071 4651      0.165  516.3    0.078
OGLE-LMC-LPV-59091  15.985 18.639  734.6    0.952 7752      1.773  688.2    0.337
OGLE-LMC-LPV-59095  14.291 16.754   81.98   0.115  137.65   0.086   78.35   0.055
OGLE-LMC-LPV-59118  13.783 16.152  299.5    0.194 4329      0.096  221.1    0.062
OGLE-LMC-LPV-59133  14.124 16.744   90.46   0.077  393.1    0.093  577.0    0.062
OGLE-LMC-LPV-59142  13.330 16.164  230.6    0.396 3717      0.235  233.4    0.084
OGLE-LMC-LPV-59168  14.187 16.685  212.1    0.780  227.2    0.144  237.6    0.125
OGLE-LMC-LPV-59174  14.137 16.795  212.3    0.588  228.7    0.300 3322      0.128
OGLE-LMC-LPV-59175  13.730 15.756  104.56   0.052 1054      0.048  111.30   0.032
OGLE-LMC-LPV-59202  14.216 16.646   93.85   0.067  172.44   0.057  136.30   0.043
OGLE-LMC-LPV-59213  14.373 17.201   78.88   0.083  460.8    0.068   84.68   0.053
OGLE-LMC-LPV-59223  14.509 17.306   93.42   0.117  718.4    0.136  151.29   0.091
OGLE-LMC-LPV-59226  14.283 17.269  225.7    0.463  234.2    0.183 7812      0.122
OGLE-LMC-LPV-59253  14.262 16.066  119.92   0.140   64.57   0.072  108.60   0.059
OGLE-LMC-LPV-59259  15.702 18.652  108.57   0.690  110.36   0.282  979.4    0.168
OGLE-LMC-LPV-59260  14.570 16.253   49.441  0.060  694.4    0.053   46.363  0.046
OGLE-LMC-LPV-59264  14.133 16.811  187.81   0.349  688.7    0.125  430.7    0.080
OGLE-LMC-LPV-59272  14.209 16.648  160.36   0.136 1332      0.129  314.8    0.100
OGLE-LMC-LPV-59274  14.549 17.323   84.20   0.202  187.79   0.127  168.86   0.101
OGLE-LMC-LPV-59288  14.681 16.796   88.38   0.075  643.1    0.127  289.5    0.057
OGLE-LMC-LPV-59294  14.202 16.741  171.64   0.160   92.46   0.075  183.18   0.068
OGLE-LMC-LPV-59301  14.059 16.971  184.35   0.130 1145      0.097  322.9    0.102
OGLE-LMC-LPV-59311  14.114 17.124  199.74   0.174 2513      0.113  180.51   0.102
OGLE-LMC-LPV-59336  14.352 16.639   83.52   0.215  144.72   0.142  171.41   0.081
OGLE-LMC-LPV-59338  14.757 16.934  105.79   0.054  115.29   0.042  769.2    0.030
OGLE-LMC-LPV-59373  14.325 17.864  107.44   0.212  183.76   0.079 1667      0.072
OGLE-LMC-LPV-59389  14.182 17.102  145.20   0.143 2778      0.214  716.3    0.074
OGLE-LMC-LPV-59399  14.258 17.464  161.76   0.102 3891      0.158  262.9    0.081
OGLE-LMC-LPV-59411  15.674 17.194   39.867  0.211   45.399  0.108   41.239  0.074
OGLE-LMC-LPV-59420  14.245 17.257   92.90   0.068  495.3    0.095  155.26   0.072
OGLE-LMC-LPV-59440  14.270 17.377  191.69   0.246 1139      0.113  112.88   0.087
OGLE-LMC-LPV-59443  14.221 17.200  186.33   0.267  104.99   0.178  201.0    0.089
OGLE-LMC-LPV-59458  14.394 17.599  182.81   0.119 2358      0.160  108.35   0.127
OGLE-LMC-LPV-59465  14.584 16.423   54.77   0.106  704.2    0.058   53.61   0.043
OGLE-LMC-LPV-59479  14.020 16.147   81.37   0.076  396.5    0.090  466.0    0.057
OGLE-LMC-LPV-59484  13.685 16.391  181.26   0.146 1065      0.152  313.4    0.097
OGLE-LMC-LPV-59498  14.916 16.554   66.25   0.029   44.197  0.020  336.8    0.017
OGLE-LMC-LPV-59501  14.452 16.043   89.09   0.175   84.89   0.076   45.825  0.048
OGLE-LMC-LPV-59519  14.316 17.340  282.5    0.203  182.12   0.129  190.84   0.067
OGLE-LMC-LPV-59525  14.235 16.716  280.2    0.285  151.88   0.155  895.3    0.086
OGLE-LMC-LPV-59528  14.894 17.528   85.10   0.071  737.5    0.086  115.94   0.054
OGLE-LMC-LPV-59541  14.739 16.462   41.599  0.033 8000      0.032   73.12   0.030
OGLE-LMC-LPV-59545  14.561 17.281  291.8    0.182  172.50   0.119  969.0    0.115
OGLE-LMC-LPV-59554  14.176 17.597  194.15   0.303  111.09   0.167  113.03   0.111
OGLE-LMC-LPV-59558  13.977 17.119  112.31   0.181 1114      0.131  117.48   0.062
OGLE-LMC-LPV-59559  14.447 16.091   50.63   0.039   78.03   0.038  432.0    0.026
OGLE-LMC-LPV-59571  15.436 17.446   74.58   0.198 2198      0.307  130.46   0.136
OGLE-LMC-LPV-59574  14.663 17.022 1024      0.632  827.1    0.198 1742      0.123
OGLE-LMC-LPV-59577  14.162 16.610  133.72   0.160  256.6    0.149  230.0    0.120
OGLE-LMC-LPV-59584  14.202 16.691  312.8    0.721 1745      0.210  162.07   0.176
OGLE-LMC-LPV-59587  14.154 17.309  101.02   0.119  615.0    0.103  169.26   0.082
OGLE-LMC-LPV-59591  14.729 17.163  121.82   0.070 1541      0.168  399.2    0.061
OGLE-LMC-LPV-59593  14.118 16.395  160.88   0.091  180.44   0.061  175.04   0.048
OGLE-LMC-LPV-59600  14.297 16.763   74.38   0.054   69.83   0.042   76.27   0.043
OGLE-LMC-LPV-59615  15.831 18.448   53.55   0.035  625.8    0.082   93.17   0.049
OGLE-LMC-LPV-59618  14.509 18.405  920.0    0.347  117.72   0.083  180.70   0.059
OGLE-LMC-LPV-59623  14.628 16.380   87.83   0.142  728.9    0.086   52.38   0.049
OGLE-LMC-LPV-59644  14.242 16.951   89.18   0.106  148.24   0.076   82.21   0.043
OGLE-LMC-LPV-59645  14.581 17.468  135.43   0.106 2198      0.094  643.9    0.047
OGLE-LMC-LPV-59647  14.839 17.232   57.58   0.071   52.52   0.051  123.81   0.045
OGLE-LMC-LPV-59648  14.673 17.027  141.76   0.104  754.7    0.067   83.62   0.062
OGLE-LMC-LPV-59676  14.444 16.606  119.61   0.196  114.40   0.075  759.9    0.065
OGLE-LMC-LPV-59679  14.265 17.209  215.4    0.474  239.2    0.344  114.05   0.229
OGLE-LMC-LPV-59691  14.419 16.789   96.07   0.108 1597      0.136  174.92   0.085
OGLE-LMC-LPV-59692  14.621 16.433   68.32   0.056  101.63   0.035  716.3    0.032
OGLE-LMC-LPV-59693  14.575 16.460   82.66   0.034  259.5    0.036  278.6    0.021
OGLE-LMC-LPV-59708  14.234 16.721   87.37   0.030  767.5    0.153  204.9    0.086
OGLE-LMC-LPV-59711  14.304 16.723  132.20   0.241  251.1    0.173  143.33   0.077
OGLE-LMC-LPV-59713  13.423 15.764  151.99   0.129 1205      0.108  253.9    0.072
OGLE-LMC-LPV-59717  14.099 17.438  201.1    0.235  520.3    0.117 1366      0.070
OGLE-LMC-LPV-59721  14.443 16.453  158.97   0.499  148.68   0.229  135.46   0.232
OGLE-LMC-LPV-59735  14.118 16.618  292.4    0.232  276.2    0.124  161.11   0.059
OGLE-LMC-LPV-59741  18.639 19.916  573.8    0.726 6849      0.221 1266      0.077
OGLE-LMC-LPV-59742  14.332 16.601   78.31   0.073   82.35   0.055  129.68   0.052
OGLE-LMC-LPV-59751  14.091 17.012  113.27   0.095  102.17   0.072  196.16   0.071
OGLE-LMC-LPV-59752  14.708 17.987  212.2    0.287  551.3    0.137 6993      0.124
OGLE-LMC-LPV-59769  14.018 16.636 1179      0.209  131.04   0.074  246.2    0.056
OGLE-LMC-LPV-59787  14.066 17.206  115.97   0.215  120.25   0.163 1517      0.157
OGLE-LMC-LPV-59795  14.635 16.586   84.99   0.040   46.496  0.024   88.39   0.022
OGLE-LMC-LPV-59814  14.601 16.858  137.61   0.070  727.8    0.125  559.6    0.084
OGLE-LMC-LPV-59819  14.203 16.586  210.7    0.516  195.85   0.273  253.9    0.225
OGLE-LMC-LPV-59832  14.726 17.847  117.78   0.249  202.0    0.098  605.3    0.051
OGLE-LMC-LPV-59834  14.148 16.488   85.17   0.076  139.70   0.042  201.5    0.038
OGLE-LMC-LPV-59849  14.118 17.176  240.7    0.336  130.24   0.251  275.2    0.125
OGLE-LMC-LPV-59878  13.799 15.969  107.33   0.052  987.2    0.048  163.53   0.031
OGLE-LMC-LPV-59885  14.803 16.801   48.708  0.033  173.91   0.064  286.1    0.044
OGLE-LMC-LPV-59886  14.248 18.035  122.95   0.373  115.97   0.146 7246      0.153
OGLE-LMC-LPV-59891  14.768 17.043  117.09   0.148   80.26   0.085  121.40   0.066
OGLE-LMC-LPV-59896  14.242 17.531  111.83   0.151  106.45   0.082  423.2    0.085
OGLE-LMC-LPV-59907  14.035 16.874  182.47   0.236  564.0    0.110  342.1    0.098
OGLE-LMC-LPV-59911  14.608 16.423   54.79   0.095   95.92   0.077   87.81   0.053
OGLE-LMC-LPV-59920  15.013 16.903   87.17   0.391  110.99   0.178   94.58   0.178
OGLE-LMC-LPV-59921  14.228 16.521 1099      0.192  643.1    0.106  415.8    0.046
OGLE-LMC-LPV-59928  14.985 16.902   84.07   0.410   82.05   0.183   96.17   0.118
OGLE-LMC-LPV-59946  14.464 17.022   74.77   0.067  358.0    0.076  430.1    0.067
OGLE-LMC-LPV-59966  14.595 17.911  405.0    0.604 2415      0.211  354.4    0.106
OGLE-LMC-LPV-59969  14.898 17.733  126.66   0.301  622.7    0.233  248.9    0.106
OGLE-LMC-LPV-59980  14.184 17.168  197.75   0.217 4202      0.423  197.12   0.134
OGLE-LMC-LPV-59983  14.153 16.464  289.3    0.499 6536      0.232  149.05   0.123
OGLE-LMC-LPV-59987  14.241 17.333   94.67   0.102 1230      0.099  167.50   0.076
OGLE-LMC-LPV-59990  14.666 17.392  258.9    0.304 1422      0.156  146.41   0.129
OGLE-LMC-LPV-59999  14.098 16.418  252.4    0.265 1013      0.095  245.0    0.075
OGLE-LMC-LPV-60007  13.861 16.838  211.7    0.281 1376      0.126 6061      0.098
OGLE-LMC-LPV-60027  13.515 17.291  154.82   0.131 1244      0.109  285.1    0.120
OGLE-LMC-LPV-60030  14.571 16.900   86.78   0.061  947.9    0.056  242.0    0.025
OGLE-LMC-LPV-60040  14.367 17.100   90.23   0.173   87.79   0.117  158.98   0.094
OGLE-LMC-LPV-60051  14.410 18.629  147.23   0.257 1742      0.199  275.3    0.115
OGLE-LMC-LPV-60065  14.737 17.615   69.75   0.066  339.7    0.076  104.70   0.059
OGLE-LMC-LPV-60068  14.057 16.839  180.57   0.113  575.0    0.159  319.3    0.058
OGLE-LMC-LPV-60075  14.282 18.259  137.17   0.310  246.6    0.255  139.12   0.130
OGLE-LMC-LPV-60078  14.308 16.881  124.07   0.055  525.8    0.094  409.2    0.092
OGLE-LMC-LPV-60100  14.549 16.958   84.72   0.035  606.8    0.077 3937      0.054
OGLE-LMC-LPV-60115  14.166 16.864   97.31   0.204   95.48   0.133 1109      0.106
OGLE-LMC-LPV-60131  13.637 16.366  182.48   0.115 1078      0.090  207.0    0.059
OGLE-LMC-LPV-60144  14.222 17.157  108.52   0.130  427.2    0.120  128.98   0.060
OGLE-LMC-LPV-60148  13.875 16.502  147.49   0.099 2320      0.165 4525      0.071
OGLE-LMC-LPV-60156  13.869 16.471  138.35   0.111  776.4    0.129  452.7    0.063
OGLE-LMC-LPV-60160  14.008 16.585  185.30   0.324  199.48   0.129  167.67   0.105
OGLE-LMC-LPV-60161  14.503 16.118  103.23   0.374   52.67   0.062  119.62   0.057
OGLE-LMC-LPV-60164  13.981 16.240  105.67   0.062  100.24   0.050  420.5    0.043
OGLE-LMC-LPV-60183  14.265 16.084  187.20   0.031 4098      0.049  291.0    0.021
OGLE-LMC-LPV-60193  14.162 16.204  207.5    0.217  194.17   0.063  222.0    0.057
OGLE-LMC-LPV-60198  14.282 17.301  365.6    0.286 3846      0.079  193.91   0.067
OGLE-LMC-LPV-60200  14.213 16.675  170.47   0.199  179.31   0.109   92.64   0.081
OGLE-LMC-LPV-60206  14.678 16.788   57.01   0.035  253.5    0.097  339.7    0.042
OGLE-LMC-LPV-60217  15.526 17.218   29.426  0.076   47.506  0.056   28.431  0.049
OGLE-LMC-LPV-60218  14.075 17.278  112.71   0.156  724.6    0.133 1015      0.065
OGLE-LMC-LPV-60239  14.771 17.680  126.68   0.095  224.3    0.093  105.35   0.081
OGLE-LMC-LPV-60248  14.156 16.724   89.84   0.081  716.8    0.192  582.8    0.138
OGLE-LMC-LPV-60262  14.135 17.121  403.9    0.461  360.5    0.169 3584      0.123
OGLE-LMC-LPV-60266  13.704 16.155  152.35   0.130 1848      0.158  313.6    0.090
OGLE-LMC-LPV-60271  14.375 18.149  212.4    0.140  126.36   0.079  478.2    0.072
OGLE-LMC-LPV-60289  14.423 16.428  128.84   0.154  132.29   0.124   68.85   0.054
OGLE-LMC-LPV-60292  14.444 17.143   73.53   0.116  154.87   0.159  736.9    0.122
OGLE-LMC-LPV-60295  13.784 15.938  109.87   0.071  969.9    0.037  112.82   0.026
OGLE-LMC-LPV-60301  14.280 17.662  208.4    0.375  215.3    0.172 1953      0.103
OGLE-LMC-LPV-60305  14.445 16.844  248.6    0.559  229.7    0.176 2315      0.123
OGLE-LMC-LPV-60369  14.503 17.078  152.65   0.203  742.4    0.257 1397      0.106
OGLE-LMC-LPV-60375  14.449 17.781  269.7    0.679  251.6    0.324  333.2    0.273
OGLE-LMC-LPV-60377  13.970 17.179  405.8    0.238  319.9    0.076  227.2    0.062
OGLE-LMC-LPV-60380  13.991 16.380  147.48   0.145  279.6    0.138  150.33   0.082
OGLE-LMC-LPV-60396  14.335 17.259  139.22   0.119  623.8    0.106  267.4    0.083
OGLE-LMC-LPV-60401  14.336 16.739  118.39   0.062  874.1    0.114 2315      0.100
OGLE-LMC-LPV-60453  14.131 17.453  413.5    0.342  554.9    0.169  314.1    0.078
OGLE-LMC-LPV-60462  14.154 16.684  141.56   0.103 2342      0.145  933.7    0.093
OGLE-LMC-LPV-60473  14.575 16.416   87.57   0.059  754.1    0.073   52.91   0.041
OGLE-LMC-LPV-60483  14.431 16.983  127.19   0.093  398.9    0.109   83.34   0.058
OGLE-LMC-LPV-60490  14.664 16.921   94.33   0.110  957.9    0.067  180.44   0.050
OGLE-LMC-LPV-60491  14.662 18.215  436.7    0.293 3279      0.611 6944      0.365
OGLE-LMC-LPV-60493  14.214 16.990  314.9    0.263 2160      0.100  165.81   0.084
OGLE-LMC-LPV-60496  12.686 15.637  208.1    0.266  341.8    0.094  182.95   0.091
OGLE-LMC-LPV-60507  14.506 16.494  126.26   0.246  131.72   0.108   67.16   0.108
OGLE-LMC-LPV-60523  14.937 17.352  129.90   0.544  124.66   0.116  160.31   0.074
OGLE-LMC-LPV-60524  15.108 17.416   52.28   0.067   90.46   0.082  585.8    0.058
OGLE-LMC-LPV-60525  14.225 17.393  175.06   0.145  167.81   0.077 1672      0.076
OGLE-LMC-LPV-60530  14.152 17.291  100.77   0.145  747.9    0.144  157.93   0.096
OGLE-LMC-LPV-60535  14.368 16.914   77.37   0.104   81.51   0.073  123.92   0.064
OGLE-LMC-LPV-60546  14.493 16.787  107.06   0.158  204.1    0.123  112.55   0.094
OGLE-LMC-LPV-60553  14.458 16.858  155.32   0.113  144.01   0.066   81.69   0.062
OGLE-LMC-LPV-60555  14.515 17.628  107.32   0.105  415.1    0.111  111.52   0.090
OGLE-LMC-LPV-60559  14.461 16.685   72.47   0.111  414.4    0.091  124.78   0.077
OGLE-LMC-LPV-60566  14.065 17.101  410.4    0.318  352.0    0.143  538.5    0.097
OGLE-LMC-LPV-60573  14.335 16.462  108.19   0.145  214.0    0.136  201.6    0.120
OGLE-LMC-LPV-60581  14.222 16.745  234.3    0.353  249.9    0.180  205.0    0.125
OGLE-LMC-LPV-60600  13.980 16.837  367.4    0.371 1297      0.114  208.8    0.092
OGLE-LMC-LPV-60606  14.163 17.932  107.26   0.053 2024      0.246 1460      0.195
OGLE-LMC-LPV-60621  14.355 17.375   88.57   0.090  660.1    0.089  127.47   0.064
OGLE-LMC-LPV-60630  14.079 17.332  141.16   0.185  244.9    0.171  272.2    0.131
OGLE-LMC-LPV-60636  14.741 16.627   87.93   0.046 1414      0.066   55.72   0.045
OGLE-LMC-LPV-60639  13.693 16.391  208.2    0.209  400.5    0.161  347.1    0.125
OGLE-LMC-LPV-60645  14.485 16.686  169.08   0.706  142.37   0.271  154.80   0.211
OGLE-LMC-LPV-60654  14.274 17.012   90.48   0.137  158.63   0.085  129.27   0.060
OGLE-LMC-LPV-60664  13.954 16.808  171.75   0.119  182.32   0.091  283.8    0.075
OGLE-LMC-LPV-60671  13.590 16.083  101.04   0.049  877.2    0.077  465.8    0.061
OGLE-LMC-LPV-60680  13.611 16.849  134.03   0.140 1565      0.154  241.9    0.102
OGLE-LMC-LPV-60691  14.483 16.750   97.02   0.062  728.3    0.158  942.5    0.068
OGLE-LMC-LPV-60708  14.443 16.480  119.73   0.214  125.27   0.138   67.40   0.117
OGLE-LMC-LPV-60720  14.319 17.559  724.1    0.209 3968      0.100   97.15   0.094
OGLE-LMC-LPV-60722  14.321 17.200   90.56   0.142  628.5    0.124  252.8    0.079
OGLE-LMC-LPV-60726  13.587 16.352  152.38   0.094  148.83   0.057 1259      0.035
OGLE-LMC-LPV-60728  13.566 16.530  242.6    0.325 2364      0.152  264.8    0.092
OGLE-LMC-LPV-60730  14.390 16.644   93.91   0.064  393.4    0.039  104.93   0.033
OGLE-LMC-LPV-60731  14.071 17.049  210.6    0.140 4386      0.333  210.2    0.113
OGLE-LMC-LPV-60734  14.141 17.451  339.5    0.235  195.58   0.103  564.3    0.067
OGLE-LMC-LPV-60750  14.265 18.030  142.39   0.173  136.48   0.101  212.2    0.086
OGLE-LMC-LPV-60765  14.000 16.878  174.03   0.164 2174      0.202  230.7    0.090
OGLE-LMC-LPV-60776  14.388 17.228   93.52   0.185  172.00   0.058  427.5    0.039
OGLE-LMC-LPV-60781  14.095 17.395  400.3    0.305  516.5    0.134  222.4    0.112
OGLE-LMC-LPV-60783  14.278 17.567  195.74   0.267  935.5    0.104  178.92   0.079
OGLE-LMC-LPV-60807  14.398 17.312   87.72   0.082  634.5    0.089   85.77   0.070
OGLE-LMC-LPV-60815  14.031 16.967  106.33   0.197  102.97   0.142 1020      0.088
OGLE-LMC-LPV-60816  14.252 16.410  155.23   0.562  164.96   0.195  175.78   0.144
OGLE-LMC-LPV-60825  14.226 17.124  139.48   0.090 1488      0.062  433.5    0.042
OGLE-LMC-LPV-60833  13.977 16.514  281.9    0.165  147.69   0.105  258.3    0.066
OGLE-LMC-LPV-60834  14.495 18.607  132.25   0.175  137.89   0.102  153.85   0.089
OGLE-LMC-LPV-60843  14.121 17.736  249.3    0.281 1513      0.203  135.23   0.125
OGLE-LMC-LPV-60865  14.097 16.413  112.08   0.067  964.3    0.097  679.3    0.047
OGLE-LMC-LPV-60870  14.247 17.232  406.2    0.381  544.1    0.080  127.47   0.070
OGLE-LMC-LPV-60923  14.071 16.962  170.22   0.129  288.3    0.132  478.7    0.076
OGLE-LMC-LPV-60957  13.979 17.055  187.30   0.201 1647      0.219  270.1    0.085
OGLE-LMC-LPV-60996  14.538 16.952  116.09   0.086  639.0    0.057   67.77   0.052
OGLE-LMC-LPV-61058  14.282 17.151  283.8    0.379 1290      0.095  323.0    0.070
OGLE-LMC-LPV-61061  14.020 17.116  272.4    0.680  198.89   0.139  143.91   0.116
OGLE-LMC-LPV-61071  16.518 19.547  263.4    0.180 1730      0.813 4082      0.201
OGLE-LMC-LPV-61072  14.296 17.127   90.12   0.151  759.3    0.139   94.22   0.081
OGLE-LMC-LPV-61084  13.787 16.768 1264      0.333  311.2    0.102  190.59   0.067
OGLE-LMC-LPV-61086  14.126 16.847  220.6    0.108 1637      0.129  136.09   0.071
OGLE-LMC-LPV-61094  13.696 15.826  185.41   0.102  583.1    0.061   83.84   0.048
OGLE-LMC-LPV-61113  14.357 16.894  137.69   0.155 1418      0.093  264.8    0.097
OGLE-LMC-LPV-61152  14.008 17.414  115.93   0.086  865.1    0.093  120.53   0.078
OGLE-LMC-LPV-61175  14.217 16.356  113.62   0.217  206.4    0.145  222.8    0.107
OGLE-LMC-LPV-61180  14.700 16.610   54.52   0.044   53.74   0.041 4425      0.028
OGLE-LMC-LPV-61212  14.551 18.065  102.80   0.129  174.03   0.105  725.2    0.089
OGLE-LMC-LPV-61234  14.248 17.771  113.13   0.188  276.2    0.120  199.68   0.080
OGLE-LMC-LPV-61250  15.182 17.355   70.12   0.116  136.72   0.091   71.84   0.087
OGLE-LMC-LPV-61290  14.310 16.377   67.34   0.050  173.37   0.051 3175      0.049
OGLE-LMC-LPV-61298  13.972 17.155  207.2    0.111  242.0    0.070 2801      0.068
OGLE-LMC-LPV-61299  13.629 16.527  177.97   0.113 3058      0.279  169.52   0.083
OGLE-LMC-LPV-61300  14.771 16.511   73.29   0.048 2532      0.027   74.49   0.024
OGLE-LMC-LPV-61308  13.963 16.854  181.26   0.110  253.5    0.108 1524      0.079
OGLE-LMC-LPV-61318  14.080 17.120  116.00   0.147  222.0    0.096  126.39   0.074
OGLE-LMC-LPV-61319  14.470 17.165   85.20   0.111  175.72   0.104  149.77   0.066
OGLE-LMC-LPV-61340  14.269 16.650  264.1    0.727 1898      0.259  126.04   0.154
OGLE-LMC-LPV-61341  14.377 17.053  138.72   0.107  794.9    0.190 3289      0.068
OGLE-LMC-LPV-61344  13.719 16.209  146.71   0.098 2294      0.095  936.3    0.067
OGLE-LMC-LPV-61354  14.306 17.683  103.04   0.102 1323      0.101  932.8    0.075
OGLE-LMC-LPV-61355  12.988 16.227  387.3    0.535 1969      0.233  196.46   0.123
OGLE-LMC-LPV-61358  14.998 17.541   66.29   0.067  778.2    0.107   65.44   0.063
OGLE-LMC-LPV-61371  14.235 18.077  131.56   0.238  248.0    0.206  129.94   0.070
OGLE-LMC-LPV-61380  15.009 17.955   62.93   0.096  215.8    0.062  113.44   0.056
OGLE-LMC-LPV-61399  14.637 16.459   87.44   0.092   93.93   0.056   90.19   0.045
OGLE-LMC-LPV-61401  14.039 16.303  131.72   0.172  254.4    0.122  140.63   0.081
OGLE-LMC-LPV-61405  14.742 17.001   93.20   0.113  625.4    0.185 4274      0.108
OGLE-LMC-LPV-61421  14.993 17.694  173.27   0.126  186.64   0.096 6536      0.067
OGLE-LMC-LPV-61428  17.068 18.781  468.1    0.507 5780      0.569 1418      0.486
OGLE-LMC-LPV-61435  14.145 17.401  171.88   0.086  397.0    0.150 1028      0.096
OGLE-LMC-LPV-61437  14.305 16.816   86.41   0.102  151.13   0.096  295.2    0.076
OGLE-LMC-LPV-61454  14.610 16.303   68.26   0.041   76.04   0.033  526.3    0.031
OGLE-LMC-LPV-61459  14.113 16.811  343.6    0.635  202.7    0.146  179.18   0.110
OGLE-LMC-LPV-61465  14.430 16.410  125.57   0.281  146.67   0.099  118.85   0.085
OGLE-LMC-LPV-61476  14.127 17.140  107.36   0.201  196.35   0.099  979.4    0.064
OGLE-LMC-LPV-61477  14.762 16.518   96.25   0.143   52.28   0.097  360.1    0.084
OGLE-LMC-LPV-61479  14.012 17.280  122.79   0.220  211.2    0.090 1613      0.079
OGLE-LMC-LPV-61493  14.035 16.533  284.0    0.257  171.61   0.062  216.1    0.063
OGLE-LMC-LPV-61494  13.942 16.488  165.69   0.160 1070      0.103 6494      0.107
OGLE-LMC-LPV-61507  13.890 16.579  310.6    0.166  620.7    0.116  184.54   0.057
OGLE-LMC-LPV-61509  14.740 16.762   65.59   0.101  803.2    0.088  110.01   0.058
OGLE-LMC-LPV-61512  13.088 16.978  414.1    0.348  351.7    0.148 2667      0.124
OGLE-LMC-LPV-61526  14.291 15.823   99.60   0.232   98.10   0.105  103.23   0.095
OGLE-LMC-LPV-61531  14.215 17.101  172.38   0.131 1681      0.330 4065      0.123
OGLE-LMC-LPV-61548  14.008 16.841   100.00  0.099  148.04   0.074  162.79   0.069
OGLE-LMC-LPV-61552  14.634 17.103  157.23   0.080 4464      0.104   91.34   0.059
OGLE-LMC-LPV-61567  14.253 17.066   98.99   0.169 1214      0.148  101.57   0.086
OGLE-LMC-LPV-61586  13.812 17.040  224.5    0.222  773.4    0.125  303.8    0.086
OGLE-LMC-LPV-61587  13.650 16.148 1323      0.310  215.8    0.095 2545      0.082
OGLE-LMC-LPV-61592  14.173 16.846  197.12   0.248 2584      0.150  174.25   0.104
OGLE-LMC-LPV-61595  14.664 16.246   69.69   0.095   71.56   0.057   74.16   0.042
OGLE-LMC-LPV-61599  14.448 16.490  117.80   0.118  115.73   0.085   67.27   0.058
OGLE-LMC-LPV-61605  14.292 17.554  102.75   0.068  529.4    0.098  171.26   0.068
OGLE-LMC-LPV-61607  14.721 16.366   79.36   0.055   73.82   0.055 1032      0.048
OGLE-LMC-LPV-61612  14.226 17.850  209.7    0.169  123.08   0.110 1466      0.099
OGLE-LMC-LPV-61614  14.556 16.246  100.32   0.167  130.98   0.137   81.36   0.113
OGLE-LMC-LPV-61616  14.532 17.176  169.09   0.091 1443      0.133  262.1    0.086
OGLE-LMC-LPV-61622  14.170 17.676  174.12   0.107  103.89   0.063  424.1    0.057
OGLE-LMC-LPV-61632  14.790 16.660   49.860  0.045  237.5    0.029   55.88   0.027
OGLE-LMC-LPV-61638  14.075 16.767  138.50   0.184  902.5    0.170  134.37   0.074
OGLE-LMC-LPV-61644  14.074 16.660  284.2    0.153  852.5    0.100  321.5    0.074
OGLE-LMC-LPV-61650  14.036 16.793  146.07   0.175 1344      0.182  159.72   0.061
OGLE-LMC-LPV-61652  14.118 16.819 1139      0.237  134.68   0.108  240.6    0.071
OGLE-LMC-LPV-61653  15.415    -    218.6    0.101  309.6    0.046  137.57   0.035
OGLE-LMC-LPV-61663  14.182 17.122   94.53   0.063 1406      0.111 6494      0.057
OGLE-LMC-LPV-61669  14.302 17.044  285.9    0.185  221.7    0.080  262.7    0.070
OGLE-LMC-LPV-61676  13.961 16.393  187.39   0.365  795.5    0.115  228.2    0.094
OGLE-LMC-LPV-61686  14.623 17.032  214.1    0.319  728.3    0.164  115.38   0.155
OGLE-LMC-LPV-61695  14.087 17.282  239.4    0.341  128.12   0.191 3322      0.150
OGLE-LMC-LPV-61708  14.474 17.285   76.43   0.100  537.3    0.090  131.34   0.060
OGLE-LMC-LPV-61721  14.096 17.566  118.48   0.229 1129      0.161  114.01   0.106
OGLE-LMC-LPV-61725  14.069 16.930  210.6    0.239  115.57   0.092  119.19   0.066
OGLE-LMC-LPV-61727  14.172 16.679   88.14   0.175  158.63   0.084  724.6    0.051
OGLE-LMC-LPV-61746  14.268 17.190   97.62   0.159  164.96   0.107   90.14   0.112
OGLE-LMC-LPV-61751  14.232 15.792   93.80   0.515   89.90   0.141   81.56   0.079
OGLE-LMC-LPV-61752  13.386 15.946  218.3    0.261 3690      0.194  205.7    0.115
OGLE-LMC-LPV-61762  14.238 17.102  324.5    0.396 1531      0.155  624.2    0.083
OGLE-LMC-LPV-61769  13.977 16.875  180.48   0.218  435.7    0.142  262.9    0.104
OGLE-LMC-LPV-61772  14.775 16.599   71.70   0.051   42.317  0.029 1961      0.027
OGLE-LMC-LPV-61789  14.915 17.325   62.10   0.086  111.21   0.077   59.01   0.057
OGLE-LMC-LPV-61790  13.789 16.788  353.3    0.194  291.2    0.094  198.65   0.067
OGLE-LMC-LPV-61791  14.375 16.858  241.7    0.185  259.8    0.165  227.5    0.081
OGLE-LMC-LPV-61812  15.348 17.596   39.421  0.052  368.3    0.056   57.80   0.035
OGLE-LMC-LPV-61821  14.054 16.657  257.9    0.215  308.6    0.155  242.5    0.073
OGLE-LMC-LPV-61830  13.799 16.280  135.34   0.054 1082      0.077  651.9    0.075
OGLE-LMC-LPV-61836  14.269 18.195  273.4    0.451  336.2    0.131  143.37   0.120
OGLE-LMC-LPV-61841  14.192 17.100   94.68   0.108  802.6    0.117   92.25   0.095
OGLE-LMC-LPV-61869  15.019 17.790   68.53   0.056  395.6    0.094  701.3    0.075
OGLE-LMC-LPV-61898  14.866 17.160   94.55   0.097 1282      0.377 5236      0.263
OGLE-LMC-LPV-61899  14.078 16.601  165.24   0.209  331.5    0.150  158.18   0.087
OGLE-LMC-LPV-61904  15.176 16.612   43.257  0.034   43.842  0.024   36.865  0.019
OGLE-LMC-LPV-61923  14.262 16.452  216.7    0.306  242.9    0.160  921.7    0.102
OGLE-LMC-LPV-61927  13.786 16.179  124.22   0.054  722.5    0.091 6803      0.064
OGLE-LMC-LPV-61933  13.873 16.716  311.8    0.251  254.5    0.178  187.30   0.125
OGLE-LMC-LPV-61939  14.261 16.569  192.05   0.098  110.44   0.066  182.55   0.063
OGLE-LMC-LPV-61944  14.813 17.312  113.85   0.098  129.79   0.072  391.8    0.055
OGLE-LMC-LPV-61946  14.055 17.189  372.8    0.183  199.52   0.111  335.9    0.099
OGLE-LMC-LPV-61951  13.907 17.032  327.4    0.225  185.56   0.090  220.0    0.069
OGLE-LMC-LPV-61971  13.969 16.773  106.02   0.181 2024      0.116  108.62   0.118
OGLE-LMC-LPV-61974  13.855 16.580 1287      0.345 6250      0.227  158.05   0.118
OGLE-LMC-LPV-61976  13.202 16.170  273.2    0.304  542.6    0.226 6579      0.230
OGLE-LMC-LPV-61979  14.084 16.732  300.1    0.124  156.49   0.094  341.4    0.064
OGLE-LMC-LPV-61988  14.275 16.932   94.84   0.210  166.58   0.130   90.51   0.088
OGLE-LMC-LPV-61995  14.372 17.380   93.12   0.054  231.9    0.066  274.5    0.057
OGLE-LMC-LPV-62004  13.828 16.112  301.3    0.565 4505      0.142  661.8    0.139
OGLE-LMC-LPV-62012  14.042 16.009   81.63   0.056  102.64   0.052  498.3    0.052
OGLE-LMC-LPV-62025  14.167 16.800  328.6    0.376  122.67   0.076  213.7    0.062
OGLE-LMC-LPV-62043  14.135 17.067  102.54   0.205 1005      0.228   94.14   0.116
OGLE-LMC-LPV-62081  14.740 17.579  108.27   0.095 1078      0.104   76.84   0.057
OGLE-LMC-LPV-62089  14.261 16.963  308.7    0.342 6993      0.139  168.52   0.066
OGLE-LMC-LPV-62094  13.677 16.309  268.9    0.080 1271      0.076  249.3    0.052
OGLE-LMC-LPV-62095  14.596 17.827  123.95   0.117   79.42   0.070  636.1    0.067
OGLE-LMC-LPV-62101  14.240 16.824   84.02   0.081  576.4    0.076  457.7    0.059
OGLE-LMC-LPV-62112  14.061 17.280  191.29   0.231 1057      0.103 2538      0.048
OGLE-LMC-LPV-62113  14.405 16.554   63.51   0.034  480.3    0.056   93.86   0.038
OGLE-LMC-LPV-62152  14.453 16.626   66.65   0.038  333.7    0.083  417.4    0.058
OGLE-LMC-LPV-62155  14.256 17.911  404.3    0.296 1067      0.200 1650      0.114
OGLE-LMC-LPV-62191  14.167 16.957  104.98   0.166  185.05   0.127  156.79   0.073
OGLE-LMC-LPV-62204  14.209 17.350  100.93   0.104  751.9    0.153  234.4    0.095
OGLE-LMC-LPV-62208  14.985 17.802  150.32   0.298 4405      0.298  141.46   0.235
OGLE-LMC-LPV-62212  14.615 16.545   65.83   0.091  721.5    0.149   67.15   0.083
OGLE-LMC-LPV-62236  14.393 16.736   81.75   0.056  494.8    0.062  584.8    0.046
OGLE-LMC-LPV-62237  13.888 17.306  195.54   0.101 1508      0.291  375.1    0.122
OGLE-LMC-LPV-62244  14.202 17.430  346.5    0.227 3937      0.152  181.23   0.093
OGLE-LMC-LPV-62245  14.416 17.377   92.41   0.135  165.51   0.171  887.3    0.139
OGLE-LMC-LPV-62251  14.044 17.027  109.01   0.151  204.1    0.116  568.5    0.062
OGLE-LMC-LPV-62258  15.182 16.604   38.419  0.032  131.44   0.026   37.713  0.027
OGLE-LMC-LPV-62269  13.994 16.989  175.56   0.068 3195      0.176  665.8    0.100
OGLE-LMC-LPV-62290  14.722 16.583   51.61   0.034  258.8    0.044  248.8    0.037
OGLE-LMC-LPV-62306  14.336 16.955   82.20   0.065  394.6    0.102  122.40   0.066
OGLE-LMC-LPV-62317  14.130 17.692  116.85   0.086  128.72   0.113  218.9    0.074
OGLE-LMC-LPV-62328  14.082 16.479  291.4    0.519  258.8    0.091  160.98   0.072
OGLE-LMC-LPV-62332  13.685 16.604  205.9    0.149  408.7    0.156  326.5    0.097
OGLE-LMC-LPV-62333  14.265 16.577  101.33   0.146  150.35   0.127 7463      0.076
OGLE-LMC-LPV-62338  14.135 17.128  190.59   0.083  165.56   0.081  233.4    0.074
OGLE-LMC-LPV-62364  15.029 17.154   55.42   0.051   91.97   0.034  848.9    0.028
OGLE-LMC-LPV-62365  14.015    -    126.55   0.174  220.4    0.251  807.1    0.145
OGLE-LMC-LPV-62367  14.251 17.219  114.68   0.174  219.1    0.111 7353      0.086
OGLE-LMC-LPV-62385  14.722 16.550   55.34   0.090   51.59   0.054  102.43   0.047
OGLE-LMC-LPV-62397  14.396 16.393  131.64   0.420 6135      0.170  128.98   0.105
OGLE-LMC-LPV-62405  13.658 16.022  145.38   0.086  132.42   0.052  651.0    0.056
OGLE-LMC-LPV-62416  14.438 16.969   75.86   0.094  116.67   0.057  226.1    0.042
OGLE-LMC-LPV-62446  14.297 16.779  141.84   0.150 1292      0.194  318.8    0.107
OGLE-LMC-LPV-62449  14.184 16.720  167.98   0.190   95.97   0.124  107.71   0.061
OGLE-LMC-LPV-62451  14.929 16.574   98.32   0.074   52.21   0.033   32.016  0.029
OGLE-LMC-LPV-62457  14.012 16.907   98.59   0.073  649.8    0.111  458.1    0.063
OGLE-LMC-LPV-62458  14.622 16.766   84.71   0.050  721.5    0.153 6757      0.088
OGLE-LMC-LPV-62464  15.372 17.852   74.01   0.059  149.32   0.041  194.86   0.038
OGLE-LMC-LPV-62477  13.309 16.183  451.7    0.322 1002      0.165  180.64   0.093
OGLE-LMC-LPV-62482  14.507 17.067  107.23   0.076  560.5    0.134 1745      0.077
OGLE-LMC-LPV-62486  13.926 16.674  160.78   0.134  991.1    0.067  153.54   0.057
OGLE-LMC-LPV-62499  14.589 16.505   56.69   0.068  803.2    0.073   91.20   0.045
OGLE-LMC-LPV-62512  14.381 16.582  109.00   0.071 1161      0.082  167.39   0.051
OGLE-LMC-LPV-62519  14.134 17.097  201.2    0.175  225.3    0.086  258.7    0.085
OGLE-LMC-LPV-62545  14.306 17.500  180.03   0.114  582.1    0.101  507.1    0.114
OGLE-LMC-LPV-62557  14.250 17.195  197.56   0.380  813.0    0.162 2137      0.105
OGLE-LMC-LPV-62570  13.563 16.020  142.73   0.056 1314      0.204  739.1    0.090
OGLE-LMC-LPV-62584  14.183 17.385  216.6    0.141  198.73   0.079  116.29   0.062
OGLE-LMC-LPV-62588  13.955 16.676   95.99   0.109 1015      0.102   99.66   0.075
OGLE-LMC-LPV-62593  14.395 17.274  161.58   0.075 3788      0.144 1011      0.096
OGLE-LMC-LPV-62595  14.220 16.927   90.66   0.092  529.9    0.184 3802      0.108
OGLE-LMC-LPV-62596  14.393 16.301   61.02   0.038  396.2    0.051  304.2    0.048
OGLE-LMC-LPV-62610  14.012 16.433  150.74   0.101  276.9    0.093  135.34   0.058
OGLE-LMC-LPV-62611  14.540 16.218   99.09   0.229  111.38   0.101 1414      0.055
OGLE-LMC-LPV-62633  14.111 17.122  190.02   0.188  317.7    0.131  992.1    0.108
OGLE-LMC-LPV-62634  15.331 16.949   73.26   0.061   74.28   0.072   54.80   0.045
OGLE-LMC-LPV-62635  15.986 19.037  729.4    0.601 3846      0.513  240.2    0.128
OGLE-LMC-LPV-62649  13.984 17.352  107.38   0.165  721.0    0.082  170.42   0.082
OGLE-LMC-LPV-62662  14.206 16.822   92.07   0.176  923.4    0.131  155.71   0.062
OGLE-LMC-LPV-62663  14.175 17.888  106.42   0.070 1689      0.083  173.43   0.054
OGLE-LMC-LPV-62664  14.151 17.112   95.72   0.132  554.9    0.085  474.2    0.063
OGLE-LMC-LPV-62672  14.201 16.540   78.35   0.050  766.9    0.094   87.72   0.058
OGLE-LMC-LPV-62677  15.419 17.991   51.47   0.178   91.95   0.177  580.7    0.132
OGLE-LMC-LPV-62678  14.800 16.870   82.41   0.037   55.53   0.030  398.6    0.026
OGLE-LMC-LPV-62680  13.336 15.862  240.2    0.336 2119      0.360  244.3    0.136
OGLE-LMC-LPV-62688  14.103 16.520  148.40   0.120  922.5    0.075   79.07   0.065
OGLE-LMC-LPV-62690  14.193 17.186  352.9    0.341  709.7    0.159  426.4    0.142
OGLE-LMC-LPV-62699  13.510 16.479  237.1    0.300 2237      0.211  585.1    0.146
OGLE-LMC-LPV-62713  14.047 17.970  148.57   0.182  269.3    0.189  475.7    0.108
OGLE-LMC-LPV-62714  14.545 16.601  164.65   0.375  176.30   0.081 4310      0.101
OGLE-LMC-LPV-62715  14.079 17.045  176.11   0.112  383.1    0.148  457.2    0.090
OGLE-LMC-LPV-62719  14.368 16.195  128.98   0.467  131.72   0.238  124.84   0.257
OGLE-LMC-LPV-62724  14.364 17.032   71.74   0.060  462.7    0.065   68.76   0.042
OGLE-LMC-LPV-62731  14.145 16.773  125.03   0.109  726.7    0.119  127.67   0.055
OGLE-LMC-LPV-62744  14.602 16.665  124.29   0.541  136.59   0.118  110.79   0.110
OGLE-LMC-LPV-62753  14.659 16.729   72.44   0.073  300.5    0.099 6135      0.049
OGLE-LMC-LPV-62758  14.395 17.352   94.01   0.205 1244      0.136   92.27   0.078
OGLE-LMC-LPV-62762  13.463 16.647  136.09   0.249  229.4    0.101 1151      0.092
OGLE-LMC-LPV-62763  13.996 16.865  100.23   0.079 2203      0.158 6061      0.103
OGLE-LMC-LPV-62767  14.534 16.942   70.39   0.064  394.3    0.124  122.34   0.062
OGLE-LMC-LPV-62768  14.123 17.350  190.37   0.134 1316      0.144  212.4    0.074
OGLE-LMC-LPV-62772  14.250 16.484  180.55   0.123  495.8    0.101  121.73   0.050
OGLE-LMC-LPV-62782  14.205 17.393  112.25   0.060 2577      0.097  118.82   0.073
OGLE-LMC-LPV-62789  13.917 16.711  172.36   0.107   98.63   0.077 1261      0.070
OGLE-LMC-LPV-62805  14.311 17.971  125.23   0.185 2950      0.136  111.98   0.079
OGLE-LMC-LPV-62806  14.448 17.081   94.22   0.102  592.8    0.200  448.4    0.086
OGLE-LMC-LPV-62819  14.161 17.217   98.07   0.063  724.6    0.180  500.3    0.100
OGLE-LMC-LPV-62824  14.203 17.703  108.73   0.138  826.4    0.145   99.93   0.079
OGLE-LMC-LPV-62830  15.239 16.853   55.35   0.036  964.3    0.030  133.24   0.020
OGLE-LMC-LPV-62832  15.286 17.438   65.38   0.064  442.9    0.074  111.89   0.050
OGLE-LMC-LPV-62835  13.535 17.029  325.2    0.519  172.71   0.101  444.2    0.099
OGLE-LMC-LPV-62837  14.343 16.721   73.60   0.079  845.3    0.103 6623      0.059
OGLE-LMC-LPV-62840  14.502 16.542   57.90   0.034  294.4    0.054  274.9    0.029
OGLE-LMC-LPV-62848  14.772 16.584   73.72   0.056  190.77   0.040   41.757  0.028
OGLE-LMC-LPV-62856  14.838 17.115  134.48   0.105  161.26   0.074  933.7    0.059
OGLE-LMC-LPV-62857  13.718 16.852  376.5    0.224 2882      0.223  462.1    0.084
OGLE-LMC-LPV-62868  14.373 16.121   56.44   0.064  106.46   0.048  113.02   0.039
OGLE-LMC-LPV-62869  14.845 17.391  935.5    0.308  101.54   0.134  158.25   0.063
OGLE-LMC-LPV-62871  14.870 17.543  181.82   0.171  884.2    0.096  228.9    0.079
OGLE-LMC-LPV-62879  14.605 17.692   93.01   0.108 1024      0.079  170.62   0.052
OGLE-LMC-LPV-62892  15.046 16.873   61.74   0.068  441.7    0.045   55.74   0.030
OGLE-LMC-LPV-62894  14.244 16.993  164.74   0.130  956.0    0.124   91.08   0.078
OGLE-LMC-LPV-62898  14.070 17.341  212.5    0.327  431.6    0.245 1595      0.071
OGLE-LMC-LPV-62908  14.270 17.599  391.4    0.306  708.7    0.158 1302      0.127
OGLE-LMC-LPV-62919  14.240 17.063   89.01   0.088   81.43   0.050  667.6    0.051
OGLE-LMC-LPV-62940  14.479 18.161  265.1    0.715  291.5    0.210  239.0    0.085
OGLE-LMC-LPV-62952  14.008 17.122  126.80   0.222  135.39   0.111  121.26   0.089
OGLE-LMC-LPV-62956  14.670 16.580   95.88   0.227   89.28   0.101   64.71   0.087
OGLE-LMC-LPV-62963  14.695 18.030  350.3    0.527 2717      0.735  200.1    0.158
OGLE-LMC-LPV-62966  14.218 17.745  464.5    0.487 4115      0.232  382.8    0.086
OGLE-LMC-LPV-62975  14.680 17.227  158.33   0.468   83.02   0.178  168.44   0.115
OGLE-LMC-LPV-62988  13.974 16.798  293.3    0.166 2571      0.124  305.3    0.076
OGLE-LMC-LPV-62992  14.236 17.133  308.5    0.108  264.4    0.051  158.68   0.048
OGLE-LMC-LPV-63004  14.244 16.325   78.73   0.084  133.32   0.097 6061      0.088
OGLE-LMC-LPV-63013  15.026 17.839   72.27   0.136  705.2    0.136   69.74   0.061
OGLE-LMC-LPV-63019  14.269 16.126  142.88   0.459  149.08   0.216  135.35   0.128
OGLE-LMC-LPV-63023  13.995 17.357  213.0    0.262 1247      0.200 3077      0.123
OGLE-LMC-LPV-63038  14.704 16.994   57.97   0.044  438.4    0.050   96.77   0.032
OGLE-LMC-LPV-63044  14.086 16.665  167.25   0.140  515.5    0.066  222.1    0.054
OGLE-LMC-LPV-63046  13.884 17.161  126.55   0.142  115.10   0.106  231.7    0.093
OGLE-LMC-LPV-63065  14.704 16.598   94.47   0.044  863.6    0.071   57.83   0.046
OGLE-LMC-LPV-63078  14.687 17.382  273.0    0.199  308.2    0.104  617.7    0.101
OGLE-LMC-LPV-63102  14.187 16.597  300.8    0.583 4386      0.170  176.46   0.067
OGLE-LMC-LPV-63104  14.236 16.110  142.96   0.147 1898      0.087   73.10   0.078
OGLE-LMC-LPV-63107  14.761 16.811   73.81   0.079  121.46   0.062   44.201  0.052
OGLE-LMC-LPV-63121  14.069 16.800  105.10   0.123  183.15   0.119  109.88   0.097
OGLE-LMC-LPV-63142  13.854 16.837  270.3    0.090  196.23   0.077  405.0    0.066
OGLE-LMC-LPV-63146  14.377 18.570  154.51   0.201  293.2    0.199  174.09   0.159
OGLE-LMC-LPV-63152  14.233 17.004  117.00   0.141 1163      0.218   94.49   0.114
OGLE-LMC-LPV-63157  14.680 16.419   46.957  0.066   79.38   0.055   84.67   0.052
OGLE-LMC-LPV-63165  14.395 17.351   96.52   0.129  162.58   0.067   93.94   0.055
OGLE-LMC-LPV-63176  14.381 17.989  485.5    0.397 5618      0.267  229.1    0.151
OGLE-LMC-LPV-63177  14.071 17.189  407.2    0.231  580.7    0.114  133.26   0.049
OGLE-LMC-LPV-63203  14.306 17.310  105.80   0.205   95.89   0.108  180.05   0.098
OGLE-LMC-LPV-63206  14.497 17.468  171.17   0.111 4016      0.157  354.1    0.074
OGLE-LMC-LPV-63215  15.418 17.723   66.95   0.080  179.73   0.061   43.710  0.053
OGLE-LMC-LPV-63221  14.064 16.875  201.2    0.236  114.43   0.154  239.3    0.094
OGLE-LMC-LPV-63237  13.679 16.418   96.36   0.035  883.4    0.215 1279      0.048
OGLE-LMC-LPV-63264  14.182 17.376  405.9    0.654  935.5    0.137  187.55   0.114
OGLE-LMC-LPV-63271  14.010 16.396  235.7    0.080  717.9    0.100 5348      0.104
OGLE-LMC-LPV-63272  13.872 15.937   87.09   0.031 1022      0.039  704.7    0.025
OGLE-LMC-LPV-63278  13.511 16.300  239.0    0.187 3436      0.287  229.9    0.126
OGLE-LMC-LPV-63279  14.316 16.346   95.92   0.058  141.18   0.054   74.88   0.045
OGLE-LMC-LPV-63285  13.873 17.467  128.19   0.216  443.7    0.076  628.5    0.078
OGLE-LMC-LPV-63286  14.614 16.590  101.34   0.099  105.81   0.036 6329      0.027
OGLE-LMC-LPV-63287  14.118 16.965  169.18   0.199 1034      0.165  298.4    0.116
OGLE-LMC-LPV-63299  14.213 16.629   78.97   0.068 2786      0.097  216.2    0.042
OGLE-LMC-LPV-63301  14.556 16.593   57.81   0.049  143.88   0.040   58.84   0.035
OGLE-LMC-LPV-63304  15.114 17.009   93.65   0.053  208.2    0.081  276.5    0.081
OGLE-LMC-LPV-63305  15.008 17.799   70.42   0.118   71.48   0.091  127.81   0.087
OGLE-LMC-LPV-63338  13.948 16.683  121.48   0.375  225.8    0.240  209.1    0.098
OGLE-LMC-LPV-63340  14.623 16.407   76.33   0.045  248.0    0.053  276.9    0.046
OGLE-LMC-LPV-63360  14.683 16.165   64.41   0.060   39.299  0.037   60.30   0.029
OGLE-LMC-LPV-63372  14.155 17.574  420.2    0.391 4975      0.243 1217      0.143
OGLE-LMC-LPV-63382  13.915 16.543 1330      0.376  569.8    0.085  118.76   0.057
OGLE-LMC-LPV-63385  14.344 17.886  231.5    0.495  130.14   0.135  218.3    0.156
OGLE-LMC-LPV-63388  14.272 16.887   86.32   0.121  412.9    0.082   81.37   0.053
OGLE-LMC-LPV-63402  14.164 16.868   97.75   0.069  527.4    0.052  181.82   0.052
OGLE-LMC-LPV-63403  14.392 16.385   62.74   0.078   59.61   0.055 2817      0.042
OGLE-LMC-LPV-63406  14.124 17.471  201.3    0.121 1220      0.081  124.18   0.070
OGLE-LMC-LPV-63407  14.464 16.414  131.16   0.650 4082      0.136   66.70   0.111
OGLE-LMC-LPV-63409  14.683 16.497   51.50   0.078   52.92   0.048   46.553  0.031
OGLE-LMC-LPV-63416  14.261 17.369  112.35   0.115 2421      0.096  170.42   0.061
OGLE-LMC-LPV-63424  14.050 16.451  225.2    0.053  211.5    0.075  909.9    0.059
OGLE-LMC-LPV-63438  13.594 15.735  138.72   0.066 2538      0.110 1020      0.046
OGLE-LMC-LPV-63439  14.695 16.640   58.20   0.157  676.6    0.049   59.26   0.045
OGLE-LMC-LPV-63442  13.533 15.292  141.64   0.082  452.5    0.084  135.34   0.033
OGLE-LMC-LPV-63446  14.909 16.814  142.16   0.235  145.90   0.106   75.47   0.082
OGLE-LMC-LPV-63448  15.503 17.918   45.618  0.036  480.1    0.060   70.24   0.041
OGLE-LMC-LPV-63449  14.442 17.351  235.8    0.173 1028      0.103  137.95   0.084
OGLE-LMC-LPV-63454  14.569 16.743  118.25   0.083 2950      0.174   71.81   0.041
OGLE-LMC-LPV-63457  14.741 17.171   66.44   0.129  683.5    0.109   69.10   0.075
OGLE-LMC-LPV-63476  14.076 16.985  244.0    0.425  231.5    0.209 4902      0.129
OGLE-LMC-LPV-63482  15.109 16.681   48.123  0.048   33.818  0.039   57.34   0.029
OGLE-LMC-LPV-63509  14.230 17.377  373.8    0.373 2695      0.211  177.59   0.093
OGLE-LMC-LPV-63515  14.256 18.253  342.0    0.529  176.96   0.140  356.4    0.081
OGLE-LMC-LPV-63539  14.133 17.877  132.10   0.163  127.62   0.135  319.8    0.087
OGLE-LMC-LPV-63545  14.145 16.490  109.71   0.110 1145      0.163  170.07   0.067
OGLE-LMC-LPV-63551  14.545 17.856  128.32   0.264  257.5    0.119  282.9    0.091
OGLE-LMC-LPV-63554  13.723 15.912  108.38   0.065 1086      0.066 7246      0.029
OGLE-LMC-LPV-63614  14.132 16.764  175.47   0.155 1020      0.079  164.37   0.069
OGLE-LMC-LPV-63616  14.670 17.053  114.68   0.180  117.76   0.101  229.5    0.075
OGLE-LMC-LPV-63620  14.251 17.387   97.85   0.075  148.50   0.085  556.2    0.071
OGLE-LMC-LPV-63625  14.325 16.787  243.4    0.192  139.57   0.116  282.2    0.066
OGLE-LMC-LPV-63644  13.306 15.958  422.7    0.211  315.7    0.131  350.4    0.063
OGLE-LMC-LPV-63655  14.109 16.721 1404      0.403  135.65   0.101  142.33   0.065
OGLE-LMC-LPV-63657  14.141 16.395  122.16   0.067 3717      0.087  203.9    0.046
OGLE-LMC-LPV-63659  13.938 17.525  962.9    0.259  120.06   0.105 6494      0.077
OGLE-LMC-LPV-63662  14.202 17.575  116.47   0.255  140.19   0.137  120.67   0.104
OGLE-LMC-LPV-63665  14.272 17.216   99.03   0.161  181.13   0.094  103.28   0.083
OGLE-LMC-LPV-63675  14.107 16.567  144.43   0.118 1468      0.168  145.48   0.053
OGLE-LMC-LPV-63733  15.448 16.991   39.218  0.087   42.130  0.057   26.263  0.044
OGLE-LMC-LPV-63741  14.422 17.142   79.81   0.062  409.3    0.113   94.48   0.048
OGLE-LMC-LPV-63748  14.488 17.182  500.0    0.309  414.6    0.127  116.74   0.081
OGLE-LMC-LPV-63749  14.145 16.869  112.42   0.227  207.0    0.177  221.3    0.104
OGLE-LMC-LPV-63767  14.108 16.787  176.24   0.604  394.6    0.357  123.53   0.270
OGLE-LMC-LPV-63796  13.302 15.776  303.6    0.140 1340      0.125  168.15   0.050
OGLE-LMC-LPV-63825  14.443 17.081  849.5    0.300  199.48   0.139 3185      0.089
OGLE-LMC-LPV-63836  14.105 17.523  121.82   0.194  220.3    0.117  134.30   0.096
OGLE-LMC-LPV-63847  12.892 15.180  403.9    0.271 1117      0.061  231.7    0.075
OGLE-LMC-LPV-63848  13.992 16.541  159.06   0.084 4566      0.074  156.05   0.047
OGLE-LMC-LPV-63852  14.559 17.595  248.0    0.332 1425      0.213  133.73   0.100
OGLE-LMC-LPV-63872  15.232 17.180   80.42   0.153   82.35   0.144   69.74   0.110
OGLE-LMC-LPV-63878  14.893 17.300   71.47   0.041  407.2    0.041   63.89   0.039
OGLE-LMC-LPV-63882  13.824 16.477  223.3    0.102 1064      0.133 2092      0.053
OGLE-LMC-LPV-63887  14.227 17.265  365.0    0.456 1355      0.152  127.89   0.078
OGLE-LMC-LPV-63891  14.511 16.400   57.83   0.076   96.65   0.042   92.88   0.036
OGLE-LMC-LPV-63892  14.300 16.941   85.11   0.134  880.3    0.176   81.88   0.076
OGLE-LMC-LPV-63893  14.767 17.695  223.7    0.160  193.99   0.095  145.29   0.053
OGLE-LMC-LPV-63901  14.261 16.206  111.60   0.544  317.2    0.128  184.74   0.121
OGLE-LMC-LPV-63906  15.651 18.661  119.15   0.091 1112      0.094  213.7    0.069
OGLE-LMC-LPV-63907  14.322 18.421  183.22   0.216  325.6    0.192  414.4    0.080
OGLE-LMC-LPV-63913  14.627 17.035  144.57   0.100 2551      0.466  127.89   0.108
OGLE-LMC-LPV-63935  14.473 16.655   70.13   0.028  533.0    0.029   68.74   0.027
OGLE-LMC-LPV-63966  14.475 17.693  342.2    0.355  283.8    0.096 2088      0.075
OGLE-LMC-LPV-63968  13.378 16.219  211.7    0.209 2101      0.353 4854      0.151
OGLE-LMC-LPV-63972  14.182 15.809  104.11   0.295   99.25   0.197  101.32   0.154
OGLE-LMC-LPV-63983  13.587 16.206  147.21   0.065 3195      0.112  221.1    0.057
OGLE-LMC-LPV-64001  14.554 16.231   81.08   0.056  182.08   0.052   59.69   0.031
OGLE-LMC-LPV-64013  14.276 17.027  186.50   0.157  104.45   0.100  622.7    0.072
OGLE-LMC-LPV-64021  13.231 14.981  111.99   0.043 1404      0.111  410.3    0.039
OGLE-LMC-LPV-64026  14.431 16.142   93.50   0.169  108.42   0.053   57.48   0.050
OGLE-LMC-LPV-64033  14.248 16.733  129.75   0.185 1220      0.205  141.62   0.121
OGLE-LMC-LPV-64047  13.364 15.489  111.71   0.080  103.96   0.088  254.8    0.062
OGLE-LMC-LPV-64059  14.046 16.963  231.9    0.554  120.55   0.307  246.1    0.164
OGLE-LMC-LPV-64071  14.039 17.166  211.6    0.203  117.59   0.137  901.7    0.085
OGLE-LMC-LPV-64080  14.339 17.181   85.07   0.104  606.4    0.112   95.37   0.064
OGLE-LMC-LPV-64085  14.225 17.923  117.97   0.147  740.2    0.144  630.1    0.100
OGLE-LMC-LPV-64092  13.691 16.999  248.9    0.129 1230      0.136  206.9    0.072
OGLE-LMC-LPV-64103  14.602 16.275   71.72   0.035  133.08   0.029   40.256  0.025
OGLE-LMC-LPV-64116  14.128 17.318  195.32   0.134 5556      0.090 1295      0.063
OGLE-LMC-LPV-64119  14.258 16.715   80.02   0.183  129.37   0.076  137.16   0.062
OGLE-LMC-LPV-64138  13.967 16.908  106.91   0.066  588.9    0.067  188.29   0.055
OGLE-LMC-LPV-64149  14.191 17.083  134.25   0.183  818.3    0.129 6623      0.128
OGLE-LMC-LPV-64153  14.751 17.815  336.2    0.150  385.8    0.102  266.1    0.055
OGLE-LMC-LPV-64157  14.002 17.063  328.5    0.189 1387      0.144 7194      0.096
OGLE-LMC-LPV-64171  13.925 16.584  318.7    0.162 1119      0.082  819.0    0.048
OGLE-LMC-LPV-64185  13.904 17.192  225.9    0.174  440.7    0.139  192.23   0.082
OGLE-LMC-LPV-64202  13.687 16.929  115.83   0.114 1792      0.113  184.88   0.079
OGLE-LMC-LPV-64220  14.103 17.384  184.03   0.170 3484      0.195  210.9    0.092
OGLE-LMC-LPV-64223  14.341 17.440   95.30   0.114  649.4    0.110  493.1    0.109
OGLE-LMC-LPV-64224  14.158 17.259  199.86   0.209 1085      0.120  106.44   0.098
OGLE-LMC-LPV-64230  14.189 17.271   98.48   0.147  151.84   0.072  790.5    0.060
OGLE-LMC-LPV-64239  13.540 16.698  242.0    0.213 1727      0.191  237.6    0.085
OGLE-LMC-LPV-64258  14.570 16.579   71.20   0.039  185.60   0.044   76.06   0.030
OGLE-LMC-LPV-64297  14.259 16.549  278.4    0.730  296.8    0.364  144.18   0.177
OGLE-LMC-LPV-64300  14.643 17.139   77.49   0.147  130.11   0.080  979.4    0.070
OGLE-LMC-LPV-64301  14.651 16.488   95.23   0.209   50.05   0.059  104.65   0.054
OGLE-LMC-LPV-64314  14.478 16.662  198.49   0.235  213.8    0.228  102.64   0.112
OGLE-LMC-LPV-64331  14.206 17.639  114.91   0.197  111.40   0.114  196.81   0.097
OGLE-LMC-LPV-64350  13.872 16.290   99.07   0.047 4219      0.091  107.10   0.054
OGLE-LMC-LPV-64368  13.780 16.841  137.40   0.164  240.3    0.102  291.5    0.089
OGLE-LMC-LPV-64381  14.200 17.277   95.71   0.086  742.4    0.085   93.49   0.054
OGLE-LMC-LPV-64390  13.701 16.216  152.07   0.098 1287      0.179 4950      0.091
OGLE-LMC-LPV-64393  14.345 16.536  104.58   0.091 1139      0.074  113.12   0.052
OGLE-LMC-LPV-64401  15.390 16.939   39.821  0.061   39.240  0.056   28.281  0.038
OGLE-LMC-LPV-64412  14.322 17.969  117.95   0.157  230.4    0.143  205.2    0.099
OGLE-LMC-LPV-64413  14.079 17.277  399.5    0.316  486.6    0.106  663.1    0.086
OGLE-LMC-LPV-64447  14.215 16.845  271.6    0.243 6369      0.113  151.22   0.086
OGLE-LMC-LPV-64452  14.087 17.363  213.7    0.131  258.3    0.084 1252      0.083
OGLE-LMC-LPV-64453  13.988 16.437 1060      0.221 3636      0.109  111.19   0.069
OGLE-LMC-LPV-64470  13.940 16.653  145.65   0.126 2392      0.079  136.97   0.069
OGLE-LMC-LPV-64473  14.817 17.037   64.95   0.060 3817      0.061   87.35   0.055
OGLE-LMC-LPV-64478  14.353 17.737  131.71   0.303  239.9    0.284  269.1    0.166
OGLE-LMC-LPV-64481  14.038 16.479  320.0    0.259 6250      0.091  226.2    0.055
OGLE-LMC-LPV-64482  13.978 16.199   84.70   0.030  725.2    0.067  120.26   0.024
OGLE-LMC-LPV-64509  13.857 16.225  146.20   0.118 1323      0.075  157.93   0.076
OGLE-LMC-LPV-64515  14.043 16.531  108.87   0.091 1736      0.057  110.62   0.049
OGLE-LMC-LPV-64528  14.098 16.749  182.92   0.107 2257      0.097  167.93   0.094
OGLE-LMC-LPV-64531  14.426 17.667   97.67   0.061  778.8    0.077   99.23   0.049
OGLE-LMC-LPV-64538  14.036 16.388  132.21   0.112  510.2    0.117  270.5    0.091
OGLE-LMC-LPV-64555  14.436 16.973   81.70   0.069  109.65   0.060   88.46   0.056
OGLE-LMC-LPV-64557  14.237 17.803  122.35   0.126 1348      0.166  114.44   0.072
OGLE-LMC-LPV-64564  13.977 16.434  199.11   0.191  268.1    0.098  230.6    0.088
OGLE-LMC-LPV-64566  14.278 17.161   96.41   0.157  164.42   0.087   97.71   0.075
OGLE-LMC-LPV-64586  14.356 16.624   74.65   0.063  139.51   0.073  144.84   0.071
OGLE-LMC-LPV-64589  14.293 16.730  128.51   0.075  344.7    0.076  103.80   0.049
OGLE-LMC-LPV-64599  13.997 16.099   75.73   0.051  124.05   0.042  484.3    0.037
OGLE-LMC-LPV-64624  14.015 16.034  100.48   0.120  861.3    0.110 1115      0.067
OGLE-LMC-LPV-64629  14.268 18.019  122.76   0.234  209.5    0.179 1866      0.119
OGLE-LMC-LPV-64641  14.229 16.777  116.69   0.058  397.3    0.063  590.3    0.043
OGLE-LMC-LPV-64643  14.212 18.097  142.13   0.210  257.3    0.185  135.08   0.134
OGLE-LMC-LPV-64653  15.083 18.264  128.52   0.246   74.67   0.182  124.10   0.089
OGLE-LMC-LPV-64661  14.374 17.867  416.6    0.402 1287      0.176  460.8    0.104
OGLE-LMC-LPV-64666  13.843 16.721  166.77   0.225 2222      0.157 6536      0.102
OGLE-LMC-LPV-64702  13.512 16.284  192.98   0.235  201.3    0.164  921.7    0.135
OGLE-LMC-LPV-64704  14.238 17.430  107.88   0.086  975.6    0.088  137.65   0.060
OGLE-LMC-LPV-64719  13.959 16.280  302.8    0.290  172.53   0.117  158.48   0.082
OGLE-LMC-LPV-64723  14.233 17.537  213.4    0.241  126.53   0.135  114.84   0.102
OGLE-LMC-LPV-64740  14.914 16.997  108.12   0.476  167.36   0.171  136.39   0.140
OGLE-LMC-LPV-64757  14.357 16.059   96.61   0.320   95.26   0.211  101.56   0.132
OGLE-LMC-LPV-64771  14.266 17.826  125.74   0.353  219.3    0.150  232.8    0.141
OGLE-LMC-LPV-64776  14.730 16.888   71.69   0.187  128.11   0.129  834.0    0.099
OGLE-LMC-LPV-64780  13.267 16.016  229.1    0.307  435.9    0.129 6329      0.093
OGLE-LMC-LPV-64801  14.370    -     99.13   0.072  302.0    0.106  468.8    0.064
OGLE-LMC-LPV-64802  13.732 16.586  168.27   0.088  619.2    0.207  981.4    0.142
OGLE-LMC-LPV-64816  14.528 17.247  246.1    0.116 1686      0.260  201.9    0.081
OGLE-LMC-LPV-64822  13.969 16.385   82.37   0.043  624.2    0.071 1164      0.037
OGLE-LMC-LPV-64842  13.581 16.392  176.55   0.188  920.8    0.270  225.6    0.074
OGLE-LMC-LPV-64843  14.823 16.273   63.45   0.081   78.60   0.046   36.498  0.044
OGLE-LMC-LPV-64860  14.828 18.351  181.85   0.218  325.9    0.161  126.33   0.114
OGLE-LMC-LPV-64873  16.166 18.170  191.17   0.161 6849      1.648  192.09   0.404
OGLE-LMC-LPV-64874  14.209 16.424  108.17   0.084 1475      0.056   68.79   0.054
OGLE-LMC-LPV-64884  14.061 16.659   98.84   0.132  167.70   0.098  105.09   0.065
OGLE-LMC-LPV-64889  14.565 17.143  273.8    0.195  145.56   0.128  561.5    0.082
OGLE-LMC-LPV-64900  13.904 16.621  149.63   0.102 1789      0.196  207.3    0.067
OGLE-LMC-LPV-64902  14.173 17.190  322.4    0.367  445.2    0.059  182.18   0.056
OGLE-LMC-LPV-64903  13.919 16.796  180.54   0.164 1236      0.146  167.84   0.115
OGLE-LMC-LPV-64908  13.831 16.749   89.80   0.106  464.9    0.045   81.91   0.029
OGLE-LMC-LPV-64921  14.288 16.683   77.33   0.066  746.8    0.162  444.2    0.062
OGLE-LMC-LPV-64926  13.976 16.367  141.86   0.123  283.4    0.119  382.4    0.057
OGLE-LMC-LPV-64934  14.487 16.944  142.31   0.093  514.4    0.166  471.3    0.080
OGLE-LMC-LPV-64936  14.033 17.440  111.36   0.151  131.68   0.080  905.8    0.057
OGLE-LMC-LPV-64940  13.978 16.564  271.5    0.172 1883      0.178  151.47   0.121
OGLE-LMC-LPV-64971  14.891 17.855  258.9    0.178  239.0    0.112 2538      0.080
OGLE-LMC-LPV-64977  14.719    -     90.42   0.074  732.6    0.072   62.33   0.030
OGLE-LMC-LPV-64983  14.570 17.791  174.99   0.235  261.2    0.134  436.9    0.078
OGLE-LMC-LPV-64988  15.213 18.508  100.23   0.075  899.3    0.153  177.49   0.058
OGLE-LMC-LPV-64993  13.778 16.962  230.5    0.204 7143      0.197  219.1    0.089
OGLE-LMC-LPV-64997  14.572 16.898   63.73   0.051  365.0    0.091   71.38   0.061
OGLE-LMC-LPV-65008  14.152 17.055  710.2    0.184 6289      0.117   89.24   0.050
OGLE-LMC-LPV-65014  14.258 17.152   96.05   0.121  765.1    0.098  165.34   0.094
OGLE-LMC-LPV-65027  14.256 17.012  352.1    0.310  598.1    0.105  476.4    0.094
OGLE-LMC-LPV-65035  14.254 17.113  332.2    0.284  596.3    0.093 3497      0.077
OGLE-LMC-LPV-65050  14.299 16.557   78.30   0.097 7353      0.139  138.79   0.074
OGLE-LMC-LPV-65057  14.739 16.623   50.89   0.050   77.71   0.035  478.0    0.025
OGLE-LMC-LPV-65075  13.846 15.861   90.77   0.081 1058      0.049  149.86   0.034
OGLE-LMC-LPV-65079  13.897 16.620  274.5    0.116  236.8    0.072  338.0    0.054
OGLE-LMC-LPV-65085  15.174 17.905  133.34   0.745  138.72   0.316 2833      0.174
OGLE-LMC-LPV-65124  14.167 17.250 1718      0.376  174.61   0.133 6897      0.108
OGLE-LMC-LPV-65129  13.858 17.209  101.29   0.098  981.4    0.097   98.28   0.056
OGLE-LMC-LPV-65130  14.249 16.869   91.02   0.186   84.57   0.137  165.62   0.123
OGLE-LMC-LPV-65132  14.681 16.454   46.392  0.058   55.88   0.038  101.26   0.027
OGLE-LMC-LPV-65134  14.391 17.288  122.62   0.093  909.1    0.156 1289      0.093
OGLE-LMC-LPV-65159  14.765 18.432  199.75   0.348  790.5    0.207  104.47   0.192
OGLE-LMC-LPV-65167  14.370 17.537  165.23   0.092  696.4    0.120  270.3    0.067
OGLE-LMC-LPV-65175  14.072 16.545  156.70   0.111  145.12   0.070  256.2    0.067
OGLE-LMC-LPV-65178  14.155 17.167  201.2    0.091  744.6    0.170  327.4    0.114
OGLE-LMC-LPV-65181  14.355 17.129  136.59   0.114  242.8    0.091 1292      0.072
OGLE-LMC-LPV-65188  14.121 16.875   88.57   0.048   93.16   0.047  156.10   0.048
OGLE-LMC-LPV-65197  15.042 16.820   77.77   0.154  711.7    0.047  375.7    0.045
OGLE-LMC-LPV-65215  14.622 16.536   94.65   0.053  716.8    0.055  100.73   0.047
OGLE-LMC-LPV-65219  14.328 16.498  211.8    0.134  167.62   0.095   97.36   0.049
OGLE-LMC-LPV-65247  12.837 16.382  239.1    0.453  437.4    0.239  187.09   0.122
OGLE-LMC-LPV-65249  13.886 16.623  288.1    0.159  309.2    0.117  169.66   0.063
OGLE-LMC-LPV-65265  14.534 17.960  194.91   0.188 1389      0.146  180.25   0.090
OGLE-LMC-LPV-65269  14.049 16.527  135.85   0.203  243.7    0.152 1082      0.097
OGLE-LMC-LPV-65271  15.275 18.919  156.72   0.101  148.57   0.058   94.94   0.052
OGLE-LMC-LPV-65273  15.110 17.342  108.56   0.385   56.47   0.142   57.41   0.091
OGLE-LMC-LPV-65277  14.431 17.003   77.51   0.051  563.1    0.074  435.5    0.042
OGLE-LMC-LPV-65291  14.261 16.507  151.08   0.047 1312      0.064  253.2    0.031
OGLE-LMC-LPV-65293  14.191 17.694  122.93   0.225  223.6    0.218  238.7    0.101
OGLE-LMC-LPV-65294  14.416 16.966  141.66   0.108 1105      0.111  136.91   0.050
OGLE-LMC-LPV-65301  13.758 17.255  156.37   0.235  300.8    0.251  168.78   0.175
OGLE-LMC-LPV-65303  14.162    -    247.5    0.406  167.11   0.114 2604      0.097
OGLE-LMC-LPV-65321  14.266 16.785  123.28   0.084  439.0    0.061   85.01   0.039
OGLE-LMC-LPV-65323  13.908 16.903  350.1    0.155 1406      0.457 1000      0.115
OGLE-LMC-LPV-65341  13.903 16.984  234.3    0.194  127.02   0.092  108.91   0.060
OGLE-LMC-LPV-65344  14.172 18.034  129.93   0.196  126.50   0.104  222.7    0.111
OGLE-LMC-LPV-65350  14.366 16.269   63.96   0.086  107.26   0.055   68.66   0.042
OGLE-LMC-LPV-65367  14.316    -     99.64   0.132  461.7    0.126   86.68   0.046
OGLE-LMC-LPV-65373  14.117 17.316  230.3    0.301  120.71   0.138  216.8    0.087
OGLE-LMC-LPV-65377  14.044 16.264  179.99   0.217   98.21   0.103  501.8    0.078
OGLE-LMC-LPV-65387  14.290    -    334.4    0.429  587.2    0.145  360.4    0.043
OGLE-LMC-LPV-65388  14.089 17.058  168.61   0.183 3922      0.276  172.86   0.084
OGLE-LMC-LPV-65397  13.996 16.573  198.09   0.179  111.84   0.098  215.2    0.066
OGLE-LMC-LPV-65415  14.769 17.263   84.64   0.055  589.6    0.102 4505      0.068
OGLE-LMC-LPV-65419  14.118 16.918  144.63   0.065  469.3    0.096  132.08   0.048
OGLE-LMC-LPV-65420  14.526    -     57.74   0.068  514.7    0.090   55.26   0.039
OGLE-LMC-LPV-65430  14.390 16.652  107.25   0.061  455.0    0.040   66.31   0.037
OGLE-LMC-LPV-65468  14.459    -     92.54   0.068  650.6    0.132  163.96   0.049
OGLE-LMC-LPV-65469  14.640 17.398  194.56   0.138  122.29   0.097  105.51   0.053
OGLE-LMC-LPV-65471  13.950 16.963  183.32   0.110 3546      0.162  300.6    0.076
OGLE-LMC-LPV-65478  14.079 17.588  215.1    0.172  316.5    0.284 1166      0.165
OGLE-LMC-LPV-65486  14.124 16.897   95.46   0.059  667.6    0.155 1669      0.102
OGLE-LMC-LPV-65492  14.113 16.414  281.8    0.777  319.3    0.134  134.46   0.102
OGLE-LMC-LPV-65507  14.560 16.680   60.12   0.055  297.5    0.063   95.42   0.053
OGLE-LMC-LPV-65510  14.231 17.573  227.9    0.221  121.27   0.137  218.4    0.137
OGLE-LMC-LPV-65522  13.882 16.399  972.8    0.403 3663      0.082  135.85   0.071
OGLE-LMC-LPV-65524  14.542 17.428  207.3    0.441  113.40   0.259  928.5    0.150
OGLE-LMC-LPV-65525  14.174 17.632  412.7    0.244  727.3    0.193 1256      0.110
OGLE-LMC-LPV-65529  14.213 16.620  108.91   0.103  891.3    0.103 1198      0.064
OGLE-LMC-LPV-65543  14.445 16.775  196.70   0.125 3650      0.095  190.22   0.053
OGLE-LMC-LPV-65553  14.542 16.906   74.93   0.092   63.96   0.048  119.13   0.047
OGLE-LMC-LPV-65555  14.907 17.276  137.48   0.131  646.0    0.096  186.99   0.066
OGLE-LMC-LPV-65562  14.324 16.807  138.77   0.100  461.9    0.067  130.53   0.051
OGLE-LMC-LPV-65574  14.667 16.328   80.70   0.107   77.90   0.082  629.7    0.064
OGLE-LMC-LPV-65579  14.961 17.041   96.19   0.168   50.74   0.075   90.44   0.070
OGLE-LMC-LPV-65582  14.159 17.786  239.3    0.232  123.17   0.126 1309      0.108
OGLE-LMC-LPV-65583  14.589 16.373   94.11   0.510 6250      0.076   38.231  0.047
OGLE-LMC-LPV-65589  15.440 17.598   68.34   0.065  192.60   0.036   60.18   0.028
OGLE-LMC-LPV-65593  14.148 17.585  227.2    0.292  121.91   0.157  119.19   0.097
OGLE-LMC-LPV-65597  14.057 16.372  122.62   0.137 1005      0.052  131.03   0.052
OGLE-LMC-LPV-65598  14.149 16.672   91.33   0.050  463.0    0.121  541.7    0.039
OGLE-LMC-LPV-65603  13.873 16.509  259.9    0.078 6536      0.058  137.01   0.054
OGLE-LMC-LPV-65627  14.466 16.722   68.15   0.074  523.8    0.059  111.14   0.054
OGLE-LMC-LPV-65629  14.291 16.682   73.35   0.091  384.0    0.072  351.5    0.060
OGLE-LMC-LPV-65631  14.146 17.865  121.88   0.133  430.1    0.123  128.50   0.079
OGLE-LMC-LPV-65639  14.253 17.206  108.83   0.143  114.17   0.117  224.3    0.093
OGLE-LMC-LPV-65660  14.393 17.527  392.6    0.521 6944      0.311 1198      0.131
OGLE-LMC-LPV-65663  13.720 16.937  106.13   0.067  782.5    0.074  271.6    0.048
OGLE-LMC-LPV-65674  14.511 17.206   74.77   0.108   72.41   0.074  720.5    0.071
OGLE-LMC-LPV-65675  14.181 17.666  474.8    0.520 2959      0.173  413.7    0.142
OGLE-LMC-LPV-65690  15.115 18.312   87.20   0.182  721.0    0.153   74.11   0.116
OGLE-LMC-LPV-65700  13.642 16.265  171.55   0.132 1783      0.116 1309      0.082
OGLE-LMC-LPV-65702  15.067 18.422  469.0    0.594 2967      0.756 6024      0.253
OGLE-LMC-LPV-65715  14.541 16.814  108.04   0.108  162.44   0.066  121.89   0.049
OGLE-LMC-LPV-65717  14.271 17.561  100.25   0.092  766.9    0.114  108.62   0.065
OGLE-LMC-LPV-65718  14.453 16.712   71.62   0.241  125.25   0.110  920.0    0.075
OGLE-LMC-LPV-65738  14.257 17.318   87.82   0.106   84.12   0.060   91.73   0.061
OGLE-LMC-LPV-65748  14.200 16.554  129.37   0.138  266.4    0.140  138.73   0.090
OGLE-LMC-LPV-65752  14.240 16.723  137.38   0.114 1148      0.137  241.0    0.050
OGLE-LMC-LPV-65756  14.111 16.873  199.58   0.267  107.55   0.091  285.2    0.065
OGLE-LMC-LPV-65758  14.687 17.680  200.3    0.179 4444      0.545  197.59   0.128
OGLE-LMC-LPV-65760  13.895 17.323  133.67   0.259  225.3    0.121  128.42   0.102
OGLE-LMC-LPV-65769  13.902 16.157  235.8    0.091 3953      0.273  560.2    0.095
OGLE-LMC-LPV-65776  14.254 17.344  179.37   0.130 1445      0.126  523.6    0.073
OGLE-LMC-LPV-65783  14.023 17.548  158.12   0.199  299.9    0.138  279.7    0.109
OGLE-LMC-LPV-65805  14.628 17.352  121.47   0.146  780.6    0.119  520.3    0.057
OGLE-LMC-LPV-65807  14.379 17.284  143.89   0.151  277.5    0.137  112.13   0.040
OGLE-LMC-LPV-65811  13.153 15.592  173.05   0.125 1488      0.074  272.8    0.067
OGLE-LMC-LPV-65817  14.331 18.105  115.66   0.215 1236      0.119  202.4    0.085
OGLE-LMC-LPV-65832  14.324 17.084   96.70   0.160  885.7    0.105   91.59   0.049
OGLE-LMC-LPV-65846  14.144 16.873  343.7    0.204 6410      0.102  177.24   0.102
OGLE-LMC-LPV-65848  14.235 17.511  210.7    0.302  112.35   0.163  107.64   0.081
OGLE-LMC-LPV-65854  13.925 16.330  128.57   0.092  209.7    0.064  122.68   0.049
OGLE-LMC-LPV-65857  15.227 17.472   56.12   0.115   98.04   0.089   92.40   0.084
OGLE-LMC-LPV-65859  13.823 16.029   95.70   0.066  889.7    0.090  109.30   0.041
OGLE-LMC-LPV-65865  14.628 16.909   53.12   0.037  290.8    0.047  171.73   0.048
OGLE-LMC-LPV-65867  14.174 17.451  315.8    0.285 1425      0.326  171.79   0.116
OGLE-LMC-LPV-65869  14.152 17.158  175.29   0.229  963.4    0.151  101.84   0.133
OGLE-LMC-LPV-65871  14.582 17.462  119.96   0.071 1056      0.127 1779      0.066
OGLE-LMC-LPV-65887  14.490 16.852  227.6    0.128 4184      0.064  204.6    0.058
OGLE-LMC-LPV-65889  15.118 17.236   50.67   0.055   87.92   0.037   56.14   0.036
OGLE-LMC-LPV-65898  14.208 16.938  227.5    0.182 1401      0.115  138.77   0.073
OGLE-LMC-LPV-65910  14.551 16.151   70.60   0.042   50.47   0.023  277.8    0.021
OGLE-LMC-LPV-65913  13.978 16.585  139.06   0.069  727.3    0.177  659.6    0.099
OGLE-LMC-LPV-65922  14.375 17.715   95.82   0.112   92.91   0.064  151.01   0.041
OGLE-LMC-LPV-65930  14.849 17.631  154.96   0.620  145.29   0.266 2404      0.185
OGLE-LMC-LPV-65933  14.113 17.290  106.20   0.099  715.8    0.108  174.49   0.072
OGLE-LMC-LPV-65935  13.997 16.418  132.35   0.152  900.1    0.165  128.60   0.064
OGLE-LMC-LPV-65950  14.015 16.905   93.56   0.073   60.37   0.058  119.59   0.046
OGLE-LMC-LPV-65959  14.069 16.416   81.93   0.079  177.87   0.056   74.09   0.038
OGLE-LMC-LPV-65960  13.922 16.540  156.32   0.150  326.9    0.107  256.7    0.086
OGLE-LMC-LPV-65976  14.979 18.040  150.22   0.096 3759      0.173  198.61   0.098
OGLE-LMC-LPV-65978  14.072 17.211  238.6    0.211  136.61   0.066  171.14   0.051
OGLE-LMC-LPV-65979  14.463 18.058  113.93   0.131  963.4    0.200  192.20   0.099
OGLE-LMC-LPV-65989  14.478 16.657   91.08   0.046  511.0    0.085  425.0    0.057
OGLE-LMC-LPV-66008  14.609 16.569   91.04   0.055  298.2    0.064  218.1    0.053
OGLE-LMC-LPV-66016  14.201 17.339  147.70   0.148  228.6    0.110  704.7    0.097
OGLE-LMC-LPV-66021  14.572 16.303   87.49   0.118  642.3    0.086   82.56   0.078
OGLE-LMC-LPV-66026  14.218 17.606  241.6    0.110  280.7    0.070  313.6    0.073
OGLE-LMC-LPV-66042  14.412 16.762  101.34   0.076  254.5    0.056   61.92   0.043
OGLE-LMC-LPV-66053  14.653 16.916  142.46   0.148  257.6    0.075  124.13   0.069
OGLE-LMC-LPV-66065  14.688 17.033  161.40   0.225  149.54   0.086  166.56   0.063
OGLE-LMC-LPV-66082  15.032 16.881   63.82   0.029  327.9    0.021   64.97   0.020
OGLE-LMC-LPV-66085  13.914 16.195  169.70   0.131  150.85   0.061 1587      0.052
OGLE-LMC-LPV-66100  14.113 16.757  281.0    0.142 1206      0.111  271.4    0.068
OGLE-LMC-LPV-66101  14.471 16.519   60.55   0.111   65.38   0.081  738.0    0.077
OGLE-LMC-LPV-66106  13.948 16.661  156.64   0.073 1613      0.201  165.92   0.079
OGLE-LMC-LPV-66110  14.244 16.825  112.22   0.047 2882      0.084  823.7    0.053
OGLE-LMC-LPV-66124  14.183 15.819  108.52   0.164   57.95   0.033  112.97   0.027
OGLE-LMC-LPV-66127  14.565 17.784   90.44   0.123  646.4    0.123  460.4    0.118
OGLE-LMC-LPV-66128  14.286 17.471  208.4    0.130  987.2    0.161  108.06   0.050
OGLE-LMC-LPV-66138  14.220 17.810  132.17   0.156  227.0    0.153  260.9    0.118
OGLE-LMC-LPV-66147  14.869 16.927   62.28   0.028  405.5    0.059  233.5    0.048
OGLE-LMC-LPV-66157  14.651 16.619   53.50   0.048  298.6    0.050  156.76   0.033
OGLE-LMC-LPV-66164  14.154 17.052  107.27   0.174  175.07   0.094  101.33   0.084
OGLE-LMC-LPV-66168  14.236 17.268  218.7    0.371  116.25   0.217  120.38   0.124
OGLE-LMC-LPV-66178  14.324 17.120   91.42   0.093  151.08   0.069  160.41   0.050
OGLE-LMC-LPV-66183  14.615 16.506  111.50   0.240  104.87   0.139  707.7    0.096
OGLE-LMC-LPV-66189  14.146 16.934  172.05   0.173  312.3    0.106  183.72   0.091
OGLE-LMC-LPV-66190  14.897 18.145  180.56   0.245  481.0    0.200 4032      0.124
OGLE-LMC-LPV-66209  15.015 16.967   52.73   0.069  772.8    0.058   50.59   0.046
OGLE-LMC-LPV-66210  14.538 16.532   61.50   0.096  686.8    0.070   55.43   0.062
OGLE-LMC-LPV-66220  12.817 15.073  202.6    0.213 1131      0.058  207.6    0.032
OGLE-LMC-LPV-66223  14.246 18.188  146.76   0.240  291.5    0.174  267.0    0.117
OGLE-LMC-LPV-66226  16.139 19.675  160.45   0.069   92.56   0.044 1488      0.034
OGLE-LMC-LPV-66228  14.048 16.704  153.40   0.148 1686      0.313  145.10   0.111
OGLE-LMC-LPV-66237  14.339 18.234  134.17   0.178  150.63   0.089  788.0    0.080
OGLE-LMC-LPV-66247  14.800 18.261  183.34   0.172 1287      0.157  169.78   0.099
OGLE-LMC-LPV-66254  14.122 16.802   89.36   0.063   84.42   0.052  507.6    0.053
OGLE-LMC-LPV-66265  14.237 17.693  204.6    0.210 2882      0.302  178.95   0.120
OGLE-LMC-LPV-66270  14.329 18.365  140.91   0.221  253.7    0.202  237.2    0.106
OGLE-LMC-LPV-66281  14.449 17.097  313.4    0.247  248.6    0.156 2364      0.139
OGLE-LMC-LPV-66287  14.335 16.060  139.52   0.603  120.66   0.248  156.96   0.169
OGLE-LMC-LPV-66300  14.148 16.150  144.51   0.114  147.99   0.061  155.11   0.044
OGLE-LMC-LPV-66301  14.287 17.737  248.7    0.374 2169      0.751  501.8    0.417
OGLE-LMC-LPV-66318  15.081 17.037   46.247  0.032  635.3    0.046   84.41   0.024
OGLE-LMC-LPV-66324  13.907 16.348  147.22   0.152  299.6    0.147  276.9    0.090
OGLE-LMC-LPV-66328  14.231 17.851  113.55   0.242  115.75   0.137 2591      0.116
OGLE-LMC-LPV-66331  14.430 16.827  144.68   0.065 1802      0.116  279.8    0.066
OGLE-LMC-LPV-66347  14.461 17.183   74.02   0.054  452.3    0.091  530.5    0.063
OGLE-LMC-LPV-66354  14.444 15.972   72.71   0.324   73.65   0.207  139.92   0.128
OGLE-LMC-LPV-66360  14.786 16.856   56.66   0.048  741.8    0.054   83.89   0.038
OGLE-LMC-LPV-66362  14.026 16.666  116.27   0.089 2985      0.126  304.8    0.112
OGLE-LMC-LPV-66369  13.881 16.538  100.80   0.062  580.4    0.089  513.9    0.042
OGLE-LMC-LPV-66375  14.467 17.050   85.71   0.170  137.78   0.093  155.79   0.073
OGLE-LMC-LPV-66384  14.109 17.478  233.6    0.424 1364      0.124  127.88   0.121
OGLE-LMC-LPV-66392  14.210 17.312  117.37   0.137  210.0    0.084  192.34   0.072
OGLE-LMC-LPV-66396  14.498 16.866  163.21   0.774 5988      0.300  158.50   0.145
OGLE-LMC-LPV-66397  14.194 17.624  212.4    0.214  121.42   0.123 1495      0.111
OGLE-LMC-LPV-66410  14.164 17.716  437.8    0.436  234.2    0.205  388.2    0.109
OGLE-LMC-LPV-66439  14.591 16.241   46.937  0.033  418.2    0.034   73.38   0.027
OGLE-LMC-LPV-66479  14.203 16.471  264.3    0.300  238.3    0.123  136.76   0.081
OGLE-LMC-LPV-66480  14.383 17.042   99.34   0.099  723.1    0.155  589.3    0.094
OGLE-LMC-LPV-66481  14.690 16.923  120.85   0.203   75.67   0.097  654.5    0.093
OGLE-LMC-LPV-66483  14.525 16.492  110.04   0.087  612.7    0.078 6849      0.040
OGLE-LMC-LPV-66485  14.275 17.672  201.6    0.293 1147      0.219  347.2    0.090
OGLE-LMC-LPV-66486  13.953 17.603  123.86   0.112  330.1    0.079  388.8    0.050
OGLE-LMC-LPV-66487  14.016 17.008  181.55   0.190  461.7    0.231  723.6    0.109
OGLE-LMC-LPV-66494  14.870 17.505  198.86   0.383 1629      0.124  190.33   0.094
OGLE-LMC-LPV-66500  14.402 16.925   62.32   0.084  710.2    0.091 5618      0.061
OGLE-LMC-LPV-66506  14.192 17.453  168.08   0.129 2433      0.383  191.57   0.180
OGLE-LMC-LPV-66507  14.263 17.312  189.39   0.128 1669      0.152 3984      0.135
OGLE-LMC-LPV-66520  14.606 16.310   87.46   0.126   53.65   0.053   48.188  0.045
OGLE-LMC-LPV-66531  14.523 16.217   50.19   0.060  736.4    0.094   85.70   0.056
OGLE-LMC-LPV-66535  14.545 18.027  468.4    0.351  417.5    0.124  327.8    0.096
OGLE-LMC-LPV-66536  14.589 16.157   83.88   0.089   49.008  0.069   81.12   0.046
OGLE-LMC-LPV-66546  14.004 16.672  112.91   0.161  213.4    0.140  174.73   0.055
OGLE-LMC-LPV-66549  13.878 16.143  135.94   0.082 1010      0.131  128.92   0.059
OGLE-LMC-LPV-66550  14.040 16.500  146.59   0.160  276.2    0.113  151.63   0.080
OGLE-LMC-LPV-66551  14.384 16.666  170.60   0.225   91.79   0.070  151.61   0.072
OGLE-LMC-LPV-66557  14.445 16.781   95.76   0.079 1190      0.085  101.35   0.036
OGLE-LMC-LPV-66561  14.231 17.681  123.72   0.163  158.58   0.085  538.5    0.078
OGLE-LMC-LPV-66568  13.940 16.915  181.76   0.170 2519      0.108  287.0    0.068
OGLE-LMC-LPV-66569  14.209 17.131  210.0    0.352 6250      0.092  111.97   0.082
OGLE-LMC-LPV-66586  13.588 16.514  227.6    0.274  430.1    0.144  340.4    0.074
OGLE-LMC-LPV-66592  14.384 16.421  103.70   0.056  314.4    0.052  387.6    0.049
OGLE-LMC-LPV-66602  13.840 16.532  101.30   0.048  734.2    0.152 7042      0.083
OGLE-LMC-LPV-66604  14.549 16.891  101.20   0.234  962.5    0.189   93.27   0.109
OGLE-LMC-LPV-66607  13.783 16.895  224.4    0.168 2625      0.198  404.7    0.148
OGLE-LMC-LPV-66619  15.078 17.680 1245      0.267  802.6    0.214  687.8    0.203
OGLE-LMC-LPV-66630  14.337 17.634  245.3    0.549  260.6    0.214  126.97   0.190
OGLE-LMC-LPV-66646  14.197 17.223  215.0    0.162  112.25   0.089  201.9    0.092
OGLE-LMC-LPV-66647  14.208 16.896  100.81   0.281  178.16   0.115   95.20   0.091
OGLE-LMC-LPV-66669  14.172 17.368  123.80   0.217  248.8    0.161  207.5    0.078
OGLE-LMC-LPV-66673  15.289 18.759  359.3    0.320  318.4    0.129  971.8    0.091
OGLE-LMC-LPV-66682  14.459 17.495  177.27   0.169 2088      0.194  144.03   0.053
OGLE-LMC-LPV-66689  16.002 17.630   39.533  0.043  237.0    0.036   23.570  0.029
OGLE-LMC-LPV-66693  13.941 16.281  146.56   0.087  702.7    0.077  215.0    0.058
OGLE-LMC-LPV-66709  14.337 16.599   93.45   0.040  210.9    0.059  164.45   0.045
OGLE-LMC-LPV-66714  13.792 16.506  159.06   0.120 1451      0.110  326.9    0.053
OGLE-LMC-LPV-66717  13.743 16.734  203.2    0.137 6410      0.094  823.7    0.080
OGLE-LMC-LPV-66728  14.718 16.880   75.57   0.062 1232      0.096  126.36   0.064
OGLE-LMC-LPV-66730  14.446 17.103  215.8    0.089 6897      0.464  943.4    0.220
OGLE-LMC-LPV-66752  14.286 17.125  212.1    0.355  109.37   0.130  177.49   0.084
OGLE-LMC-LPV-66758  13.983 16.539  154.37   0.095 4167      0.076  148.85   0.049
OGLE-LMC-LPV-66768  14.167 17.131  239.6    0.580  193.42   0.104  275.2    0.088
OGLE-LMC-LPV-66771  14.120 16.964  169.08   0.144 1595      0.073  387.1    0.058
OGLE-LMC-LPV-66778  14.324 17.407   99.00   0.110  710.7    0.197  420.3    0.132
OGLE-LMC-LPV-66813  13.874 16.358  135.76   0.072 1010      0.129  253.8    0.070
OGLE-LMC-LPV-66817  14.381 16.959   97.22   0.037  498.3    0.116 1149      0.062
OGLE-LMC-LPV-66849  14.041 17.122  332.1    0.234 1515      0.211  185.15   0.132
OGLE-LMC-LPV-66855  14.227 17.742  124.84   0.174  117.72   0.125 1289      0.101
OGLE-LMC-LPV-66862  15.035 17.480   55.28   0.087   56.61   0.068  720.5    0.054
OGLE-LMC-LPV-66867  14.126 16.971 1143      0.391  801.9    0.194  138.47   0.051
OGLE-LMC-LPV-66871  13.979 16.676  279.3    0.148  169.03   0.065  244.4    0.051
OGLE-LMC-LPV-66891  14.966 17.666  120.76   0.173  235.5    0.125  216.1    0.071
OGLE-LMC-LPV-66902  14.459 17.198  299.6    0.263  177.18   0.081  218.9    0.068
OGLE-LMC-LPV-66915  14.360 16.963  294.1    0.228  655.7    0.109  961.5    0.078
OGLE-LMC-LPV-66949  15.084 17.315  115.04   0.614  169.55   0.075   75.67   0.071
OGLE-LMC-LPV-66961  14.728 16.885   60.52   0.102  104.90   0.094  803.9    0.063
OGLE-LMC-LPV-66981  15.139 18.372  464.0    0.520 4098      1.103  787.4    0.295
OGLE-LMC-LPV-66986  14.225 17.258  104.96   0.124  836.8    0.123   80.04   0.063
OGLE-LMC-LPV-66990  15.997 19.508  299.8    0.709 2532      0.864 1004      0.700
OGLE-LMC-LPV-67002  14.350 17.066  141.48   0.119  988.1    0.122  229.0    0.077
OGLE-LMC-LPV-67006  14.481 16.059  112.94   0.243 3058      0.091  108.81   0.056
OGLE-LMC-LPV-67016  14.831 16.956  112.58   0.264 7576      0.065  116.05   0.055
OGLE-LMC-LPV-67033  14.120 17.826  137.40   0.139  235.4    0.155  150.31   0.128
OGLE-LMC-LPV-67036  14.861 16.780   67.05   0.036  668.0    0.061  575.4    0.027
OGLE-LMC-LPV-67045  14.075 16.568  117.81   0.165 1587      0.254  201.7    0.164
OGLE-LMC-LPV-67046  14.246 17.410  131.75   0.157 7519      0.146  212.3    0.131
OGLE-LMC-LPV-67049  14.141 17.831  125.45   0.167  631.3    0.138  142.55   0.081
OGLE-LMC-LPV-67057  14.272 17.489   95.80   0.063  738.0    0.171  856.9    0.096
OGLE-LMC-LPV-67064  14.232 17.532  381.4    0.275 1379      0.110  160.90   0.084
OGLE-LMC-LPV-67076  14.006 16.963  177.18   0.123  415.3    0.123  318.3    0.088
OGLE-LMC-LPV-67082  14.034 16.945  168.06   0.108  938.1    0.102  224.5    0.082
OGLE-LMC-LPV-67100  14.029 16.657  153.75   0.053 1079      0.136 2618      0.067
OGLE-LMC-LPV-67106  13.857 16.453  152.88   0.135 1733      0.164 4926      0.075
OGLE-LMC-LPV-67112  14.578 16.621  125.31   0.096   74.64   0.048   77.94   0.044
OGLE-LMC-LPV-67114  16.787 20.820  148.70   0.106  393.5    0.100   85.19   0.062
OGLE-LMC-LPV-67130  13.891 16.497  102.68   0.249 1543      0.158  189.75   0.122
OGLE-LMC-LPV-67150  13.841 16.800  184.62   0.120  464.5    0.101 2985      0.085
OGLE-LMC-LPV-67156  14.225 17.537  367.5    0.312 3984      0.261  185.32   0.083
OGLE-LMC-LPV-67162  14.897 17.314  139.28   0.478  128.63   0.164  550.7    0.122
OGLE-LMC-LPV-67182  14.472 16.216   52.94   0.021  336.1    0.037   50.41   0.028
OGLE-LMC-LPV-67193  14.236 17.579   99.20   0.160  725.2    0.354  924.2    0.123
OGLE-LMC-LPV-67196  14.124 16.413  203.4    0.087  747.4    0.113  111.02   0.061
OGLE-LMC-LPV-67205  14.106 17.127  104.62   0.131  173.16   0.098 1256      0.087
OGLE-LMC-LPV-67212  14.530 16.845   69.69   0.100 2469      0.058   62.22   0.039
OGLE-LMC-LPV-67214  14.782 18.218  190.32   0.088 1020      0.077 2037      0.056
OGLE-LMC-LPV-67216  14.099 17.579  742.8    0.521 4505      0.106  102.38   0.109
OGLE-LMC-LPV-67217  14.387 15.893  170.79   0.305 1294      0.379  154.82   0.162
OGLE-LMC-LPV-67219  14.882 16.772   77.66   0.057  152.60   0.055  510.7    0.040
OGLE-LMC-LPV-67221  14.147 16.900  179.43   0.237  103.92   0.097   97.58   0.097
OGLE-LMC-LPV-67224  14.794 16.375   36.399  0.024  155.74   0.034  305.2    0.021
OGLE-LMC-LPV-67225  15.034 18.067  115.87   0.143 3509      0.360  201.0    0.103
OGLE-LMC-LPV-67228  14.389 16.618   79.83   0.072  439.6    0.104  666.7    0.056
OGLE-LMC-LPV-67243  13.797 16.720  199.34   0.323 2809      0.201  355.7    0.065
OGLE-LMC-LPV-67244  14.228 17.663  474.1    0.656  534.5    0.189  437.8    0.134
OGLE-LMC-LPV-67246  14.703 16.573   51.29   0.051  227.5    0.063  276.5    0.038
OGLE-LMC-LPV-67257  14.055 17.157  197.36   0.131 2183      0.283  344.5    0.118
OGLE-LMC-LPV-67268  15.183 17.989   76.77   0.111  943.4    0.086   81.70   0.064
OGLE-LMC-LPV-67285  14.091 17.750  156.73   0.231  308.7    0.171  165.81   0.161
OGLE-LMC-LPV-67287  13.674 15.920  185.43   0.051  935.5    0.099 1185      0.048
OGLE-LMC-LPV-67292  14.801 16.589   41.814  0.076   80.85   0.061  417.4    0.059
OGLE-LMC-LPV-67299  14.375 16.490  146.07   0.263   76.71   0.096 3984      0.077
OGLE-LMC-LPV-67306  13.245 16.095  242.4    0.178  418.6    0.139 2079      0.079
OGLE-LMC-LPV-67308  13.936 16.443   84.82   0.079  419.6    0.044  634.1    0.042
OGLE-LMC-LPV-67329  14.552 16.387  114.53   0.198   60.99   0.085  124.19   0.065
OGLE-LMC-LPV-67331  12.729 14.537  326.4    0.118  217.0    0.044  163.37   0.021
OGLE-LMC-LPV-67341  13.842 16.428  113.37   0.067 1348      0.133 2950      0.101
OGLE-LMC-LPV-67364  13.717 16.240  157.43   0.086 1342      0.145  904.2    0.089
OGLE-LMC-LPV-67369  14.382 16.438   82.14   0.032  568.2    0.072  116.28   0.040
OGLE-LMC-LPV-67374  14.407 17.927  106.42   0.128  544.1    0.161 6757      0.081
OGLE-LMC-LPV-67375  14.402 17.451  136.57   0.100  808.4    0.084  720.5    0.048
OGLE-LMC-LPV-67381  13.980 16.727  284.1    0.166 1592      0.107 2165      0.090
OGLE-LMC-LPV-67384  14.705 16.380   78.02   0.083   69.58   0.059  709.7    0.039
OGLE-LMC-LPV-67385  14.005 16.123  102.21   0.052  156.32   0.045   91.52   0.040
OGLE-LMC-LPV-67395  14.843 16.124   85.04   0.286   87.15   0.083   82.28   0.051
OGLE-LMC-LPV-67411  14.260 17.302   96.66   0.099  168.89   0.085  277.2    0.079
OGLE-LMC-LPV-67416  13.963 16.695  102.39   0.192  104.53   0.080  212.0    0.071
OGLE-LMC-LPV-67425  13.995 16.030   77.38   0.035  448.8    0.052  927.6    0.032
OGLE-LMC-LPV-67434  13.905 16.288   96.86   0.057  244.7    0.065  712.8    0.064
OGLE-LMC-LPV-67436  14.832 17.562  132.89   0.083   86.06   0.049 2688      0.047
OGLE-LMC-LPV-67441  14.331 17.436  108.59   0.140  202.0    0.063  110.77   0.057
OGLE-LMC-LPV-67449  14.602 16.640   66.36   0.029  414.8    0.070  273.1    0.044
OGLE-LMC-LPV-67460  14.442 16.720   68.34   0.041  370.1    0.041  236.1    0.038
OGLE-LMC-LPV-67482  14.824 17.729  130.82   0.147  639.8    0.154  127.32   0.082
OGLE-LMC-LPV-67493  14.821 17.866  151.39   0.137  960.6    0.089  160.54   0.089
OGLE-LMC-LPV-67505  14.420 18.519  241.7    0.242 1412      0.119  139.66   0.114
OGLE-LMC-LPV-67519  14.131 16.860  326.7    0.412  916.6    0.117  228.8    0.065
OGLE-LMC-LPV-67529  14.308 16.637   64.15   0.090  595.2    0.108   80.58   0.064
OGLE-LMC-LPV-67535  14.880 17.583  158.03   0.133  963.4    0.265  420.7    0.097
OGLE-LMC-LPV-67568  14.294 17.184  123.53   0.123  143.82   0.087  194.89   0.058
OGLE-LMC-LPV-67570  13.970 17.112  173.01   0.123  601.7    0.139  108.65   0.061
OGLE-LMC-LPV-67571  13.957 16.148  151.99   0.108  287.4    0.218 5952      0.141
OGLE-LMC-LPV-67578  13.956 17.474  132.73   0.116  125.31   0.079  138.97   0.075
OGLE-LMC-LPV-67587  14.879 16.430   67.38   0.095  560.9    0.051   38.013  0.036
OGLE-LMC-LPV-67588  13.645 17.018  120.06   0.120 1200      0.089   86.94   0.065
OGLE-LMC-LPV-67591  15.232 17.362   70.54   0.042   44.287  0.030  384.8    0.030
OGLE-LMC-LPV-67595  14.176 17.454  101.40   0.122  543.8    0.072  450.5    0.080
OGLE-LMC-LPV-67596  14.628 16.559   55.09   0.170   56.81   0.081  708.7    0.074
OGLE-LMC-LPV-67610  14.341 16.913   81.54   0.050  373.7    0.057  144.97   0.042
OGLE-LMC-LPV-67635  14.124 17.329  229.1    0.291  123.61   0.190  214.6    0.147
OGLE-LMC-LPV-67636  14.082 17.247  216.0    0.376 4386      0.147  114.92   0.118
OGLE-LMC-LPV-67656  14.662 16.205   63.36   0.025   60.90   0.023   57.06   0.020
OGLE-LMC-LPV-67674  14.715 16.450   66.42   0.088  234.2    0.044   96.66   0.038
OGLE-LMC-LPV-67699  14.202 16.606  301.2    0.172  460.6    0.122  180.73   0.105
OGLE-LMC-LPV-67710  14.262 18.141  259.0    0.338  136.46   0.211  197.32   0.066
OGLE-LMC-LPV-67718  14.546 16.613   70.99   0.034  465.3    0.065 1259      0.041
OGLE-LMC-LPV-67722  14.344 17.552  126.34   0.349  246.2    0.362  235.7    0.168
OGLE-LMC-LPV-67725  13.930 16.762  331.9    0.120  187.69   0.083  765.7    0.084
OGLE-LMC-LPV-67738  14.344 17.551   97.10   0.102 7353      0.499  716.3    0.261
OGLE-LMC-LPV-67754  13.075 15.657  468.9    0.365 2053      0.190  456.4    0.126
OGLE-LMC-LPV-67756  13.059 15.318  184.16   0.117  341.6    0.105  279.6    0.053
OGLE-LMC-LPV-67764  14.690 17.939  216.2    0.174  193.42   0.143  341.4    0.080
OGLE-LMC-LPV-67765  13.601 15.985  127.98   0.046  925.9    0.074 1238      0.030
OGLE-LMC-LPV-67780  14.099 16.880   95.81   0.072  168.29   0.075  142.13   0.051
OGLE-LMC-LPV-67792  14.162 16.794   87.98   0.088 1645      0.115  165.34   0.060
OGLE-LMC-LPV-67797  14.060 16.686  165.68   0.103  328.8    0.121  177.84   0.093
OGLE-LMC-LPV-67800  14.951 17.095   92.47   0.327  169.92   0.120   82.23   0.077
OGLE-LMC-LPV-67806  14.104 16.758  255.2    0.199 1661      0.204 1179      0.124
OGLE-LMC-LPV-67808  14.255 17.311  332.2    0.240  735.8    0.118  623.8    0.087
OGLE-LMC-LPV-67811  13.898 16.299  150.25   0.086 1339      0.075  139.57   0.055
OGLE-LMC-LPV-67814  14.906 17.251  108.85   0.060  485.4    0.149  417.0    0.102
OGLE-LMC-LPV-67822  14.314 17.433  121.27   0.098 1071      0.201  107.10   0.136
OGLE-LMC-LPV-67827  14.008 17.105  187.02   0.127  521.6    0.135  591.4    0.105
OGLE-LMC-LPV-67829  13.327 15.571  451.1    0.533  516.8    0.211 2532      0.114
OGLE-LMC-LPV-67834  13.102 15.753  452.3    0.275 1603      0.086  379.7    0.068
OGLE-LMC-LPV-67836  14.360 17.100  328.6    0.306 6579      0.151  181.49   0.094
OGLE-LMC-LPV-67842  14.412 16.187   84.10   0.045  408.5    0.055   56.75   0.031
OGLE-LMC-LPV-67848  15.217 17.531   59.29   0.039  260.4    0.055  310.2    0.037
OGLE-LMC-LPV-67853  13.946 15.896   96.04   0.039 1122      0.133   64.30   0.029
OGLE-LMC-LPV-67867  14.037 16.793  270.4    0.142 1269      0.183 1802      0.092
OGLE-LMC-LPV-67868  15.471 18.329  111.53   0.153   65.87   0.067  121.36   0.052
OGLE-LMC-LPV-67882  14.290 16.427  170.54   0.344  144.24   0.286  164.07   0.173
OGLE-LMC-LPV-67889  14.514 16.227   53.88   0.169  647.2    0.067   93.57   0.063
OGLE-LMC-LPV-67909  14.313 16.985  285.0    0.444  134.68   0.085 3717      0.075
OGLE-LMC-LPV-67920  13.508 16.194  169.95   0.109 1087      0.167 1575      0.071
OGLE-LMC-LPV-67936  15.000 17.251  122.17   0.710  129.13   0.180 1866      0.126
OGLE-LMC-LPV-67942  14.362 17.401  188.89   0.267  197.94   0.118  106.60   0.096
OGLE-LMC-LPV-67977  14.879 17.170   83.54   0.070  279.3    0.069  443.5    0.068
OGLE-LMC-LPV-67983  14.338 16.933  848.8    0.253  133.05   0.073  570.8    0.051
OGLE-LMC-LPV-67986  13.787 17.033  234.4    0.183 1148      0.148  193.80   0.086
OGLE-LMC-LPV-67993  13.581 16.122  231.1    0.105  888.1    0.059  151.42   0.056
OGLE-LMC-LPV-67996  14.879 16.657   67.63   0.035  232.6    0.034  133.07   0.020
OGLE-LMC-LPV-67998  14.381 16.137  104.19   0.108   59.61   0.081   90.23   0.042
OGLE-LMC-LPV-68001  14.133 17.385  161.79   0.168  797.4    0.163  565.9    0.149
OGLE-LMC-LPV-68003  14.251 17.179  150.58   0.171  907.4    0.228  196.16   0.093
OGLE-LMC-LPV-68005  13.821 15.078   90.83   0.054   85.81   0.022   80.70   0.019
OGLE-LMC-LPV-68009  14.434 16.990  111.26   0.084 1274      0.173  386.1    0.079
OGLE-LMC-LPV-68013  14.281 18.093  122.39   0.287  208.6    0.101 1543      0.047
OGLE-LMC-LPV-68029  14.008 17.039  311.2    0.142 1647      0.270  393.2    0.154
OGLE-LMC-LPV-68048  14.740 16.782   58.58   0.107   99.85   0.066   57.32   0.056
OGLE-LMC-LPV-68073  14.508 17.143  108.30   0.056  518.9    0.225 2020      0.142
OGLE-LMC-LPV-68092  15.623 19.070  395.7    0.490 1385      0.868 3390      0.530
OGLE-LMC-LPV-68099  14.027 16.585  239.9    0.113  158.30   0.091  347.8    0.061
OGLE-LMC-LPV-68110  14.192 17.123  101.72   0.065  709.7    0.162 1404      0.086
OGLE-LMC-LPV-68121  14.099 16.941  296.5    0.168 3546      0.104  171.79   0.111
OGLE-LMC-LPV-68126  14.149 16.753  138.33   0.111  797.4    0.079  508.6    0.052
OGLE-LMC-LPV-68146  14.240 17.162   97.65   0.212 1045      0.157  165.62   0.112
OGLE-LMC-LPV-68153  14.979 16.718   54.66   0.047  144.26   0.039   87.63   0.035
OGLE-LMC-LPV-68170  14.744 17.221   90.19   0.064  746.8    0.498 1996      0.380
OGLE-LMC-LPV-68183  14.845 16.603  114.45   0.252   93.03   0.195  120.82   0.142
OGLE-LMC-LPV-68192  14.536 18.031  101.60   0.205  105.66   0.088   94.67   0.078
OGLE-LMC-LPV-68200  14.045 16.331  235.8    0.148  134.54   0.094  147.17   0.053
OGLE-LMC-LPV-68213  13.376 15.627  149.33   0.072  162.47   0.047  969.9    0.047
OGLE-LMC-LPV-68223  14.213 17.027  174.93   0.241  368.2    0.099  325.0    0.094
OGLE-LMC-LPV-68227  14.219 16.014  119.22   0.708  398.4    0.126  123.08   0.123
OGLE-LMC-LPV-68235  13.756 16.216 1219      0.414  134.39   0.102  234.5    0.053
OGLE-LMC-LPV-68241  14.240 17.169  427.4    0.206  594.5    0.106  326.3    0.070
OGLE-LMC-LPV-68265  14.316 17.489  114.05   0.198  212.4    0.180  121.91   0.105
OGLE-LMC-LPV-68266  14.711 18.038  149.61   0.145  402.4    0.192  704.7    0.136
OGLE-LMC-LPV-68267  14.257 16.692  123.08   0.077  456.6    0.138  298.3    0.064
OGLE-LMC-LPV-68274  14.172 17.199  278.0    0.323  638.6    0.081 1218      0.095
OGLE-LMC-LPV-68282  14.256 17.249   98.20   0.160 1009      0.126   91.01   0.097
OGLE-LMC-LPV-68300  14.740 17.441  116.17   0.044 2288      0.311  926.8    0.214
OGLE-LMC-LPV-68307  13.792 16.649 1351      0.487 6024      0.150  317.7    0.102
OGLE-LMC-LPV-68312  14.602 16.946   85.04   0.131  156.52   0.101  842.5    0.078
OGLE-LMC-LPV-68319  14.627 17.109  209.8    0.272  226.9    0.115 1013      0.067
OGLE-LMC-LPV-68322  14.230 16.644  993.6    0.325  125.71   0.105 4255      0.101
OGLE-LMC-LPV-68325  14.273 16.995   89.31   0.080  681.7    0.095  545.9    0.071
OGLE-LMC-LPV-68337  14.390 18.406  240.3    0.269  134.05   0.209 4065      0.154
OGLE-LMC-LPV-68363  13.861 16.369  146.54   0.095 1167      0.118  237.2    0.062
OGLE-LMC-LPV-68375  14.479 16.860  122.33   0.063  131.80   0.051   79.20   0.038
OGLE-LMC-LPV-68386  14.005 16.458  131.13   0.065 1058      0.091  719.4    0.055
OGLE-LMC-LPV-68404  14.207 16.495   85.74   0.073  718.9    0.081  225.2    0.047
OGLE-LMC-LPV-68421  14.423 17.159  138.47   0.146  142.76   0.117 1642      0.107
OGLE-LMC-LPV-68427  14.204 17.356  337.3    0.306  179.53   0.158  376.1    0.091
OGLE-LMC-LPV-68429  14.450 16.602  118.64   0.034  319.4    0.076  942.5    0.062
OGLE-LMC-LPV-68451  14.196 16.444  255.3    0.179  230.6    0.092  132.21   0.069
OGLE-LMC-LPV-68454  14.106 16.592  244.6    0.146  504.3    0.118  155.69   0.059
OGLE-LMC-LPV-68469  13.930 17.584  121.32   0.120  633.3    0.140 1280      0.121
OGLE-LMC-LPV-68476  14.277 17.185  105.99   0.088  182.75   0.089  190.15   0.064
OGLE-LMC-LPV-68483  14.164 17.699  139.90   0.330  280.0    0.302  146.50   0.137
OGLE-LMC-LPV-68496  14.734 16.417   74.60   0.065   46.458  0.038   44.823  0.034
OGLE-LMC-LPV-68501  15.298 17.242   75.40   0.132  472.6    0.098   66.85   0.080
OGLE-LMC-LPV-68512  14.043 16.570  177.10   0.154 1297      0.133  274.5    0.105
OGLE-LMC-LPV-68523  14.450 17.049   94.10   0.053  389.1    0.045   72.29   0.039
OGLE-LMC-LPV-68537  13.977 17.149  117.43   0.112  948.8    0.118  112.17   0.074
OGLE-LMC-LPV-68541  14.513 17.031   85.89   0.123  165.45   0.087   88.99   0.067
OGLE-LMC-LPV-68545  14.576 16.192   99.53   0.382  156.23   0.090   95.52   0.081
OGLE-LMC-LPV-68559  12.746 16.183  362.7    0.296 1156      0.149  131.56   0.089
OGLE-LMC-LPV-68578  15.051 17.372   57.94   0.148  486.1    0.117  104.88   0.117
OGLE-LMC-LPV-68580  14.544 16.334   97.14   0.184   92.43   0.101  543.8    0.067
OGLE-LMC-LPV-68581  14.249 16.640   78.88   0.158   80.43   0.084  896.1    0.077
OGLE-LMC-LPV-68584  14.443 17.054  185.71   0.250  978.5    0.109  100.75   0.090
OGLE-LMC-LPV-68585  14.019 16.652  247.3    0.136  650.2    0.146 1220      0.062
OGLE-LMC-LPV-68586  14.402 16.852  152.53   0.135 2304      0.266  143.84   0.105
OGLE-LMC-LPV-68592  14.494 17.007   73.27   0.101  904.2    0.102  129.07   0.068
OGLE-LMC-LPV-68594  14.462 16.573  140.63   0.132  127.29   0.106  149.14   0.092
OGLE-LMC-LPV-68597  14.032 17.145  181.88   0.209  316.4    0.171  409.2    0.126
OGLE-LMC-LPV-68606  13.863 16.235  115.73   0.144  185.43   0.090  648.9    0.053
OGLE-LMC-LPV-68642  14.317 17.034  303.5    0.220  398.2    0.063 1263      0.044
OGLE-LMC-LPV-68653  13.915 17.762  158.76   0.147  259.5    0.133  165.37   0.123
OGLE-LMC-LPV-68655  14.178 16.611  299.2    0.386  312.9    0.125  334.2    0.089
OGLE-LMC-LPV-68669  14.077 16.599  213.2    0.116  383.6    0.101  311.5    0.089
OGLE-LMC-LPV-68677  13.983 17.348  466.2    0.382  219.9    0.146  948.8    0.110
OGLE-LMC-LPV-68690  13.927 16.498  145.60   0.078 1261      0.125  308.6    0.071
OGLE-LMC-LPV-68702  14.200 17.134  327.3    0.307  377.2    0.218  222.7    0.109
OGLE-LMC-LPV-68706  14.239 18.012  119.62   0.174  196.62   0.107  111.74   0.081
OGLE-LMC-LPV-68738  14.302 17.811  424.3    0.285 1745      0.211 1397      0.080
OGLE-LMC-LPV-68740  14.635 16.372   49.432  0.059  725.7    0.079   88.06   0.052
OGLE-LMC-LPV-68744  14.695 16.523   74.49   0.036   57.68   0.031 2179      0.025
OGLE-LMC-LPV-68752  14.567 17.381   83.39   0.084  489.7    0.083  620.3    0.042
OGLE-LMC-LPV-68756  14.178 17.566   88.68   0.051  713.3    0.162  971.8    0.138
OGLE-LMC-LPV-68769  14.075 17.024 1250      0.822 4032      0.219 1005      0.151
OGLE-LMC-LPV-68772  14.031 17.284  402.6    0.318  860.6    0.139  550.1    0.074
OGLE-LMC-LPV-68793  14.228 16.980   93.76   0.148  180.15   0.072  152.39   0.069
OGLE-LMC-LPV-68841  13.843 16.446  142.80   0.086 3279      0.077  653.2    0.045
OGLE-LMC-LPV-68844  15.061 17.924  179.28   0.169  633.3    0.414 1333      0.267
OGLE-LMC-LPV-68848  14.160 16.880  190.37   0.047 3145      0.574  808.4    0.134
OGLE-LMC-LPV-68878  14.519 17.216  107.38   0.087  494.8    0.206  714.3    0.120
OGLE-LMC-LPV-68879  15.158 17.346   50.27   0.123  619.6    0.101   82.70   0.045
OGLE-LMC-LPV-68895  13.706 15.940   85.11   0.025 1006      0.075  300.5    0.028
OGLE-LMC-LPV-68896  14.805 16.595   76.54   0.046  409.3    0.037   43.699  0.032
OGLE-LMC-LPV-68897  16.408 18.697   47.649  0.030 4237      0.041  179.18   0.025
OGLE-LMC-LPV-68904  14.235 17.799  120.80   0.192  126.71   0.170  114.42   0.094
OGLE-LMC-LPV-68905  13.907 16.958  368.0    0.209 1658      0.221  285.3    0.141
OGLE-LMC-LPV-68949  14.194 17.366  106.62   0.164  540.5    0.142  670.2    0.098
OGLE-LMC-LPV-68959  15.132 17.696   55.29   0.059  716.3    0.045   64.61   0.041
OGLE-LMC-LPV-68969  14.563 16.273   73.29   0.052  373.0    0.049  585.1    0.036
OGLE-LMC-LPV-68975  14.497 16.854   70.90   0.109   69.98   0.091  741.3    0.073
OGLE-LMC-LPV-68986  14.240 17.314  157.75   0.145  488.5    0.204  953.3    0.096
OGLE-LMC-LPV-69008  14.200 17.183  104.06   0.111   97.30   0.077 1316      0.064
OGLE-LMC-LPV-69010  14.286 16.489  113.26   0.109  209.5    0.072  714.8    0.062
OGLE-LMC-LPV-69011  14.364 16.720   76.47   0.123  713.8    0.159  136.48   0.115
OGLE-LMC-LPV-69031  14.320 17.905  452.5    0.660 1034      0.195 2890      0.174
OGLE-LMC-LPV-69036  14.906 17.026   70.53   0.039 1616      0.036   78.06   0.029
OGLE-LMC-LPV-69061  13.818 16.527  299.1    0.060 1372      0.128 2890      0.087
OGLE-LMC-LPV-69066  19.008 20.563  507.1    0.605 4098      0.880  585.5    0.141
OGLE-LMC-LPV-69068  14.280 17.038   90.83   0.141   97.90   0.101   88.22   0.077
OGLE-LMC-LPV-69080  14.034 17.369  106.91   0.070  800.0    0.221  657.5    0.060
OGLE-LMC-LPV-69082  14.361 16.724  233.0    0.131  129.02   0.098  247.9    0.085
OGLE-LMC-LPV-69083  14.077 17.072  230.2    0.439  120.16   0.151  250.6    0.097
OGLE-LMC-LPV-69085  14.329 16.727   84.33   0.116   81.63   0.078  142.25   0.070
OGLE-LMC-LPV-69091  14.023 17.276  228.1    0.205 2890      0.262  441.5    0.126
OGLE-LMC-LPV-69100  14.097 17.363  441.5    0.618  231.8    0.150  508.4    0.111
OGLE-LMC-LPV-69101  13.046 15.284  199.94   0.134  301.0    0.056  708.2    0.059
OGLE-LMC-LPV-69110  14.095 17.329  102.53   0.059  781.2    0.094  105.08   0.056
OGLE-LMC-LPV-69113  14.715 17.265  107.53   0.065 3759      0.087  192.16   0.037
OGLE-LMC-LPV-69117  14.681 17.273   95.94   0.062 2299      0.157  154.42   0.049
OGLE-LMC-LPV-69118  14.108 16.416  220.2    0.131  131.23   0.116  340.3    0.099
OGLE-LMC-LPV-69128  14.155 17.026  314.5    0.185  180.96   0.128  386.7    0.110
OGLE-LMC-LPV-69147  14.362 18.289  120.44   0.136 1292      0.132  714.3    0.086
OGLE-LMC-LPV-69164  14.525 17.423   81.69   0.134  141.34   0.085  483.3    0.052
OGLE-LMC-LPV-69180  17.715 20.288   97.02   0.044  390.6    0.085 1603      0.067
OGLE-LMC-LPV-69191  14.505 17.543   89.77   0.063 2410      0.114  956.9    0.090
OGLE-LMC-LPV-69196  14.398 16.911   76.07   0.084  589.6    0.098  440.5    0.046
OGLE-LMC-LPV-69204  14.270 17.492  110.84   0.158  648.5    0.114  117.23   0.067
OGLE-LMC-LPV-69224  14.599 17.059  128.94   0.155   72.69   0.108 1304      0.072
OGLE-LMC-LPV-69236  14.209 16.851   96.33   0.181  171.85   0.124 1325      0.087
OGLE-LMC-LPV-69245  14.401 16.429  120.71   0.463  499.5    0.155  136.20   0.138
OGLE-LMC-LPV-69252  14.481 17.665  165.51   0.135 1443      0.211  328.4    0.070
OGLE-LMC-LPV-69259  13.956 17.194  487.3    0.445 1484      0.149  222.2    0.116
OGLE-LMC-LPV-69280  14.890 16.879   65.47   0.048  480.8    0.067  102.57   0.042
OGLE-LMC-LPV-69284  14.855 16.747   47.239  0.039  468.2    0.036   68.93   0.032
OGLE-LMC-LPV-69303  14.361 16.298  140.97   0.495  134.70   0.383 2899      0.304
OGLE-LMC-LPV-69335  14.009    -    163.77   0.128  936.3    0.148  108.15   0.061
OGLE-LMC-LPV-69339  14.329 17.187  233.9    0.402  121.08   0.201  208.7    0.091
OGLE-LMC-LPV-69344  14.293 16.877   79.22   0.100   82.31   0.067  449.0    0.059
OGLE-LMC-LPV-69346  12.371 13.498   91.24   0.222   85.14   0.092   95.39   0.068
OGLE-LMC-LPV-69357  14.004 16.748  149.05   0.098 1779      0.132  137.63   0.050
OGLE-LMC-LPV-69358  14.047 16.578  140.26   0.100  147.21   0.069  560.2    0.064
OGLE-LMC-LPV-69378  14.153 17.636  111.80   0.126  711.2    0.091  180.60   0.050
OGLE-LMC-LPV-69381  14.600 16.807   99.93   0.074   62.40   0.058  300.6    0.049
OGLE-LMC-LPV-69387  13.659 15.790  111.36   0.030 1309      0.042  170.42   0.029
OGLE-LMC-LPV-69406  13.384 16.379  236.8    0.283  411.7    0.114  269.7    0.059
OGLE-LMC-LPV-69412  14.173 16.741  130.26   0.090  253.4    0.050   72.33   0.041
OGLE-LMC-LPV-69418  14.896 17.546   97.03   0.111  508.9    0.175  605.0    0.191
OGLE-LMC-LPV-69423  13.609 16.343  137.18   0.251  248.6    0.152 1212      0.091
OGLE-LMC-LPV-69431  15.132 17.303   58.15   0.159  726.7    0.103  104.34   0.065
OGLE-LMC-LPV-69442  14.057 16.764  158.63   0.142  961.5    0.138  762.8    0.077
OGLE-LMC-LPV-69457  14.314 17.056  209.6    0.512  108.07   0.196  200.4    0.091
OGLE-LMC-LPV-69459  14.564 18.116  201.6    0.140 4016      0.282 1071      0.180
OGLE-LMC-LPV-69465  14.118 16.673  137.31   0.098 1560      0.061  149.48   0.051
OGLE-LMC-LPV-69513  14.293 16.986  211.8    0.150  712.8    0.126 1486      0.099
OGLE-LMC-LPV-69518  14.812 16.733   74.49   0.041   49.159  0.032  141.36   0.027
OGLE-LMC-LPV-69520  14.189 17.159  229.2    0.218  242.6    0.173  130.46   0.121
OGLE-LMC-LPV-69529  15.232 17.922   54.33   0.066   55.77   0.055   53.10   0.045
OGLE-LMC-LPV-69536  14.201 16.878  105.02   0.248  194.70   0.192  102.68   0.105
OGLE-LMC-LPV-69550  15.206 18.076  106.22   0.093  483.3    0.071   67.42   0.056
OGLE-LMC-LPV-69558  13.896 17.071  111.90   0.130  591.0    0.069  109.66   0.067
OGLE-LMC-LPV-69568  13.873 16.793  172.89   0.140 2381      0.297  159.41   0.073
OGLE-LMC-LPV-69569  13.731 16.135  130.17   0.106  709.7    0.107  554.9    0.065
OGLE-LMC-LPV-69585  14.648 16.791  131.48   0.252 4525      0.163  116.92   0.125
OGLE-LMC-LPV-69586  14.144 17.889  132.58   0.215  124.49   0.080  610.5    0.051
OGLE-LMC-LPV-69600  14.772 18.218  354.0    0.657  987.2    0.160  417.7    0.108
OGLE-LMC-LPV-69631  14.400 17.525   78.80   0.125  137.76   0.078  172.03   0.052
OGLE-LMC-LPV-69633  14.109 16.926  105.45   0.121  958.8    0.126  100.66   0.112
OGLE-LMC-LPV-69643  13.769 16.292  104.90   0.075  529.7    0.084  979.4    0.043
OGLE-LMC-LPV-69656  14.171 16.705  198.18   0.683  187.76   0.139 3559      0.119
OGLE-LMC-LPV-69661  14.777 16.529   47.581  0.060   49.613  0.039  122.55   0.025
OGLE-LMC-LPV-69665  14.022 17.666  124.34   0.314  634.5    0.136   82.87   0.082
OGLE-LMC-LPV-69675  14.539 17.087  786.7    0.397  231.1    0.117 1295      0.083
OGLE-LMC-LPV-69676  14.381 17.415   95.80   0.277  169.95   0.155   97.88   0.127
OGLE-LMC-LPV-69679  14.827 16.644   44.232  0.030  188.39   0.061  336.8    0.032
OGLE-LMC-LPV-69687  13.190 15.586  181.39   0.104 1468      0.224  193.05   0.064
OGLE-LMC-LPV-69690  14.185 17.500  134.50   0.103 3663      0.342  135.48   0.101
OGLE-LMC-LPV-69691  14.458 17.076  142.70   0.194  255.4    0.127  290.2    0.070
OGLE-LMC-LPV-69702  14.020 16.697  153.02   0.065 1359      0.162  971.8    0.046
OGLE-LMC-LPV-69713  14.151 16.624   86.06   0.164  912.4    0.130   90.30   0.080
OGLE-LMC-LPV-69723  14.256 17.328   99.55   0.189  888.9    0.095   98.14   0.087
OGLE-LMC-LPV-69730  14.137 16.908  316.2    0.327 1091      0.146  427.0    0.093
OGLE-LMC-LPV-69734  14.122 16.905  138.24   0.121 1567      0.165  920.0    0.074
OGLE-LMC-LPV-69736  14.245 17.799  111.33   0.167  199.96   0.123 1067      0.109
OGLE-LMC-LPV-69761  14.710 16.526   80.42   0.044  664.5    0.035   53.70   0.031
OGLE-LMC-LPV-69762  14.328 16.824  191.42   0.430  182.95   0.294 1562      0.165
OGLE-LMC-LPV-69778  15.140 17.798  109.01   0.229   62.36   0.119   78.70   0.063
OGLE-LMC-LPV-69794  14.147 17.247  216.2    0.241  205.6    0.107  118.23   0.090
OGLE-LMC-LPV-69837  14.063 16.965  363.5    0.439  175.99   0.152  390.2    0.134
OGLE-LMC-LPV-69843  15.403 18.399  250.5    0.738 3861      0.464  217.9    0.216
OGLE-LMC-LPV-69884  13.695 16.579  196.08   0.195 2165      0.357  297.2    0.105
OGLE-LMC-LPV-69885  14.385 17.613  103.39   0.115  728.9    0.123  339.8    0.086
OGLE-LMC-LPV-69897  14.217 17.272   93.84   0.122  262.5    0.098  145.82   0.089
OGLE-LMC-LPV-69910  13.920 16.587  291.4    0.222  152.81   0.074 1645      0.067
OGLE-LMC-LPV-69911  13.985 16.724  156.47   0.090 1144      0.359  260.6    0.094
OGLE-LMC-LPV-69912  14.370 16.327  136.74   0.237  143.55   0.147  133.01   0.126
OGLE-LMC-LPV-69941  14.852 16.775   73.50   0.062  188.89   0.056   49.903  0.047
OGLE-LMC-LPV-69956  14.563 17.070  103.35   0.171  562.4    0.200  200.8    0.081
OGLE-LMC-LPV-69969  14.229 17.177   96.68   0.136  671.1    0.096   91.58   0.086
OGLE-LMC-LPV-69979  14.558 18.325  119.10   0.166  116.06   0.077  113.64   0.077
OGLE-LMC-LPV-70004  14.396 17.218  220.0    0.183  892.9    0.187  732.6    0.087
OGLE-LMC-LPV-70008  14.224 16.708  181.69   0.355   96.69   0.101  228.9    0.071
OGLE-LMC-LPV-70029  14.860 17.379  139.19   0.756  145.05   0.181  178.99   0.097
OGLE-LMC-LPV-70034  15.120 17.236   48.088  0.157   85.08   0.104  752.4    0.069
OGLE-LMC-LPV-70043  13.901 16.280  115.82   0.046 1059      0.120 2513      0.056
OGLE-LMC-LPV-70044  14.709 16.913   72.11   0.063   70.54   0.039   65.40   0.032
OGLE-LMC-LPV-70052  14.533 17.065  119.13   0.140 1013      0.193  216.5    0.123
OGLE-LMC-LPV-70066  14.245 18.168  146.52   0.270 2299      0.211  262.0    0.200
OGLE-LMC-LPV-70069  14.210 17.525  377.9    0.173  340.3    0.124  207.2    0.118
OGLE-LMC-LPV-70081  14.511 16.563  139.13   0.667  143.91   0.213 4348      0.159
OGLE-LMC-LPV-70082  14.307 17.369   98.07   0.075  859.8    0.196 1065      0.069
OGLE-LMC-LPV-70089  14.065 17.162  175.56   0.126  321.6    0.159 1269      0.128
OGLE-LMC-LPV-70095  14.604 17.099  222.5    0.353  249.2    0.160 2427      0.105
OGLE-LMC-LPV-70110  13.856 16.392  106.17   0.057  556.8    0.063   90.26   0.041
OGLE-LMC-LPV-70124  13.800 16.329  143.62   0.144 1252      0.144 1733      0.051
OGLE-LMC-LPV-70134  14.368 18.107  121.87   0.102 1923      0.085  118.54   0.046
OGLE-LMC-LPV-70135  13.986 16.472  243.8    0.253  465.1    0.105  124.95   0.099
OGLE-LMC-LPV-70145  14.913 16.950  108.82   0.714  400.6    0.346  251.8    0.172
OGLE-LMC-LPV-70175  13.787 16.572  504.0    0.353 2481      0.198  239.1    0.115
OGLE-LMC-LPV-70186  15.393 17.027   31.493  0.052   43.651  0.039  287.5    0.038
OGLE-LMC-LPV-70191  14.181 18.036 1008      0.498  751.3    0.109  120.48   0.091
OGLE-LMC-LPV-70199  14.943 17.042   60.48   0.069  722.5    0.070   58.76   0.053
OGLE-LMC-LPV-70206  14.240 16.096  140.14   0.389  135.14   0.204  131.72   0.156
OGLE-LMC-LPV-70208  14.862 17.249  199.71   0.477  217.8    0.267  192.23   0.182
OGLE-LMC-LPV-70209  14.565 17.749  343.8    0.209  183.25   0.069  158.86   0.057
OGLE-LMC-LPV-70211  14.374 17.612  175.32   0.232 1931      0.124  344.2    0.073
OGLE-LMC-LPV-70213  14.600 16.965  110.90   0.070  594.5    0.093   96.96   0.047
OGLE-LMC-LPV-70245  14.116 17.796  142.61   0.164  275.0    0.176  305.2    0.107
OGLE-LMC-LPV-70246  14.584 17.419  297.6    0.120  477.1    0.213 3922      0.159
OGLE-LMC-LPV-70249  14.248 16.673  197.10   0.794  232.8    0.140 1422      0.130
OGLE-LMC-LPV-70250  13.897 16.837  118.22   0.148  115.54   0.093 1520      0.090
OGLE-LMC-LPV-70258  14.178 17.086  113.61   0.157 1439      0.133  806.5    0.085
OGLE-LMC-LPV-70266  13.832 16.593  295.0    0.177 1164      0.107  175.56   0.092
OGLE-LMC-LPV-70283  14.029 16.716  132.40   0.072  719.9    0.138  868.8    0.090
OGLE-LMC-LPV-70288  14.462 16.338   79.56   0.071  676.6    0.054  131.60   0.047
OGLE-LMC-LPV-70297  14.433 17.915  113.06   0.172  878.7    0.258  112.63   0.053
OGLE-LMC-LPV-70310  14.581 16.677   58.78   0.031  291.5    0.069  410.0    0.052
OGLE-LMC-LPV-70315  14.648 17.041  480.0    0.340  394.8    0.148  898.5    0.073
OGLE-LMC-LPV-70319  14.158 17.456  248.2    0.534  132.66   0.244  127.91   0.138
OGLE-LMC-LPV-70322  15.003 16.640   49.274  0.048  299.3    0.033   33.286  0.031
OGLE-LMC-LPV-70328  14.279 16.723  127.57   0.072  512.8    0.111  468.2    0.071
OGLE-LMC-LPV-70343  14.407 16.764  261.1    0.246  249.2    0.126  288.9    0.087
OGLE-LMC-LPV-70367  15.007 17.548   57.81   0.061   87.86   0.029   52.07   0.027
OGLE-LMC-LPV-70375  14.067 16.658  292.6    0.264  156.01   0.185  894.5    0.133
OGLE-LMC-LPV-70394  14.317 16.835  142.73   0.203 1299      0.273  249.5    0.086
OGLE-LMC-LPV-70399  14.433 17.277   98.81   0.152  194.29   0.111  294.0    0.071
OGLE-LMC-LPV-70420  14.648 16.639   88.77   0.072  473.0    0.048   93.51   0.032
OGLE-LMC-LPV-70425  14.274 16.958   83.17   0.088  532.2    0.101  192.09   0.082
OGLE-LMC-LPV-70438  14.220 17.366   91.78   0.106  171.56   0.108  877.2    0.083
OGLE-LMC-LPV-70442  14.304 17.418  187.06   0.132 3145      0.408  243.6    0.087
OGLE-LMC-LPV-70452  13.702 16.743  487.6    0.635  428.3    0.180 1062      0.142
OGLE-LMC-LPV-70454  14.545 17.205  103.89   0.094 1053      0.141  166.20   0.083
OGLE-LMC-LPV-70466  14.638 16.848  122.81   0.219   69.25   0.131  126.57   0.107
OGLE-LMC-LPV-70476  13.921 17.108  120.93   0.191  204.4    0.094 2506      0.060
OGLE-LMC-LPV-70488  14.333 17.529  178.84   0.160  103.03   0.105 1018      0.108
OGLE-LMC-LPV-70510  14.250 17.037   93.92   0.204   87.09   0.095 1325      0.066
OGLE-LMC-LPV-70513  14.629 16.675   60.60   0.113  720.5    0.066  104.25   0.034
OGLE-LMC-LPV-70525  14.326 16.901  158.65   0.188  165.86   0.077 4444      0.072
OGLE-LMC-LPV-70540  13.882 16.889  214.0    0.239  883.4    0.210  407.2    0.135
OGLE-LMC-LPV-70554  14.592 16.621  124.98   0.071  344.4    0.126  386.7    0.133
OGLE-LMC-LPV-70563  13.963 17.140  329.6    0.235  193.46   0.119  178.89   0.075
OGLE-LMC-LPV-70571  14.635 17.211   90.12   0.060 1044      0.074 3937      0.049
OGLE-LMC-LPV-70572  14.406 16.850  111.61   0.070 3704      0.297  213.6    0.071
OGLE-LMC-LPV-70588  13.895 16.441  137.93   0.047  796.8    0.153 1007      0.088
OGLE-LMC-LPV-70590  14.573 16.365   52.63   0.063  499.0    0.054   66.26   0.045
OGLE-LMC-LPV-70595  15.472 17.125   43.920  0.062 2551      0.057   52.07   0.047
OGLE-LMC-LPV-70606  14.353 18.147  115.43   0.224  725.7    0.376  887.3    0.153
OGLE-LMC-LPV-70607  14.816 16.718   53.84   0.053  720.5    0.049   86.32   0.041
OGLE-LMC-LPV-70611  14.319 17.154  254.3    0.172  744.6    0.137  615.8    0.104
OGLE-LMC-LPV-70615  14.089 17.134   91.49   0.066  292.7    0.128  547.3    0.109
OGLE-LMC-LPV-70616  13.984 16.489  149.74   0.217  155.81   0.089  263.1    0.076
OGLE-LMC-LPV-70620  14.220 16.968  102.35   0.160 1274      0.101   96.93   0.063
OGLE-LMC-LPV-70632  15.053 17.270  332.5    0.309 6757      0.811  183.25   0.212
OGLE-LMC-LPV-70641  14.125 16.799  148.36   0.107  660.9    0.089 6410      0.068
OGLE-LMC-LPV-70667  14.030 16.002  170.30   0.553  162.18   0.204 4219      0.145
OGLE-LMC-LPV-70668  14.082 16.417  231.6    0.183 3861      0.066  131.54   0.048
OGLE-LMC-LPV-70677  14.861 17.210   62.87   0.105  638.6    0.094   65.66   0.082
OGLE-LMC-LPV-70679  14.312 16.659   75.35   0.127  639.4    0.122  131.22   0.051
OGLE-LMC-LPV-70690  13.955 16.907  165.30   0.160 1072      0.113  241.3    0.096
OGLE-LMC-LPV-70735  14.396 17.518  102.46   0.196  183.18   0.241  188.79   0.104
OGLE-LMC-LPV-70757  13.989 16.250  238.5    0.159  133.14   0.074  128.90   0.068
OGLE-LMC-LPV-70773  14.921 17.011  513.2    0.106   77.54   0.064 2008      0.039
OGLE-LMC-LPV-70776  14.009 17.214  108.03   0.101  846.0    0.152   81.65   0.063
OGLE-LMC-LPV-70778  14.131 16.541  107.37   0.060 1048      0.154 2415      0.117
OGLE-LMC-LPV-70781  14.142 16.665   91.74   0.170  163.45   0.133 1005      0.066
OGLE-LMC-LPV-70786  13.932 17.035  184.06   0.157 1060      0.245  210.1    0.091
OGLE-LMC-LPV-70798  14.428 17.144  104.61   0.048  439.4    0.100  496.8    0.084
OGLE-LMC-LPV-70799  14.983 16.673   49.237  0.077  739.6    0.081   78.69   0.059
OGLE-LMC-LPV-70801  14.518 17.508   89.95   0.189 1295      0.117   92.01   0.090
OGLE-LMC-LPV-70806  14.381 17.348  102.39   0.167  182.45   0.136  153.44   0.107
OGLE-LMC-LPV-70809  14.881 16.658   43.968  0.080  883.4    0.052   46.909  0.044
OGLE-LMC-LPV-70811  14.327 16.942  397.1    0.188  495.8    0.086  181.36   0.081
OGLE-LMC-LPV-70822  14.989 17.418   98.41   0.063 3597      0.067   73.25   0.036
OGLE-LMC-LPV-70825  13.757 16.504  284.2    0.137  176.40   0.117 2128      0.100
OGLE-LMC-LPV-70826  13.888 16.542  265.7    0.160 1709      0.221  147.62   0.096
OGLE-LMC-LPV-70828  14.483 17.529  181.09   0.195 1082      0.333 2347      0.324
OGLE-LMC-LPV-70834  14.181 16.988   97.41   0.105  145.54   0.069  909.1    0.059
OGLE-LMC-LPV-70846  14.778 16.820   53.36   0.051  464.9    0.049  303.3    0.044
OGLE-LMC-LPV-70873  14.495 16.744  157.26   0.066  754.7    0.088  436.5    0.061
OGLE-LMC-LPV-70879  14.356 16.475  120.67   0.657   66.68   0.083  600.2    0.065
OGLE-LMC-LPV-70882  14.711 17.421  213.6    0.301  164.58   0.147  701.3    0.081
OGLE-LMC-LPV-70919  15.375 17.056   45.898  0.048   27.364  0.026   47.973  0.025
OGLE-LMC-LPV-70923  14.645 16.413   52.00   0.048   78.80   0.039   83.28   0.029
OGLE-LMC-LPV-70925  14.049 18.118  163.12   0.279 1572      0.212  155.57   0.118
OGLE-LMC-LPV-70941  14.537 17.455  140.59   0.075 3472      0.078  246.2    0.074
OGLE-LMC-LPV-70944  14.177 17.415  239.6    0.382  124.35   0.234  254.0    0.167
OGLE-LMC-LPV-70951  14.318 17.650  113.46   0.266 1321      0.202  111.22   0.093
OGLE-LMC-LPV-70953  14.774 16.540   49.667  0.032  289.6    0.035   69.99   0.024
OGLE-LMC-LPV-70958  14.532 17.098  131.82   0.090 1631      0.106 1054      0.054
OGLE-LMC-LPV-70961  15.048 18.326   97.31   0.122 1319      0.141  111.10   0.058
OGLE-LMC-LPV-70963  14.985 17.101   48.980  0.062   81.66   0.037   48.244  0.034
OGLE-LMC-LPV-71013  14.228 17.182  397.5    0.796 2538      0.258  187.20   0.082
OGLE-LMC-LPV-71015  14.376 17.386  313.8    0.164  429.7    0.225 2193      0.096
OGLE-LMC-LPV-71024  14.161 17.417  100.67   0.082  538.5    0.149  169.26   0.042
OGLE-LMC-LPV-71025  12.992 16.866  485.1    0.585  262.5    0.150 1565      0.128
OGLE-LMC-LPV-71048  14.348 16.929  104.78   0.088  476.2    0.145  578.4    0.074
OGLE-LMC-LPV-71058  14.182 17.332  112.12   0.165  214.8    0.134  244.3    0.081
OGLE-LMC-LPV-71077  14.362 17.285  138.85   0.092  575.7    0.143  481.5    0.073
OGLE-LMC-LPV-71078  15.170 17.149   43.128  0.021  150.13   0.029   37.383  0.024
OGLE-LMC-LPV-71094  14.300 17.329  149.95   0.099  509.7    0.090   92.53   0.051
OGLE-LMC-LPV-71097  14.543 17.944  231.8    0.381  121.51   0.158  211.0    0.117
OGLE-LMC-LPV-71103  14.420 16.974   99.88   0.055 3937      0.162  102.39   0.056
OGLE-LMC-LPV-71104  14.581 16.456   55.46   0.119   95.54   0.089   77.40   0.051
OGLE-LMC-LPV-71108  14.102 16.747  136.91   0.112  843.2    0.285  227.8    0.127
OGLE-LMC-LPV-71109  14.425 16.829  166.24   0.717  206.1    0.121  744.6    0.078
OGLE-LMC-LPV-71116  14.405 16.921   83.24   0.099  159.08   0.050   74.52   0.036
OGLE-LMC-LPV-71141  14.288 17.173  140.02   0.109   96.61   0.088  194.14   0.084
OGLE-LMC-LPV-71143  13.376 16.458  206.8    0.127  124.29   0.074  724.6    0.063
OGLE-LMC-LPV-71150  14.195 17.233  186.08   0.132  522.7    0.117 2066      0.097
OGLE-LMC-LPV-71151  14.365 16.280  119.89   0.279   65.91   0.094  124.33   0.077
OGLE-LMC-LPV-71152  14.252 17.522  168.78   0.105 1473      0.122  944.3    0.086
OGLE-LMC-LPV-71156  14.011 16.709  143.47   0.119  854.7    0.098  606.1    0.069
OGLE-LMC-LPV-71161  14.715 18.339  201.3    0.258 2387      0.211  216.5    0.186
OGLE-LMC-LPV-71165  14.376 16.550  159.14   0.613  321.2    0.182  736.9    0.137
OGLE-LMC-LPV-71172  13.720 16.475  175.41   0.074 1577      0.174  272.0    0.139
OGLE-LMC-LPV-71185  14.037 16.688  217.4    0.355  113.95   0.138  201.8    0.088
OGLE-LMC-LPV-71188  14.978 17.911  150.15   0.210  242.3    0.197 1287      0.122
OGLE-LMC-LPV-71190  14.274 16.836   84.50   0.070 4115      0.092  128.47   0.057
OGLE-LMC-LPV-71193  13.575 15.803  118.94   0.051 2941      0.039   78.02   0.036
OGLE-LMC-LPV-71195  14.330 16.807   84.85   0.195  166.81   0.119  141.24   0.068
OGLE-LMC-LPV-71205  14.280 16.695   85.96   0.198  152.63   0.173   81.29   0.109
OGLE-LMC-LPV-71218  14.543 16.532  133.60   0.188   77.92   0.079  806.5    0.075
OGLE-LMC-LPV-71229  14.620 17.604  111.51   0.093 2841      0.100  189.72   0.049
OGLE-LMC-LPV-71245  14.100 16.732   93.39   0.079  103.40   0.069  187.55   0.057
OGLE-LMC-LPV-71251  13.876 16.047  164.88   0.217  797.4    0.094 6623      0.063
OGLE-LMC-LPV-71254  13.862 16.397  200.0    0.126 1147      0.178  179.31   0.049
OGLE-LMC-LPV-71268  13.808 16.642 1701      0.397  375.9    0.157  213.8    0.109
OGLE-LMC-LPV-71272  13.967 17.315  175.07   0.076 1706      0.241 3922      0.147
OGLE-LMC-LPV-71283  14.698 16.723   77.88   0.068 3597      0.078  125.02   0.045
OGLE-LMC-LPV-71284  13.644 16.344  176.05   0.117  300.9    0.089  181.72   0.074
OGLE-LMC-LPV-71290  14.240 16.973   92.69   0.089  159.36   0.095  534.8    0.058
OGLE-LMC-LPV-71320  14.731 16.431   76.90   0.020 1692      0.020  151.63   0.019
OGLE-LMC-LPV-71326  14.234 16.510   77.51   0.038  525.8    0.077  460.8    0.068
OGLE-LMC-LPV-71345  14.314 17.267  213.4    0.334  120.67   0.141  113.24   0.113
OGLE-LMC-LPV-71347  13.950 16.823  164.88   0.085 1883      0.117  285.8    0.085
OGLE-LMC-LPV-71357  14.083 16.797  165.10   0.180 4167      0.133  313.3    0.062
OGLE-LMC-LPV-71375  14.478 17.869  242.1    0.729  265.3    0.141  127.88   0.125
OGLE-LMC-LPV-71381  14.084 17.135  178.64   0.140 1855      0.298  706.2    0.108
OGLE-LMC-LPV-71382  14.639 16.720   81.40   0.044  984.3    0.075  124.81   0.050
OGLE-LMC-LPV-71421  14.269 16.854   85.13   0.100   86.81   0.085   80.50   0.064
OGLE-LMC-LPV-71426  12.964 13.642   73.53   0.065   95.37   0.036  102.71   0.034
OGLE-LMC-LPV-71440  14.514 18.401  157.06   0.137  221.3    0.144  670.7    0.100
OGLE-LMC-LPV-71451  14.939 17.846  121.55   0.075  714.8    0.070  468.4    0.042
OGLE-LMC-LPV-71459  14.934 17.785   72.11   0.146  128.40   0.091   76.53   0.065
OGLE-LMC-LPV-71485  14.485 16.863   71.51   0.040  384.3    0.050  112.77   0.042
OGLE-LMC-LPV-71495  14.023 16.699  171.42   0.116  372.6    0.111 1712      0.077
OGLE-LMC-LPV-71516  14.327 16.767   80.79   0.167  143.70   0.116   75.96   0.088
OGLE-LMC-LPV-71518  15.608 17.468   35.089  0.064   71.09   0.049   37.337  0.041
OGLE-LMC-LPV-71521  14.844 16.685  122.16   0.269   87.40   0.149   95.68   0.131
OGLE-LMC-LPV-71524  14.676 16.569   56.60   0.077  799.4    0.077   96.94   0.064
OGLE-LMC-LPV-71539  15.100 18.360  171.58   0.216  368.9    0.117  301.8    0.116
OGLE-LMC-LPV-71542  14.196 17.072  326.2    0.441 1353      0.204  884.2    0.093
OGLE-LMC-LPV-71547  14.417 16.805   82.93   0.042  478.7    0.171  556.5    0.097
OGLE-LMC-LPV-71561  14.258 16.799   86.30   0.184  255.2    0.098  144.32   0.076
OGLE-LMC-LPV-71563  14.487 16.695   75.82   0.038  301.1    0.070  517.1    0.040
OGLE-LMC-LPV-71570  14.237 17.775  115.67   0.237 1605      0.152  190.08   0.141
OGLE-LMC-LPV-71600  14.538 18.116  228.7    0.239  438.4    0.125  189.50   0.092
OGLE-LMC-LPV-71616  14.244 17.963  125.34   0.145  224.5    0.095  122.10   0.074
OGLE-LMC-LPV-71628  14.069 16.863  155.42   0.068 3788      0.104  231.4    0.048
OGLE-LMC-LPV-71629  14.192 16.833  431.2    0.251   91.34   0.108  632.1    0.086
OGLE-LMC-LPV-71649  14.141 16.831  162.42   0.106 1147      0.238 6536      0.141
OGLE-LMC-LPV-71671  14.805 16.985  599.9    0.145  490.4    0.052  101.26   0.046
OGLE-LMC-LPV-71685  14.243 17.688  196.72   0.146 1285      0.087  110.14   0.053
OGLE-LMC-LPV-71688  14.609 16.735   66.34   0.073   64.57   0.046   67.56   0.036
OGLE-LMC-LPV-71711  15.001 16.973   99.02   0.107  484.0    0.075   58.57   0.062
OGLE-LMC-LPV-71712  14.348 17.262  328.9    0.291  349.7    0.138 1495      0.102
OGLE-LMC-LPV-71724  14.440    -    116.73   0.122   77.91   0.108 1745      0.101
OGLE-LMC-LPV-71727  14.175 16.926  210.4    0.504  244.1    0.124  117.70   0.113
OGLE-LMC-LPV-71729  14.159 16.926 1074      0.572 3676      0.203  231.9    0.146
OGLE-LMC-LPV-71737  13.848 16.734  182.25   0.186 1211      0.179  236.5    0.103
OGLE-LMC-LPV-71738  14.035 16.572  156.59   0.093  486.4    0.058   89.84   0.056
OGLE-LMC-LPV-71744  14.450 16.867  233.3    0.273  123.49   0.147  268.0    0.103
OGLE-LMC-LPV-71752  14.634 16.536  179.56   0.712  469.7    0.334  173.76   0.251
OGLE-LMC-LPV-71753  14.347 17.117  202.6    0.142 1368      0.126  190.11   0.066
OGLE-LMC-LPV-71761  15.470 18.258   53.06   0.097   52.57   0.063   56.24   0.052
OGLE-LMC-LPV-71764  14.898 17.175   53.93   0.043  491.4    0.082  721.5    0.037
OGLE-LMC-LPV-71776  14.796 17.152  123.12   0.628  322.9    0.471 1215      0.336
OGLE-LMC-LPV-71778  14.097 16.708   99.04   0.048  678.9    0.053   95.93   0.042
OGLE-LMC-LPV-71783  14.985 17.660  271.7    0.568 1580      0.227  285.3    0.127
OGLE-LMC-LPV-71791  13.494 16.506  248.1    0.352  457.7    0.204  387.3    0.071
OGLE-LMC-LPV-71795  14.472 16.923   78.53   0.147  132.22   0.142  141.04   0.114
OGLE-LMC-LPV-71811  14.197 17.323  111.10   0.134  206.1    0.128 1815      0.094
OGLE-LMC-LPV-71820  14.337 17.549  188.27   0.186  350.0    0.087  212.5    0.076
OGLE-LMC-LPV-71821  14.091 16.455  138.68   0.074  838.2    0.215  991.1    0.119
OGLE-LMC-LPV-71823  14.463 17.917  178.44   0.110 1842      0.081  113.91   0.065
OGLE-LMC-LPV-71834  16.667 20.662  457.0    0.710 3984      2.724  198.93   0.249
OGLE-LMC-LPV-71839  14.199 17.390  234.7    0.200  111.47   0.122  121.98   0.109
OGLE-LMC-LPV-71840  13.794 16.847  208.0    0.154 2976      0.195  370.8    0.091
OGLE-LMC-LPV-71849  14.731 16.555   78.13   0.025  569.2    0.023  197.36   0.021
OGLE-LMC-LPV-71860  13.907 16.453  148.46   0.211 1119      0.090  237.2    0.072
OGLE-LMC-LPV-71867  13.603 16.424  235.5    0.283 1524      0.103 3891      0.078
OGLE-LMC-LPV-71874  15.007 18.422  163.40   0.103 1468      0.200  319.7    0.088
OGLE-LMC-LPV-71889  14.617 17.645  170.44   0.217  811.0    0.255  469.7    0.138
OGLE-LMC-LPV-71893  14.668 17.199  135.82   0.080 3106      0.060  180.60   0.060
OGLE-LMC-LPV-71904  14.341 16.683   79.34   0.090  892.9    0.141  136.78   0.081
OGLE-LMC-LPV-71912  13.817 16.897  198.89   0.101 1706      0.251  494.1    0.136
OGLE-LMC-LPV-71917  14.815 17.212   62.11   0.089  427.0    0.076   55.49   0.051
OGLE-LMC-LPV-71931  14.697 16.814   53.98   0.036  920.8    0.080   87.50   0.043
OGLE-LMC-LPV-71941  14.079 16.665   99.45   0.044 1151      0.116  734.2    0.059
OGLE-LMC-LPV-71948  14.704 17.483   72.24   0.049 2387      0.072   65.15   0.054
OGLE-LMC-LPV-71957  14.245 17.124  155.96   0.087 1247      0.074  187.65   0.075
OGLE-LMC-LPV-71977  14.995 17.643  134.08   0.083  614.3    0.093  249.6    0.063
OGLE-LMC-LPV-71992  14.139 16.620  135.68   0.160  227.2    0.127  127.93   0.050
OGLE-LMC-LPV-71998  15.259 17.044   41.279  0.057   40.241  0.044   38.758  0.037
OGLE-LMC-LPV-72005  15.098 18.907   86.40   0.106  610.9    0.190  158.76   0.081
OGLE-LMC-LPV-72051  13.349 15.670 1279      0.289  148.81   0.075  224.7    0.055
OGLE-LMC-LPV-72060  14.587 16.779  204.2    0.475 6944      0.220  510.7    0.185
OGLE-LMC-LPV-72061  14.535 16.473   59.40   0.111  799.4    0.057  101.83   0.043
OGLE-LMC-LPV-72066  14.209 17.362  375.2    0.149 1377      0.215 3802      0.126
OGLE-LMC-LPV-72071  14.245 17.229  103.01   0.119 1110      0.178  113.05   0.083
OGLE-LMC-LPV-72078  13.673 15.835  124.77   0.071  956.0    0.055  227.4    0.041
OGLE-LMC-LPV-72080  14.076 16.592  214.6    0.133  769.2    0.229  641.4    0.088
OGLE-LMC-LPV-72085  14.737 17.207  116.48   0.082  185.74   0.072  731.0    0.069
OGLE-LMC-LPV-72086  14.489 17.497   85.76   0.044  493.8    0.086  700.8    0.082
OGLE-LMC-LPV-72101  14.326 17.712  108.21   0.165  100.39   0.121 1890      0.087
OGLE-LMC-LPV-72103  14.328 16.273  175.23   0.345  167.95   0.068   90.58   0.064
OGLE-LMC-LPV-72128  14.545 16.968   62.43   0.054  699.8    0.059  151.91   0.036
OGLE-LMC-LPV-72129  14.376 17.542  323.0    0.074 1621      0.144  207.3    0.098
OGLE-LMC-LPV-72136  13.956 16.818  176.43   0.162 2008      0.150  300.6    0.082
OGLE-LMC-LPV-72147  15.935 19.490  267.1    0.550 2326      0.913  616.1    0.274
OGLE-LMC-LPV-72163  14.009 17.161  315.3    0.202  629.7    0.102  423.2    0.106
OGLE-LMC-LPV-72180  14.405 17.428  178.35   0.160  277.5    0.091 2151      0.096
OGLE-LMC-LPV-72183  14.202 17.047   87.00   0.100  149.57   0.086   84.32   0.069
OGLE-LMC-LPV-72184  13.852 16.299  134.90   0.089  123.72   0.060  204.2    0.049
OGLE-LMC-LPV-72211  14.299 16.750   83.04   0.129  144.43   0.056   96.51   0.058
OGLE-LMC-LPV-72216  15.003 18.037  170.51   0.106 1506      0.133  233.5    0.088
OGLE-LMC-LPV-72232  13.923 16.497  155.23   0.091 1160      0.173  245.0    0.090
OGLE-LMC-LPV-72243  14.234 17.488  353.3    0.345  186.81   0.142  740.7    0.128
OGLE-LMC-LPV-72249  14.838 16.868   53.98   0.053  704.2    0.076   74.44   0.038
OGLE-LMC-LPV-72259  14.457 17.747  637.8    0.592 4739      0.171  557.4    0.066
OGLE-LMC-LPV-72269  14.261 16.890  143.43   0.106 1623      0.185 5780      0.087
OGLE-LMC-LPV-72275  14.312 16.913  247.0    0.227  412.2    0.133  290.1    0.128
OGLE-LMC-LPV-72288  14.044 17.693  227.0    0.202  127.28   0.098  301.2    0.066
OGLE-LMC-LPV-72292  14.301 17.092  155.01   0.118 1274      0.130  307.4    0.093
OGLE-LMC-LPV-72311  13.157 15.304  113.79   0.060  864.3    0.088  524.9    0.076
OGLE-LMC-LPV-72315  14.166 17.444  112.72   0.124  127.62   0.091 2326      0.067
OGLE-LMC-LPV-72334  14.659 17.058  105.50   0.056   96.78   0.051  738.6    0.045
OGLE-LMC-LPV-72359  14.046 16.637  201.6    0.097  813.0    0.143  677.5    0.075
OGLE-LMC-LPV-72361  14.542 17.786  186.88   0.106  420.2    0.118  180.12   0.090
OGLE-LMC-LPV-72362  14.490 16.255   58.28   0.059  108.72   0.071   93.71   0.030
OGLE-LMC-LPV-72365  13.349 15.614  151.56   0.093  963.4    0.064  708.2    0.035
OGLE-LMC-LPV-72385  14.600 16.111   71.75   0.277   73.75   0.095   90.15   0.092
OGLE-LMC-LPV-72402  13.870 16.288  121.77   0.068 1339      0.088  179.18   0.054
OGLE-LMC-LPV-72405  13.796 16.922  178.70   0.134 1550      0.277  333.2    0.136
OGLE-LMC-LPV-72407  15.095 17.914  212.4    0.073 2083      0.102 1314      0.083
OGLE-LMC-LPV-72419  14.006 16.894  155.80   0.123  809.7    0.065   93.30   0.066
OGLE-LMC-LPV-72422  13.973 17.229  196.08   0.215 1757      0.248  211.7    0.111
OGLE-LMC-LPV-72425  14.145 16.976  294.7    0.235 2398      0.117  163.51   0.090
OGLE-LMC-LPV-72428  14.040 16.546  135.39   0.108 1497      0.139  227.1    0.106
OGLE-LMC-LPV-72445  14.514 17.885  193.73   0.236  347.9    0.166 1395      0.129
OGLE-LMC-LPV-72447  13.785 16.224  130.04   0.159  973.7    0.136 3610      0.061
OGLE-LMC-LPV-72458  14.598 17.114   93.39   0.047  154.61   0.063  512.6    0.054
OGLE-LMC-LPV-72467  14.716 18.148  173.79   0.129 2283      0.170  648.9    0.109
OGLE-LMC-LPV-72476  13.639 16.008  265.3    0.071  557.4    0.049  245.3    0.034
OGLE-LMC-LPV-72479  13.946 17.043  198.97   0.117 4149      0.229  185.80   0.091
OGLE-LMC-LPV-72485  13.735 16.083  156.17   0.100  832.6    0.069  161.39   0.050
OGLE-LMC-LPV-72486  13.717 16.623  347.1    0.149 1486      0.217  203.6    0.089
OGLE-LMC-LPV-72489  14.248 17.109  158.55   0.168 1239      0.095  298.8    0.085
OGLE-LMC-LPV-72501  14.181 16.319   77.91   0.044  735.8    0.030  318.2    0.026
OGLE-LMC-LPV-72505  14.025 16.997  180.86   0.105 1754      0.110  175.19   0.071
OGLE-LMC-LPV-72510  15.608 17.745   67.60   0.033  232.1    0.053  181.88   0.029
OGLE-LMC-LPV-72513  14.505 17.422  124.94   0.105  660.5    0.074   78.06   0.056
OGLE-LMC-LPV-72535  14.645 15.478   66.73   0.025 3058      0.022  632.1    0.016
OGLE-LMC-LPV-72547  14.606 16.674   58.19   0.046   89.43   0.040  310.0    0.034
OGLE-LMC-LPV-72549  14.316 17.121  137.31   0.125 1032      0.146  128.97   0.067
OGLE-LMC-LPV-72563  14.115 16.895   99.59   0.048 1003      0.060  156.49   0.048
OGLE-LMC-LPV-72570  15.021 18.107  102.33   0.262  178.16   0.105  153.87   0.081
OGLE-LMC-LPV-72574  14.023 16.775  164.80   0.107  947.9    0.239 6803      0.119
OGLE-LMC-LPV-72579  14.322 18.120  129.66   0.330  235.1    0.182  124.67   0.099
OGLE-LMC-LPV-72583  14.123 17.390  114.69   0.114 1675      0.099  107.87   0.088
OGLE-LMC-LPV-72609  16.201 19.389  125.49   0.070 2079      0.239  120.35   0.052
OGLE-LMC-LPV-72623  14.249 16.712  160.78   0.334   87.83   0.158  651.9    0.091
OGLE-LMC-LPV-72629  14.314 17.114   87.03   0.084  571.1    0.162  140.51   0.073
OGLE-LMC-LPV-72638  14.381 16.872  276.2    0.753  604.6    0.157 2387      0.095
OGLE-LMC-LPV-72640  13.877 16.474  311.0    0.251  706.7    0.068 1140      0.079
OGLE-LMC-LPV-72642  14.813 18.114  395.3    0.758 2151      0.495  210.6    0.135
OGLE-LMC-LPV-72651  14.093 17.594  142.63   0.202  134.95   0.213  272.5    0.097
OGLE-LMC-LPV-72657  14.475 17.891  192.62   0.097 1577      0.167 5495      0.167
OGLE-LMC-LPV-72660  15.174 17.318  176.33   0.789 5291      0.434  169.92   0.170
OGLE-LMC-LPV-72665  14.458 17.342   93.67   0.142 1089      0.154  151.86   0.116
OGLE-LMC-LPV-72676  14.083 16.945  341.5    0.265  185.36   0.179  427.7    0.080
OGLE-LMC-LPV-72677  15.021 17.413   91.70   0.122  228.6    0.127 1905      0.107
OGLE-LMC-LPV-72678  14.687 16.399   65.21   0.026  301.2    0.025   44.663  0.019
OGLE-LMC-LPV-72682  15.082 18.273  151.68   0.093 2262      0.269  241.3    0.114
OGLE-LMC-LPV-72688  13.883 16.812  188.36   0.087 2066      0.310 4274      0.178
OGLE-LMC-LPV-72704  14.222 16.739  150.83   0.221  215.8    0.106  281.8    0.095
OGLE-LMC-LPV-72711  14.821 17.380   79.69   0.118 1112      0.092  129.02   0.076
OGLE-LMC-LPV-72715  14.784 16.629   51.71   0.081  887.3    0.046   53.98   0.045
OGLE-LMC-LPV-72721  14.308 17.593  369.6    0.155 1661      0.154  208.2    0.125
OGLE-LMC-LPV-72725  13.938 16.972  173.70   0.086 2809      0.222  159.18   0.062
OGLE-LMC-LPV-72726  14.746 16.561   72.29   0.049  335.6    0.046   48.405  0.040
OGLE-LMC-LPV-72733  14.662 18.024  192.12   0.127  777.0    0.132  299.9    0.115
OGLE-LMC-LPV-72735  14.369 17.477   98.53   0.328  171.41   0.174 1073      0.169
OGLE-LMC-LPV-72736  15.258 18.357  182.70   0.302  163.19   0.105  174.09   0.089
OGLE-LMC-LPV-72743  14.364 17.655  181.97   0.170  532.8    0.130  166.31   0.071
OGLE-LMC-LPV-72748  14.149 16.507  152.38   0.140  285.8    0.119  146.28   0.055
OGLE-LMC-LPV-72783  14.107 17.155  174.20   0.103  723.6    0.067  312.3    0.056
OGLE-LMC-LPV-72792  14.289 16.592  133.38   0.111  191.20   0.114 7092      0.116
OGLE-LMC-LPV-72796  14.235 18.323  128.99   0.239  123.98   0.122  235.6    0.097
OGLE-LMC-LPV-72820  14.598 17.216  123.90   0.112  216.6    0.104  199.08   0.112
OGLE-LMC-LPV-72823  13.980 16.623  157.11   0.114 2257      0.249  260.2    0.080
OGLE-LMC-LPV-72830  14.643 17.225  234.4    0.466  122.12   0.165  257.9    0.113
OGLE-LMC-LPV-72842  15.166 17.832   63.06   0.095  718.4    0.123   99.40   0.082
OGLE-LMC-LPV-72884  14.552 16.675   68.27   0.128  108.17   0.062   70.91   0.053
OGLE-LMC-LPV-72888  15.539 18.980  137.40   0.113  619.6    0.120  143.33   0.085
OGLE-LMC-LPV-72893  14.404 16.853  239.6    0.215  209.3    0.122  135.80   0.113
OGLE-LMC-LPV-72895  14.235 17.313  180.14   0.202  320.5    0.118  187.90   0.084
OGLE-LMC-LPV-72903  15.262 17.466  100.96   0.159   98.43   0.059   52.51   0.052
OGLE-LMC-LPV-72911  13.843 16.113  130.60   0.087  751.3    0.187  900.1    0.072
OGLE-LMC-LPV-72913  14.776 17.983  228.6    0.748  134.55   0.114 1629      0.098
OGLE-LMC-LPV-72925  14.396 16.961  164.84   0.288   93.91   0.091  179.08   0.082
OGLE-LMC-LPV-72934  14.465 18.089  123.30   0.337  223.9    0.262  212.3    0.137
OGLE-LMC-LPV-72939  14.527 17.296  197.48   0.358  108.12   0.184  173.43   0.173
OGLE-LMC-LPV-72960  15.335 18.513  154.37   0.188 1211      0.276  174.95   0.145
OGLE-LMC-LPV-72961  15.274 17.808  139.31   0.124   73.65   0.076  172.80   0.071
OGLE-LMC-LPV-72970  14.135 17.280  107.05   0.101  725.2    0.148 2611      0.090
OGLE-LMC-LPV-72974  15.918 19.787  367.0    0.712 1239      1.045 1590      0.501
OGLE-LMC-LPV-72982  14.341 17.047  114.93   0.182 1244      0.177  323.1    0.068
OGLE-LMC-LPV-72983  15.002 16.954   55.83   0.071  337.8    0.059  926.8    0.054
OGLE-LMC-LPV-72991  14.261 17.988  130.96   0.340  250.9    0.113  120.93   0.069
OGLE-LMC-LPV-72998  14.175 16.452  255.8    0.237  242.8    0.115  130.70   0.114
OGLE-LMC-LPV-73002  14.303 17.325  100.13   0.123  184.64   0.121  165.10   0.098
OGLE-LMC-LPV-73018  14.586 17.261  257.4    0.383  139.88   0.176  295.3    0.123
OGLE-LMC-LPV-73019  14.303 16.846  120.28   0.058  417.4    0.097 1996      0.059
OGLE-LMC-LPV-73023  14.207 17.168   95.38   0.068  495.3    0.151  548.5    0.087
OGLE-LMC-LPV-73024  14.190 17.482  196.61   0.189  212.8    0.123 1068      0.127
OGLE-LMC-LPV-73027  14.349 17.654   92.33   0.104  869.6    0.078   90.99   0.076
OGLE-LMC-LPV-73059  14.025 16.759  336.8    0.454 1770      0.171  183.69   0.133
OGLE-LMC-LPV-73062  14.443 16.732  157.69   0.723  146.99   0.163  466.2    0.106
OGLE-LMC-LPV-73079  14.173 17.367  306.1    0.246 1091      0.198 1616      0.136
OGLE-LMC-LPV-73084  13.996 16.806  141.54   0.148 1590      0.209  225.6    0.106
OGLE-LMC-LPV-73112  14.526 17.770  161.07   0.130  245.0    0.102  615.8    0.087
OGLE-LMC-LPV-73116  14.558 16.805   78.01   0.065 1404      0.101  140.15   0.051
OGLE-LMC-LPV-73117  14.640 16.673   67.01   0.068  797.4    0.046   61.29   0.040
OGLE-LMC-LPV-73130  13.757 16.765  116.82   0.144 1420      0.144  197.78   0.102
OGLE-LMC-LPV-73148  14.186 16.881  260.5    0.114  238.5    0.085 1531      0.080
OGLE-LMC-LPV-73151  14.958 17.077   69.42   0.050  695.4    0.050   75.51   0.040
OGLE-LMC-LPV-73157  14.178 17.040  220.0    0.100  488.0    0.181  426.6    0.120
OGLE-LMC-LPV-73183  14.425 17.305   91.02   0.080  888.1    0.052   81.45   0.054
OGLE-LMC-LPV-73185  15.515 17.209   43.444  0.035  258.3    0.028  210.0    0.023
OGLE-LMC-LPV-73191  14.824 17.613  172.89   0.179   91.88   0.120  186.19   0.064
OGLE-LMC-LPV-73206  14.809 17.777  271.3    0.129  166.47   0.074  449.8    0.072
OGLE-LMC-LPV-73218  14.216 17.349  327.3    0.212 1389      0.207  179.82   0.093
OGLE-LMC-LPV-73221  14.286 16.858  148.57   0.196  299.6    0.055  392.9    0.055
OGLE-LMC-LPV-73243  14.509 16.897  156.30   0.194  151.75   0.106  145.18   0.100
OGLE-LMC-LPV-73248  15.158 17.247  162.07   0.595  174.67   0.213  202.6    0.184
OGLE-LMC-LPV-73252  14.158 17.130  169.95   0.182 1129      0.129  257.7    0.101
OGLE-LMC-LPV-73265  14.148 17.114  305.8    0.237  172.68   0.155 1250      0.140
OGLE-LMC-LPV-73273  14.151 16.828   97.99   0.057  153.56   0.059  508.6    0.049
OGLE-LMC-LPV-73276  14.412 16.848  190.25   0.781  203.4    0.354 3472      0.215
OGLE-LMC-LPV-73277  14.813 17.810  155.45   0.076 1333      0.097  143.51   0.079
OGLE-LMC-LPV-73278  14.461 17.155   83.31   0.061 3690      0.065  138.60   0.029
OGLE-LMC-LPV-73291  13.516 16.673  251.4    0.207  442.7    0.168 1214      0.127
OGLE-LMC-LPV-73298  15.103 17.302  221.9    0.757 1140      0.359  460.6    0.177
OGLE-LMC-LPV-73302  14.216 17.755  104.99   0.115  630.1    0.256  801.3    0.097
OGLE-LMC-LPV-73312  15.280 18.311  275.3    0.233  561.2    0.178  255.1    0.130
OGLE-LMC-LPV-73347  14.797 16.971   82.58   0.043  287.6    0.067  194.97   0.054
OGLE-LMC-LPV-73348  13.774 16.385  172.21   0.230 2387      0.374 4831      0.132
OGLE-LMC-LPV-73358  14.025 16.992  177.86   0.123  322.1    0.091  189.90   0.074
OGLE-LMC-LPV-73363  14.467 17.311  993.7    0.525 2415      0.182  708.7    0.088
OGLE-LMC-LPV-73369  13.841 16.219  134.90   0.083  870.3    0.126 3968      0.062
OGLE-LMC-LPV-73394  14.613 17.025  190.57   0.719 2591      0.173  200.4    0.146
OGLE-LMC-LPV-73405  13.901 16.411  119.43   0.096 1036      0.111  115.96   0.049
OGLE-LMC-LPV-73428  14.000 17.625  128.49   0.158  958.8    0.149  726.2    0.098
OGLE-LMC-LPV-73447  14.823 17.125  105.81   0.064  687.8    0.072   77.99   0.057
OGLE-LMC-LPV-73454  15.166 16.722   58.90   0.064  569.5    0.070   35.183  0.057
OGLE-LMC-LPV-73468  14.795 16.851   86.37   0.054   78.08   0.041  335.0    0.028
OGLE-LMC-LPV-73475  14.106 16.258   79.98   0.032  719.9    0.039 1119      0.029
OGLE-LMC-LPV-73493  14.274 16.608   76.00   0.093  130.21   0.091  641.4    0.084
OGLE-LMC-LPV-73495  14.469 17.071  130.52   0.092  405.0    0.052   76.85   0.049
OGLE-LMC-LPV-73500  14.382 16.747   86.09   0.054  924.2    0.060  143.80   0.047
OGLE-LMC-LPV-73503  14.134 16.843  241.8    0.150 3497      0.196  134.35   0.084
OGLE-LMC-LPV-73508  14.343 16.651   71.14   0.030  885.7    0.110 4237      0.066
OGLE-LMC-LPV-73509  14.113 16.632 1025      0.438  115.92   0.058  244.5    0.056
OGLE-LMC-LPV-73535  14.016 16.780  155.30   0.201 2288      0.230  263.0    0.071
OGLE-LMC-LPV-73550  14.579 18.267  121.65   0.205  230.8    0.196  137.99   0.122
OGLE-LMC-LPV-73573  13.885 16.108  266.0    0.129  235.2    0.082  499.0    0.060
OGLE-LMC-LPV-73575  14.186 17.482  191.32   0.246  367.1    0.166 1205      0.163
OGLE-LMC-LPV-73579  13.996 17.482  198.14   0.145  929.4    0.136  118.85   0.073
OGLE-LMC-LPV-73580  14.171 17.856  110.61   0.126  643.1    0.186  180.15   0.131
OGLE-LMC-LPV-73583  14.254 17.084  137.08   0.187 1389      0.135  911.6    0.091
OGLE-LMC-LPV-73597  13.966 16.372  285.1    0.185  149.19   0.066  164.55   0.059
OGLE-LMC-LPV-73606  15.406 17.521   44.839  0.025  233.8    0.041   42.201  0.030
OGLE-LMC-LPV-73618  15.211 17.413   65.44   0.043   41.425  0.035  374.5    0.029
OGLE-LMC-LPV-73619  14.792 18.260  218.6    0.467  205.3    0.167  401.9    0.098
OGLE-LMC-LPV-73647  14.033 17.674  108.10   0.221  791.8    0.327 1034      0.072
OGLE-LMC-LPV-73659  14.534 17.969  191.94   0.209 1642      0.192  729.4    0.127
OGLE-LMC-LPV-73666  14.608 17.463  256.9    0.153 4525      0.176  155.11   0.123
OGLE-LMC-LPV-73679  14.223 16.595   95.46   0.068  731.5    0.135 1196      0.069
OGLE-LMC-LPV-73711  14.624 16.313   46.029  0.032   67.88   0.025  324.9    0.025
OGLE-LMC-LPV-73725  14.543 16.535  128.05   0.135  118.76   0.085   65.60   0.055
OGLE-LMC-LPV-73729  14.131 15.982  122.67   0.070  137.17   0.063  492.1    0.063
OGLE-LMC-LPV-73765  14.309 16.740  135.58   0.109   79.15   0.098  739.6    0.095
OGLE-LMC-LPV-73774  15.523 17.289   55.59   0.034   49.950  0.032  297.5    0.030
OGLE-LMC-LPV-73777  14.327 17.329   91.04   0.075  495.0    0.094  640.6    0.079
OGLE-LMC-LPV-73784  14.546 17.346  136.59   0.084   87.17   0.057  638.6    0.054
OGLE-LMC-LPV-73794  14.185 17.042  166.47   0.064 1059      0.108  151.17   0.078
OGLE-LMC-LPV-73802  14.697 16.383   94.94   0.282  100.65   0.078   89.65   0.075
OGLE-LMC-LPV-73816  14.225 16.564  183.73   0.667  164.55   0.081 1730      0.087
OGLE-LMC-LPV-73823  14.173 16.244  168.13   0.465  155.96   0.383 2525      0.219
OGLE-LMC-LPV-73827  14.640 16.748   92.72   0.051 1042      0.105  811.7    0.052
OGLE-LMC-LPV-73833  13.884 16.794  300.2    0.162 3861      0.141  180.83   0.099
OGLE-LMC-LPV-73838  15.333 16.778   42.934  0.112   42.360  0.066   44.244  0.066
OGLE-LMC-LPV-73842  14.435 16.447  126.49   0.731   64.66   0.129  338.1    0.116
OGLE-LMC-LPV-73843  14.068 17.421  115.86   0.119  489.7    0.146  545.9    0.112
OGLE-LMC-LPV-73847  15.922 19.597  468.6    0.778 2427      1.355 4405      0.736
OGLE-LMC-LPV-73852  14.191 17.435  196.93   0.245  109.85   0.144 1372      0.116
OGLE-LMC-LPV-73860  14.400 17.879  106.26   0.124  624.2    0.208  112.18   0.087
OGLE-LMC-LPV-73866  14.230 17.269  120.29   0.129 1067      0.169  224.8    0.094
OGLE-LMC-LPV-73869  14.083 17.395  277.4    0.173  739.1    0.128  333.4    0.068
OGLE-LMC-LPV-73870  14.434 17.521  197.59   0.073 1842      0.296  183.22   0.107
OGLE-LMC-LPV-73876  14.062 17.301  117.67   0.195  113.88   0.096  204.5    0.068
OGLE-LMC-LPV-73880  14.306 17.283  104.56   0.151  200.1    0.129  102.39   0.095
OGLE-LMC-LPV-73882  14.206 17.357  103.30   0.156  609.4    0.123  110.42   0.078
OGLE-LMC-LPV-73886  14.173 16.787 1092      0.230 2336      0.084  129.68   0.076
OGLE-LMC-LPV-73894  14.242 17.226  102.14   0.154  183.49   0.117  115.65   0.071
OGLE-LMC-LPV-73901  14.583 18.268  106.76   0.252 1134      0.195  190.84   0.117
OGLE-LMC-LPV-73903  14.334 17.359  179.86   0.210  413.2    0.118  938.1    0.109
OGLE-LMC-LPV-73906  15.119 17.697  108.88   0.096  105.25   0.067   73.43   0.053
OGLE-LMC-LPV-73919  14.319 16.501   75.07   0.072  133.35   0.057  723.1    0.047
OGLE-LMC-LPV-73932  14.185 17.350  375.1    0.244 1745      0.345  199.48   0.151
OGLE-LMC-LPV-73934  14.375 16.913   82.40   0.114 1103      0.111  147.34   0.098
OGLE-LMC-LPV-73945  14.795 17.349  133.76   0.615   74.43   0.195 4405      0.130
OGLE-LMC-LPV-73951  14.660 17.555  135.51   0.125  248.7    0.144 4525      0.108
OGLE-LMC-LPV-73953  14.367 16.972   85.61   0.069 1247      0.069  102.47   0.049
OGLE-LMC-LPV-73956  14.561 17.224  156.11   0.152  257.0    0.083  672.0    0.051
OGLE-LMC-LPV-73961  13.246 15.798  189.29   0.095 2519      0.120  207.5    0.057
OGLE-LMC-LPV-73969  14.482 17.027  136.41   0.068  578.0    0.114  776.4    0.072
OGLE-LMC-LPV-73970  13.899 16.036  107.45   0.076  898.5    0.159  103.34   0.056
OGLE-LMC-LPV-73981  14.002 16.594  143.60   0.058  442.5    0.076  968.1    0.056
OGLE-LMC-LPV-73983  15.146 17.416   58.65   0.099  656.6    0.115   59.68   0.060
OGLE-LMC-LPV-73991  13.024 15.002  141.17   0.030   90.63   0.022  971.8    0.018
OGLE-LMC-LPV-73997  14.032 16.643  139.81   0.123  195.27   0.069  928.5    0.070
OGLE-LMC-LPV-74009  14.407 16.621   70.97   0.166  121.34   0.100  986.2    0.077
OGLE-LMC-LPV-74011  14.727 16.572   73.15   0.038   75.56   0.027   52.43   0.023
OGLE-LMC-LPV-74013  15.151 19.265  225.1    0.327  956.9    0.173  132.98   0.118
OGLE-LMC-LPV-74018  14.056 17.309  898.5    0.334  170.88   0.109  691.6    0.088
OGLE-LMC-LPV-74021  14.557 17.570   93.16   0.106  300.2    0.086   89.86   0.070
OGLE-LMC-LPV-74023  13.776 16.201  129.35   0.097 1208      0.113  145.33   0.046
OGLE-LMC-LPV-74029  14.490 16.115   71.24   0.044  694.0    0.050   49.439  0.034
OGLE-LMC-LPV-74030  15.105 19.296  482.7    0.795 3802      0.379 1048      0.156
OGLE-LMC-LPV-74046  14.044 16.509  133.59   0.152  235.2    0.116  127.88   0.051
OGLE-LMC-LPV-74063  14.823 18.494  224.3    0.247 1984      0.307  417.5    0.151
OGLE-LMC-LPV-74068  14.658 18.312  112.77   0.321  204.5    0.154 1471      0.155
OGLE-LMC-LPV-74073  14.980 17.387  275.0    0.167  445.4    0.093  189.18   0.082
OGLE-LMC-LPV-74083  13.845 16.715  423.4    0.323  225.8    0.122 1427      0.106
OGLE-LMC-LPV-74084  14.860 18.128  417.0    0.568 2008      0.295 1387      0.216
OGLE-LMC-LPV-74090  14.718 17.373  264.8    0.258 1330      0.196  245.6    0.129
OGLE-LMC-LPV-74098  14.083 16.888  176.91   0.123  322.8    0.091  358.0    0.075
OGLE-LMC-LPV-74106  15.009 18.341  376.3    0.605 1808      0.303  446.0    0.083
OGLE-LMC-LPV-74110  15.230 17.857  252.9    0.279  400.2    0.162  236.9    0.075
OGLE-LMC-LPV-74113  14.352 17.274   88.57   0.085  630.5    0.165   92.82   0.069
OGLE-LMC-LPV-74126  14.810 17.134   91.12   0.095  684.0    0.168 1085      0.113
OGLE-LMC-LPV-74127  14.197 17.674  188.39   0.208  943.4    0.199  712.3    0.107
OGLE-LMC-LPV-74129  14.032 17.094  388.3    0.439 1348      0.110  169.66   0.053
OGLE-LMC-LPV-74133  14.243 16.501  105.12   0.074  441.1    0.043  259.1    0.035
OGLE-LMC-LPV-74159  14.025 16.263  192.38   0.154  683.5    0.113  931.1    0.122
OGLE-LMC-LPV-74162  13.937 17.026  214.3    0.194  189.75   0.128 2062      0.109
OGLE-LMC-LPV-74168  14.904 18.305  174.65   0.303   98.02   0.154  103.21   0.111
OGLE-LMC-LPV-74206  14.868 17.897  137.81   0.118  300.5    0.131  753.6    0.079
OGLE-LMC-LPV-74208  14.131 17.217  363.3    0.352  534.2    0.168  196.81   0.129
OGLE-LMC-LPV-74218  14.689 18.267  365.3    0.321  932.8    0.179 3460      0.118
OGLE-LMC-LPV-74221  14.201 17.783  223.5    0.297 1495      0.215  458.7    0.092
OGLE-LMC-LPV-74237  14.396 18.030  110.47   0.143  949.7    0.154  186.05   0.118
OGLE-LMC-LPV-74251  15.319    -     58.29   0.070   40.575  0.052  281.9    0.033
OGLE-LMC-LPV-74267  13.544 16.028  168.89   0.143  292.1    0.094 1264      0.056
OGLE-LMC-LPV-74268  15.300 18.703  147.61   0.153   81.03   0.115  140.75   0.086
OGLE-LMC-LPV-74277  13.923 16.254  118.54   0.130 1106      0.123  634.1    0.054
OGLE-LMC-LPV-74284  14.752 16.810   55.68   0.039   86.21   0.030   59.21   0.026
OGLE-LMC-LPV-74294  14.988 17.941   68.18   0.075  386.1    0.102  446.4    0.074
OGLE-LMC-LPV-74308  14.411 16.627   76.91   0.060  492.9    0.082  417.9    0.066
OGLE-LMC-LPV-74310  14.361 17.166  298.1    0.238 2646      0.154  168.89   0.074
OGLE-LMC-LPV-74320  14.353 17.848  112.61   0.311 1157      0.178  179.82   0.091
OGLE-LMC-LPV-74323  14.476 16.282  118.22   0.346  105.84   0.128  122.59   0.118
OGLE-LMC-LPV-74327  14.039 17.390  171.79   0.103  594.5    0.083  108.45   0.084
OGLE-LMC-LPV-74341  14.402 16.478  113.48   0.048  286.0    0.066  110.05   0.042
OGLE-LMC-LPV-74371  14.848 16.980   51.09   0.038  285.1    0.061   92.56   0.031
OGLE-LMC-LPV-74377  14.202 17.338  242.6    0.303  229.0    0.159  117.69   0.107
OGLE-LMC-LPV-74378  12.938 15.274  222.1    0.153  413.7    0.126 1792      0.086
OGLE-LMC-LPV-74399  13.604 15.910  158.98   0.134 1812      0.227  375.0    0.135
OGLE-LMC-LPV-74403  15.053 17.233   95.03   0.044  475.3    0.104  590.3    0.063
OGLE-LMC-LPV-74411  13.564 16.097  342.4    0.295  625.4    0.086  389.7    0.059
OGLE-LMC-LPV-74415  15.160 17.904   86.84   0.058 2273      0.107  134.17   0.077
OGLE-LMC-LPV-74425  14.217 17.283  370.2    0.343  165.10   0.139 4149      0.102
OGLE-LMC-LPV-74433  14.516 16.854  124.61   0.099  139.55   0.072   78.93   0.060
OGLE-LMC-LPV-74444  14.188 17.770  146.25   0.355 2558      0.222  270.1    0.166
OGLE-LMC-LPV-74462  14.853 17.154   90.99   0.041  318.7    0.060  407.3    0.051
OGLE-LMC-LPV-74470  14.226    -    227.1    0.552  123.24   0.184 3846      0.163
OGLE-LMC-LPV-74473  13.964 16.683  104.28   0.064 1739      0.325  162.52   0.062
OGLE-LMC-LPV-74476  14.198    -    499.3    0.694  212.3    0.582   22.295  0.067
OGLE-LMC-LPV-74479  14.919 17.605   81.12   0.105  139.86   0.070  130.45   0.052
OGLE-LMC-LPV-74491  13.775 16.913  145.69   0.225  151.72   0.096  325.0    0.075
OGLE-LMC-LPV-74510  13.676 16.607  167.36   0.115 1550      0.077  133.37   0.047
OGLE-LMC-LPV-74526  14.861 18.536  452.0    0.671 4525      0.587  440.7    0.143
OGLE-LMC-LPV-74528  14.276 17.572  261.9    0.474  145.43   0.184  298.5    0.091
OGLE-LMC-LPV-74530  14.419 16.862  342.1    0.216  599.2    0.108  382.1    0.060
OGLE-LMC-LPV-74537  14.211 16.886  192.70   0.226  206.2    0.134  112.65   0.086
OGLE-LMC-LPV-74540  14.318 17.343   90.99   0.084  728.3    0.129 4184      0.091
OGLE-LMC-LPV-74545  14.605 18.548  132.01   0.270  228.7    0.265 1764      0.103
OGLE-LMC-LPV-74547  14.132 16.564  125.51   0.141  625.0    0.114  129.72   0.093
OGLE-LMC-LPV-74557  14.421 17.583  131.49   0.084  689.2    0.134  157.11   0.072
OGLE-LMC-LPV-74566  14.744 17.822  122.55   0.123 3571      0.146  226.6    0.104
OGLE-LMC-LPV-74569  14.326 16.949   88.65   0.182 1104      0.105   90.59   0.084
OGLE-LMC-LPV-74576  14.631 16.365   70.55   0.033  449.0    0.026  318.3    0.022
OGLE-LMC-LPV-74582  14.836 16.964   73.53   0.074  573.4    0.069  117.79   0.042
OGLE-LMC-LPV-74594  14.084 16.216   80.53   0.056  623.4    0.063   82.24   0.029
OGLE-LMC-LPV-74597  15.014 17.573  108.23   0.105  846.0    0.248  458.5    0.131
OGLE-LMC-LPV-74602  15.318 18.970  397.3    0.190  570.5    0.125  178.99   0.085
OGLE-LMC-LPV-74603  14.068 16.796  158.15   0.060 1684      0.115  240.1    0.075
OGLE-LMC-LPV-74605  14.055 16.784  103.92   0.090  181.29   0.109  173.61   0.071
OGLE-LMC-LPV-74606  15.505 17.924   45.000  0.031  337.2    0.044   78.09   0.025
OGLE-LMC-LPV-74622  14.718 16.753   65.60   0.068 2110      0.077  219.0    0.054
OGLE-LMC-LPV-74632  14.990 17.381  101.90   0.109 4132      0.416  825.8    0.092
OGLE-LMC-LPV-74638  14.112 17.043  169.86   0.171  202.6    0.118 1048      0.122
OGLE-LMC-LPV-74665  14.532 16.674  111.27   0.091  226.8    0.068  759.3    0.053
OGLE-LMC-LPV-74667  14.098 17.439  233.6    0.439  244.0    0.233  132.08   0.236
OGLE-LMC-LPV-74672  14.748 16.764   58.90   0.040  205.0    0.047  170.68   0.042
OGLE-LMC-LPV-74676  14.024 16.594  127.63   0.137  860.6    0.160  133.58   0.065
OGLE-LMC-LPV-74678  14.174 17.184  165.92   0.110  730.5    0.222 1001      0.221
OGLE-LMC-LPV-74702  14.552 17.733  105.78   0.140  191.98   0.131  352.6    0.088
OGLE-LMC-LPV-74718  14.100 17.762  131.93   0.179 1148      0.124  123.50   0.125
OGLE-LMC-LPV-74727  14.502 16.864   73.54   0.091  112.12   0.078  136.48   0.071
OGLE-LMC-LPV-74731  15.523 18.119  113.40   0.214  102.03   0.117   61.00   0.080
OGLE-LMC-LPV-74737  14.623 16.589   57.61   0.041   95.51   0.025  420.7    0.025
OGLE-LMC-LPV-74739  14.187 17.380  122.07   0.113  109.97   0.116  427.5    0.100
OGLE-LMC-LPV-74741  15.138 18.096   64.91   0.078 2717      0.102  185.25   0.071
OGLE-LMC-LPV-74742  14.010 16.267  105.45   0.071  961.5    0.064  747.9    0.052
OGLE-LMC-LPV-74756  14.739 17.550  113.22   0.050 1019      0.106  815.0    0.048
OGLE-LMC-LPV-74767  15.290 17.807   98.93   0.519   55.21   0.118  101.11   0.107
OGLE-LMC-LPV-74787  14.628 17.643  170.12   0.153  921.7    0.143  233.7    0.088
OGLE-LMC-LPV-74791  14.637 17.331  100.96   0.109  163.19   0.124   96.02   0.080
OGLE-LMC-LPV-74797  14.407 17.387  154.30   0.142  282.6    0.163  313.5    0.105
OGLE-LMC-LPV-74800  14.783 17.616   95.21   0.062 1477      0.166 4310      0.092
OGLE-LMC-LPV-74834  14.713 16.259   60.06   0.030   57.16   0.025   57.94   0.019
OGLE-LMC-LPV-74835  14.121 16.632  262.3    0.131  301.7    0.069  223.1    0.045
OGLE-LMC-LPV-74872  14.481 17.678  185.05   0.275 1344      0.105  166.81   0.090
OGLE-LMC-LPV-74876  14.391 16.818  361.8    0.167  286.8    0.055  110.58   0.055
OGLE-LMC-LPV-74877  14.592 16.614   64.05   0.117  891.3    0.088  105.39   0.081
OGLE-LMC-LPV-74878  15.679 19.367  104.60   0.136  187.37   0.074 1269      0.070
OGLE-LMC-LPV-74879  14.057 15.856   73.97   0.139   70.84   0.070  123.37   0.062
OGLE-LMC-LPV-74880  13.893 16.139  105.86   0.091  893.7    0.083   99.54   0.050
OGLE-LMC-LPV-74889  14.536 17.832  392.3    0.275  224.0    0.132  914.1    0.124
OGLE-LMC-LPV-74892  14.258 16.545   78.14   0.140 1088      0.103   76.62   0.082
OGLE-LMC-LPV-74900  14.494 16.822   75.51   0.114  131.70   0.083   71.61   0.073
OGLE-LMC-LPV-74929  13.962 16.854  200.6    0.160 1199      0.140  333.9    0.129
OGLE-LMC-LPV-74957  14.312 16.615  159.48   0.320   85.20   0.133  219.9    0.064
OGLE-LMC-LPV-74964  15.103 17.822  111.56   0.071   81.10   0.043  132.19   0.040
OGLE-LMC-LPV-74967  13.986 16.645  160.76   0.128  856.9    0.081  146.22   0.068
OGLE-LMC-LPV-74969  13.961 17.889  305.2    0.202  162.00   0.123  213.7    0.096
OGLE-LMC-LPV-74972  14.333 17.814  111.26   0.094 3817      0.110  196.16   0.103
OGLE-LMC-LPV-74976  14.247 16.767  137.25   0.043  612.7    0.083  234.4    0.055
OGLE-LMC-LPV-74991  14.168 17.480  128.92   0.334  117.69   0.121  238.5    0.105
OGLE-LMC-LPV-74993  14.250 16.125  140.56   0.380  148.28   0.130   72.22   0.107
OGLE-LMC-LPV-75002  13.965 16.974  172.09   0.215 2475      0.438  588.9    0.161
OGLE-LMC-LPV-75006  14.010 16.682  215.6    0.394 1129      0.107  113.31   0.089
OGLE-LMC-LPV-75014  14.602 16.294   75.27   0.060  638.2    0.037   46.430  0.033
OGLE-LMC-LPV-75038  14.257 16.859  188.44   0.348   99.72   0.152  158.68   0.110
OGLE-LMC-LPV-75045  13.935 17.063  202.8    0.243 2358      0.171  365.9    0.132
OGLE-LMC-LPV-75047  14.119 17.053  185.32   0.082 1038      0.105  193.65   0.076
OGLE-LMC-LPV-75055  13.942 16.388  260.7    0.128  295.6    0.089  141.52   0.068
OGLE-LMC-LPV-75058  14.103 16.982   90.93   0.047  696.4    0.073  212.4    0.059
OGLE-LMC-LPV-75064  14.215 16.243   78.15   0.126  205.6    0.092  150.85   0.063
OGLE-LMC-LPV-75070  14.330 16.596  223.7    0.231  209.2    0.099  298.0    0.059
OGLE-LMC-LPV-75078  14.562 16.208   64.26   0.027   43.664  0.027   59.45   0.026
OGLE-LMC-LPV-75080  14.856 16.837  110.71   0.071  104.85   0.059  100.30   0.053
OGLE-LMC-LPV-75086  14.724 16.845   58.29   0.049  302.7    0.073  403.2    0.033
OGLE-LMC-LPV-75092  13.842 16.876  196.27   0.121  738.0    0.114 3195      0.103
OGLE-LMC-LPV-75107  14.328 17.690  120.50   0.385 1513      0.099  108.53   0.099
OGLE-LMC-LPV-75116  14.369 16.515   80.81   0.043  598.4    0.059  509.9    0.046
OGLE-LMC-LPV-75122  14.315 16.900   82.54   0.088   85.35   0.064 3984      0.063
OGLE-LMC-LPV-75128  14.033 17.375  106.10   0.099  237.6    0.094  310.8    0.084
OGLE-LMC-LPV-75137  14.141 16.963  113.56   0.097  107.25   0.095  190.29   0.089
OGLE-LMC-LPV-75141  14.091 16.495  123.64   0.066 1236      0.094  129.80   0.069
OGLE-LMC-LPV-75143  14.807 18.074  299.0    0.226  896.9    0.168  191.50   0.103
OGLE-LMC-LPV-75144  13.801 16.430  150.17   0.065 1418      0.200 2618      0.086
OGLE-LMC-LPV-75147  13.453 16.424  435.2    0.340  392.3    0.158 2347      0.130
OGLE-LMC-LPV-75163  14.614 17.863  104.44   0.107 1477      0.132  184.81   0.096
OGLE-LMC-LPV-75177  15.026 17.947  129.52   0.129  541.7    0.161  427.9    0.123
OGLE-LMC-LPV-75196  14.491 17.898  202.0    0.166  818.3    0.118  214.5    0.093
OGLE-LMC-LPV-75203  15.516 17.688   78.14   0.113  230.6    0.067   88.74   0.055
OGLE-LMC-LPV-75242  14.158 17.212  195.58   0.149 1538      0.349  177.21   0.091
OGLE-LMC-LPV-75246  15.164 17.794  187.34   0.587 1585      0.384 5263      0.210
OGLE-LMC-LPV-75250  14.555 17.039   74.59   0.093  451.1    0.135  321.8    0.075
OGLE-LMC-LPV-75260  13.915 16.416  135.89   0.064 1637      0.108 1082      0.058
OGLE-LMC-LPV-75272  14.301 18.084  210.7    0.128  877.2    0.127  119.62   0.086
OGLE-LMC-LPV-75278  14.975 16.961   66.74   0.034   42.382  0.019  105.50   0.018
OGLE-LMC-LPV-75279  14.289 17.605  125.74   0.226  233.7    0.212  133.33   0.117
OGLE-LMC-LPV-75282  14.100 17.535  120.82   0.099 1185      0.142  105.47   0.115
OGLE-LMC-LPV-75284  14.716 16.567   62.52   0.034   99.01   0.034  413.4    0.030
OGLE-LMC-LPV-75286  14.204    -    296.5    0.347 2481      0.088  116.31   0.057
OGLE-LMC-LPV-75300  14.611 16.916   76.08   0.173 1161      0.092  121.05   0.077
OGLE-LMC-LPV-75304  14.580 17.201   71.43   0.069  322.1    0.113  122.59   0.056
OGLE-LMC-LPV-75316  13.980 16.114   85.34   0.136  980.4    0.081  145.29   0.083
OGLE-LMC-LPV-75323  14.752 17.002  102.11   0.056  184.37   0.074  173.58   0.048
OGLE-LMC-LPV-75332  14.137 16.540  125.38   0.069 1019      0.085  116.52   0.055
OGLE-LMC-LPV-75349  14.376 17.083   91.07   0.102  158.08   0.098 2146      0.064
OGLE-LMC-LPV-75353  13.961 16.596  163.48   0.178 2203      0.299  169.38   0.059
OGLE-LMC-LPV-75357  14.620 17.779  136.36   0.102 1135      0.334 5495      0.223
OGLE-LMC-LPV-75359  13.734 16.026  110.24   0.093  945.2    0.116  106.92   0.066
OGLE-LMC-LPV-75361  14.590 17.663  100.98   0.129  197.28   0.147  269.8    0.092
OGLE-LMC-LPV-75365  14.595 16.226   65.03   0.022 1264      0.020   39.108  0.018
OGLE-LMC-LPV-75387  14.461 18.134  133.69   0.151  250.2    0.144  986.2    0.098
OGLE-LMC-LPV-75389  13.282 15.764  182.28   0.082 1486      0.218  168.29   0.073
OGLE-LMC-LPV-75393  14.950 17.414   96.13   0.070  741.3    0.117  563.7    0.053
OGLE-LMC-LPV-75395  15.270 17.094   96.28   0.049   54.07   0.032   31.714  0.028
OGLE-LMC-LPV-75427  13.378 15.635  148.13   0.059 1538      0.109  995.0    0.051
OGLE-LMC-LPV-75428  14.115 17.869  283.0    0.210 1032      0.081  159.31   0.055
OGLE-LMC-LPV-75437  15.262 17.081   38.442  0.051   60.92   0.038   58.60   0.031
OGLE-LMC-LPV-75444  14.044 16.488  207.1    0.483  177.53   0.383  274.0    0.134
OGLE-LMC-LPV-75445  14.694 16.759   75.51   0.039  290.4    0.038  709.7    0.034
OGLE-LMC-LPV-75458  14.507 16.593   83.31   0.050 2907      0.107  199.68   0.104
OGLE-LMC-LPV-75463  14.531 16.965  890.4    0.286  117.73   0.089  182.08   0.061
OGLE-LMC-LPV-75469  13.183 15.427  172.54   0.209 2762      0.097  203.6    0.045
OGLE-LMC-LPV-75486  14.317 17.101  142.21   0.118  907.4    0.102  150.90   0.087
OGLE-LMC-LPV-75491  14.396 17.277   84.82   0.091  584.5    0.090 5917      0.065
OGLE-LMC-LPV-75497  14.216 16.488  130.29   0.043  742.9    0.083 1133      0.053
OGLE-LMC-LPV-75500  13.797 16.486  274.4    0.161  851.8    0.115 1876      0.074
OGLE-LMC-LPV-75506  14.765 16.649   77.40   0.027 2268      0.073  317.0    0.035
OGLE-LMC-LPV-75512  14.155 16.870  284.0    0.120  154.68   0.060  170.79   0.040
OGLE-LMC-LPV-75523  14.380 16.641  137.55   0.141 1019      0.104  721.0    0.078
OGLE-LMC-LPV-75529  14.669 17.284  117.93   0.082   78.91   0.056  344.7    0.046
OGLE-LMC-LPV-75530  14.234 17.312  427.7    0.500 1089      0.244  201.1    0.118
OGLE-LMC-LPV-75555  14.313 16.197  125.94   0.578  121.07   0.182  129.62   0.126
OGLE-LMC-LPV-75568  13.567 16.782  243.3    0.099  298.1    0.061  205.7    0.055
OGLE-LMC-LPV-75579  14.141 16.693  269.8    0.141  250.2    0.108  171.88   0.063
OGLE-LMC-LPV-75585  14.739 17.796   80.33   0.103  886.5    0.149   75.58   0.104
OGLE-LMC-LPV-75586  14.432 18.112  120.54   0.249  213.3    0.090 2079      0.075
OGLE-LMC-LPV-75594  15.722 18.820  289.9    0.587 1761      0.842  285.3    0.351
OGLE-LMC-LPV-75602  14.578 17.529  191.67   0.194  805.2    0.118  137.70   0.093
OGLE-LMC-LPV-75608  14.456 17.697  358.0    0.284  167.84   0.105  505.1    0.086
OGLE-LMC-LPV-75621  14.806 16.555   61.85   0.025   65.41   0.020   70.45   0.019
OGLE-LMC-LPV-75624  14.031 16.343  118.06   0.104  128.75   0.071  632.5    0.063
OGLE-LMC-LPV-75625  13.913 17.150  278.9    0.452 3030      0.840  217.8    0.217
OGLE-LMC-LPV-75637  15.377 18.330  135.99   0.763  140.39   0.220 3425      0.131
OGLE-LMC-LPV-75661  13.975 16.554  144.61   0.098 1764      0.161  135.94   0.092
OGLE-LMC-LPV-75662  14.030 16.347  940.7    0.179  718.4    0.100  110.18   0.046
OGLE-LMC-LPV-75673  14.185 17.120  145.71   0.117 1647      0.207 3663      0.079
OGLE-LMC-LPV-75676  14.792 18.640  108.64   0.161 1115      0.120  177.87   0.082
OGLE-LMC-LPV-75679  14.074 16.596  308.7    0.257  164.55   0.076  397.3    0.059
OGLE-LMC-LPV-75683  14.304 17.444  172.20   0.124  749.6    0.100 1647      0.088
OGLE-LMC-LPV-75696  14.152 17.320  376.1    0.297  448.0    0.146  297.5    0.128
OGLE-LMC-LPV-75699  14.467 17.913  152.88   0.132  709.7    0.184  102.53   0.067
OGLE-LMC-LPV-75710  13.963 16.435  121.14   0.055 1294      0.139  588.2    0.056
OGLE-LMC-LPV-75713  14.471 16.919   96.24   0.055  427.9    0.098  308.2    0.083
OGLE-LMC-LPV-75715  13.929 16.317  137.37   0.146 1590      0.112  142.29   0.054
OGLE-LMC-LPV-75725  14.370 16.255   73.49   0.042  671.1    0.064  515.2    0.037
OGLE-LMC-LPV-75726  14.272 16.486  105.97   0.048 2128      0.050  194.55   0.038
OGLE-LMC-LPV-75727  12.961 14.815  182.76   0.018  439.6    0.022 1274      0.018
OGLE-LMC-LPV-75730  15.566 17.496   61.36   0.207   57.83   0.104   62.29   0.071
OGLE-LMC-LPV-75740  14.862 17.097  115.25   0.143   64.75   0.121  729.9    0.112
OGLE-LMC-LPV-75749  14.485 17.948  413.1    0.468 1307      0.284  392.2    0.162
OGLE-LMC-LPV-75750  14.683 18.613  210.7    0.442  120.96   0.208  237.0    0.164
OGLE-LMC-LPV-75757  15.428 17.872   79.78   0.107  909.1    0.231 1221      0.151
OGLE-LMC-LPV-75758  14.669 16.551   92.47   0.101  100.89   0.085  109.49   0.070
OGLE-LMC-LPV-75760  15.154 18.103  120.12   0.092  522.5    0.297  904.2    0.130
OGLE-LMC-LPV-75763  14.346 17.883  476.9    0.288 3086      0.456  214.2    0.141
OGLE-LMC-LPV-75770  14.571 17.073  120.05   0.102  734.8    0.098  142.23   0.072
OGLE-LMC-LPV-75775  14.704 16.845   73.77   0.040  592.1    0.054  119.57   0.042
OGLE-LMC-LPV-75777  14.859 17.226   61.14   0.049  446.0    0.056  171.09   0.039
OGLE-LMC-LPV-75781  14.466 17.226  247.4    0.147  281.1    0.105 1135      0.071
OGLE-LMC-LPV-75784  14.416 17.698  228.0    0.577  494.1    0.128  129.20   0.108
OGLE-LMC-LPV-75785  14.165 16.465  137.33   0.112 1028      0.086   86.19   0.065
OGLE-LMC-LPV-75789  14.799 16.908   99.69   0.133   57.08   0.086  102.43   0.054
OGLE-LMC-LPV-75791  14.393 17.179  230.2    0.094 1277      0.100 1034      0.086
OGLE-LMC-LPV-75793  14.327 17.134   95.98   0.101 4000      0.111  183.02   0.085
OGLE-LMC-LPV-75796  13.308 16.167  210.6    0.184 2146      0.259  322.8    0.095
OGLE-LMC-LPV-75800  14.451 16.964  126.45   0.075  543.8    0.101  720.5    0.074
OGLE-LMC-LPV-75808  14.664 16.998   66.19   0.050  537.9    0.069  248.5    0.053
OGLE-LMC-LPV-75814  14.492 16.746  229.0    0.291  120.00   0.127 2994      0.063
OGLE-LMC-LPV-75817  14.538 17.235  132.00   0.068   92.96   0.067  191.39   0.061
OGLE-LMC-LPV-75825  14.673 18.020  103.17   0.092  174.98   0.084 1093      0.068
OGLE-LMC-LPV-75829  15.094 16.565   70.20   0.067  319.8    0.070  126.36   0.047
OGLE-LMC-LPV-75844  14.186 17.082  223.5    0.319  119.10   0.259  113.75   0.103
OGLE-LMC-LPV-75847  13.578 16.461  326.0    0.170 1988      0.159  396.7    0.087
OGLE-LMC-LPV-75851  15.051 18.607  193.09   0.333 1255      0.274  346.5    0.169
OGLE-LMC-LPV-75857  13.980 16.913  309.2    0.144  402.4    0.100  122.10   0.068
OGLE-LMC-LPV-75864  14.392 16.939   97.01   0.064 1089      0.082  150.04   0.054
OGLE-LMC-LPV-75865  14.653 17.346  309.8    0.651 6289      0.239 1232      0.110
OGLE-LMC-LPV-75919  13.909 16.985  251.0    0.242  275.1    0.135  129.99   0.112
OGLE-LMC-LPV-75927  14.719 17.257  108.82   0.058   70.67   0.056  362.6    0.050
OGLE-LMC-LPV-75928  15.529 17.919   49.107  0.134  694.4    0.101   86.48   0.097
OGLE-LMC-LPV-75929  15.088 18.886  192.98   0.199 2008      0.227  201.7    0.115
OGLE-LMC-LPV-75933  14.939 17.553  138.88   0.503  144.34   0.138  980.4    0.097
OGLE-LMC-LPV-75937  15.088 18.689  190.06   0.385  106.18   0.258  202.6    0.226
OGLE-LMC-LPV-75938  14.436 17.604  122.19   0.210  225.1    0.095  240.3    0.078
OGLE-LMC-LPV-75946  14.038 16.981  103.55   0.079  678.0    0.097  108.96   0.071
OGLE-LMC-LPV-75956  14.325 16.667   75.01   0.140  128.42   0.090 1328      0.072
OGLE-LMC-LPV-75960  14.322 16.838  149.19   0.141   84.05   0.086   76.77   0.074
OGLE-LMC-LPV-75966  14.635 16.641   77.12   0.125  132.64   0.074  480.3    0.050
OGLE-LMC-LPV-75971  15.265 17.442   48.570  0.041  248.7    0.049  269.1    0.053
OGLE-LMC-LPV-75973  14.355 16.688   74.51   0.080  491.6    0.105  407.8    0.089
OGLE-LMC-LPV-75974  15.259 18.556   84.60   0.134  147.10   0.091  571.8    0.070
OGLE-LMC-LPV-75979  14.195 17.162  166.03   0.072 1992      0.279 3891      0.128
OGLE-LMC-LPV-75985  14.068 16.541  121.31   0.085  127.89   0.060  498.3    0.054
OGLE-LMC-LPV-75993  14.856 17.688  115.82   0.140  205.0    0.093  269.0    0.055
OGLE-LMC-LPV-76002  14.246 16.979  102.37   0.087 2445      0.071  245.8    0.060
OGLE-LMC-LPV-76004  14.738 17.459 1343      0.532  142.31   0.098  325.6    0.074
OGLE-LMC-LPV-76011  14.767 17.538  281.7    0.139  259.9    0.072  145.67   0.052
OGLE-LMC-LPV-76014  14.349 18.244  199.49   0.210 1445      0.167  124.97   0.152
OGLE-LMC-LPV-76019  15.442 19.490  361.6    0.605  760.5    0.248 1488      0.227
OGLE-LMC-LPV-76030  15.223 17.242   74.67   0.044  524.4    0.037   87.26   0.031
OGLE-LMC-LPV-76036  14.532 17.768  187.75   0.252  338.0    0.205 1451      0.133
OGLE-LMC-LPV-76037  14.476 17.695  402.5    0.428 2353      0.661 5780      0.352
OGLE-LMC-LPV-76042  14.566 16.566   59.81   0.076   94.24   0.042   58.87   0.029
OGLE-LMC-LPV-76043  14.172 16.428   75.21   0.090  126.31   0.076   80.72   0.054
OGLE-LMC-LPV-76048  14.173 16.812  130.02   0.059 1616      0.175  230.0    0.050
OGLE-LMC-LPV-76056  14.836    -    100.19   0.238 1083      0.305   94.83   0.143
OGLE-LMC-LPV-76059  14.598 17.981  197.86   0.239 1812      0.462 4184      0.279
OGLE-LMC-LPV-76072  16.131 17.656   29.549  0.061   29.137  0.051   17.752  0.033
OGLE-LMC-LPV-76080  14.591 16.376   87.03   0.053  860.6    0.037   52.74   0.032
OGLE-LMC-LPV-76081  13.561 15.829  137.91   0.104 1222      0.127  132.01   0.046
OGLE-LMC-LPV-76099  14.652 17.739  151.58   0.081 1504      0.143  560.9    0.080
OGLE-LMC-LPV-76101  14.136 16.506  278.2    0.311  303.8    0.205  241.4    0.092
OGLE-LMC-LPV-76103  14.877 17.569  170.11   0.547   90.47   0.149  164.80   0.136
OGLE-LMC-LPV-76123  15.157 18.743  198.18   0.211  382.6    0.240 2653      0.205
OGLE-LMC-LPV-76127  14.856 17.054  134.70   0.081   71.42   0.057  765.1    0.049
OGLE-LMC-LPV-76133  14.298 17.712  110.37   0.094  114.90   0.076  664.9    0.069
OGLE-LMC-LPV-76147  14.102 17.159  168.10   0.112  564.7    0.084  100.84   0.055
OGLE-LMC-LPV-76150  14.880 17.938   88.92   0.111  148.46   0.088  900.9    0.086
OGLE-LMC-LPV-76154  13.848 16.269  120.19   0.053 1038      0.073  107.79   0.034
OGLE-LMC-LPV-76167  14.423 17.594  314.5    0.165  453.1    0.072  119.39   0.049
OGLE-LMC-LPV-76186  14.298 17.040   89.34   0.080  654.0    0.081  454.3    0.067
OGLE-LMC-LPV-76194  13.947 17.047  331.4    0.281  390.0    0.107 1433      0.074
OGLE-LMC-LPV-76206  15.248 17.694  158.91   0.504  136.44   0.229 1692      0.180
OGLE-LMC-LPV-76211  14.267 17.322   95.89   0.085  819.7    0.131  116.06   0.095
OGLE-LMC-LPV-76213  14.450 16.948  197.84   0.270  114.32   0.158  181.39   0.095
OGLE-LMC-LPV-76216  14.528 16.605  127.16   0.627  138.54   0.150  559.6    0.093
OGLE-LMC-LPV-76219  14.550 17.596  103.67   0.115  739.1    0.130  108.31   0.085
OGLE-LMC-LPV-76226  14.138 16.968  102.70   0.207 1025      0.154  109.76   0.115
OGLE-LMC-LPV-76228  13.875 15.988   96.41   0.063 3534      0.070  148.32   0.027
OGLE-LMC-LPV-76229  14.585 17.582  106.26   0.100  194.89   0.108  181.79   0.063
OGLE-LMC-LPV-76263  14.162 17.794  113.02   0.136  206.3    0.131  189.36   0.099
OGLE-LMC-LPV-76266  14.418 16.240   99.70   0.059  496.5    0.089  746.3    0.048
OGLE-LMC-LPV-76280  14.096 16.961  191.52   0.311  106.00   0.202  112.08   0.108
OGLE-LMC-LPV-76300  14.000 17.483  179.89   0.147  774.0    0.318  114.57   0.096
OGLE-LMC-LPV-76306  14.714 18.042  299.1    0.098  923.4    0.173 6061      0.088
OGLE-LMC-LPV-76312  14.645 17.216  261.4    0.375  241.9    0.128  587.2    0.089
OGLE-LMC-LPV-76316  14.571 18.309  211.4    0.179 1808      0.223 1151      0.112
OGLE-LMC-LPV-76326  14.440 17.287   96.67   0.136  182.62   0.141  173.52   0.106
OGLE-LMC-LPV-76329  15.630 17.960   46.160  0.067   84.27   0.063   91.86   0.051
OGLE-LMC-LPV-76341  14.134 17.293  185.36   0.144 2208      0.294  175.93   0.148
OGLE-LMC-LPV-76343  14.267 17.102  147.58   0.088  504.5    0.155  157.78   0.083
OGLE-LMC-LPV-76361  14.546 16.394   96.41   0.176  107.98   0.096   50.93   0.074
OGLE-LMC-LPV-76377  15.650 18.735   74.48   0.083  132.70   0.082   76.24   0.065
OGLE-LMC-LPV-76378  13.976 16.941  243.5    0.505  221.4    0.131  131.20   0.094
OGLE-LMC-LPV-76380  14.841 16.807   95.80   0.055 1613      0.051   92.07   0.036
OGLE-LMC-LPV-76384  13.234 15.816  220.9    0.222 2646      0.282  179.76   0.081
OGLE-LMC-LPV-76389  14.710 16.895   88.61   0.091  111.04   0.053  143.70   0.049
OGLE-LMC-LPV-76396  14.272 18.000  122.22   0.125 1484      0.119  922.5    0.070
OGLE-LMC-LPV-76409  15.236 17.609  109.98   0.240   98.87   0.071  117.55   0.072
OGLE-LMC-LPV-76414  14.733 17.959  185.31   0.159  311.9    0.112  341.2    0.109
OGLE-LMC-LPV-76423  13.908 16.831  316.6    0.248  521.4    0.172 2342      0.134
OGLE-LMC-LPV-76424  14.446 17.714  333.3    0.319  854.7    0.156  178.95   0.088
OGLE-LMC-LPV-76425  14.148 16.998  144.62   0.098  976.6    0.094  248.4    0.071
OGLE-LMC-LPV-76430  14.305 16.656  155.60   0.167   85.10   0.135  138.45   0.084
OGLE-LMC-LPV-76434  14.783 17.962  357.5    0.403  429.9    0.134 1311      0.098
OGLE-LMC-LPV-76435  14.696 17.428   76.31   0.036 1621      0.105  159.44   0.038
OGLE-LMC-LPV-76443  13.960 17.186  233.2    0.185 1608      0.178  207.2    0.078
OGLE-LMC-LPV-76452  14.417 18.016  414.4    0.292  217.3    0.127  851.1    0.100
OGLE-LMC-LPV-76461  14.334 17.483  367.1    0.180  192.94   0.090  480.8    0.074
OGLE-LMC-LPV-76463  14.879 17.690  232.3    0.165 2532      0.263 5747      0.166
OGLE-LMC-LPV-76478  14.129 17.481  415.5    0.207  923.4    0.227  192.23   0.101
OGLE-LMC-LPV-76496  14.866 17.698  185.73   0.129  273.1    0.062  620.7    0.052
OGLE-LMC-LPV-76499  14.620 16.269   64.90   0.027  182.82   0.020 1225      0.020
OGLE-LMC-LPV-76501  14.596 17.554  340.2    0.353 1318      0.147  256.3    0.080
OGLE-LMC-LPV-76510  14.218 16.982  345.3    0.303  187.37   0.150  310.6    0.144
OGLE-LMC-LPV-76515  14.930 17.785  164.02   0.055  718.9    0.108 1610      0.074
OGLE-LMC-LPV-76523  14.132 17.919  127.21   0.116  827.8    0.147  118.81   0.086
OGLE-LMC-LPV-76534  14.418 16.180   91.98   0.149  530.5    0.069   95.29   0.069
OGLE-LMC-LPV-76536  17.504 20.811   51.33   0.050  323.2    0.055  364.2    0.046
OGLE-LMC-LPV-76542  13.982 16.877  151.03   0.123  919.1    0.454  731.0    0.159
OGLE-LMC-LPV-76559  14.200 17.322  158.88   0.088 6329      0.141  296.7    0.065
OGLE-LMC-LPV-76561  13.848 16.901  234.2    0.304  410.5    0.189  291.4    0.116
OGLE-LMC-LPV-76567  13.957 16.515  140.83   0.058 1076      0.250 2618      0.098
OGLE-LMC-LPV-76574  12.896 16.206  376.0    0.412  199.64   0.165  140.27   0.069
OGLE-LMC-LPV-76576  14.488 16.937  103.73   0.033  279.7    0.053 3257      0.031
OGLE-LMC-LPV-76586  14.010 16.866  156.94   0.088 1362      0.145 2500      0.094
OGLE-LMC-LPV-76588  17.398 21.804  146.18   0.096 3205      0.114  203.0    0.085
OGLE-LMC-LPV-76596  14.013 17.135  125.08   0.164  227.5    0.122  263.2    0.096
OGLE-LMC-LPV-76631  14.963 17.288   78.69   0.035  593.8    0.070  239.1    0.046
OGLE-LMC-LPV-76639  13.904 17.130  221.2    0.153 1377      0.198  362.3    0.133
OGLE-LMC-LPV-76640  13.881 16.969  466.9    0.256 1272      0.263  484.7    0.166
OGLE-LMC-LPV-76666  14.422 17.549  178.93   0.248  339.2    0.116  266.0    0.080
OGLE-LMC-LPV-76675  14.010 16.779  166.29   0.122 1272      0.078  154.80   0.062
OGLE-LMC-LPV-76678  13.955 16.878  314.8    0.254  410.5    0.099  115.53   0.074
OGLE-LMC-LPV-76681  14.306 17.123  322.2    0.246  733.7    0.142 5952      0.134
OGLE-LMC-LPV-76682  14.194 17.275  362.7    0.205 1359      0.115  386.2    0.102
OGLE-LMC-LPV-76688  14.638 17.630   85.20   0.151  935.5    0.129   86.81   0.099
OGLE-LMC-LPV-76698  13.807 16.268  135.56   0.108 1093      0.143 2381      0.062
OGLE-LMC-LPV-76699  13.727 16.052 1168      0.226  116.24   0.052  252.8    0.039
OGLE-LMC-LPV-76703  13.988 16.520  130.72   0.055  482.4    0.080  252.6    0.074
OGLE-LMC-LPV-76710  14.344 17.625  205.5    0.211 1183      0.205  319.2    0.062
OGLE-LMC-LPV-76718  14.725 18.332  196.88   0.160  185.77   0.134  176.55   0.090
OGLE-LMC-LPV-76722  14.826 16.293   38.700  0.068   64.28   0.047   36.252  0.042
OGLE-LMC-LPV-76735  14.955 17.357   78.43   0.041  307.1    0.037   83.26   0.036
OGLE-LMC-LPV-76739  13.943 16.479  129.18   0.167 1309      0.216  218.2    0.095
OGLE-LMC-LPV-76747  13.424 15.412  115.06   0.066 1220      0.073   85.16   0.040
OGLE-LMC-LPV-76751  13.558 16.178  130.56   0.226  249.0    0.166  281.2    0.114
OGLE-LMC-LPV-76762  14.844 17.475   66.93   0.049  467.1    0.070   71.23   0.036
OGLE-LMC-LPV-76789  14.198 15.948  122.70   0.476  112.78   0.079  129.22   0.061
OGLE-LMC-LPV-76791  13.184 15.599  197.21   0.126 1366      0.128  325.1    0.110
OGLE-LMC-LPV-76804  13.695 17.505  159.81   0.129  267.2    0.118 1362      0.111
OGLE-LMC-LPV-76810  14.164 17.158   97.24   0.078  469.0    0.122  178.32   0.091
OGLE-LMC-LPV-76825  14.103 16.823  213.8    0.482  119.80   0.135  882.6    0.131
OGLE-LMC-LPV-76829  14.402 16.816   95.56   0.057  377.2    0.081  595.2    0.058
OGLE-LMC-LPV-76833  14.315 16.280   66.25   0.148  749.6    0.073   69.04   0.048
OGLE-LMC-LPV-76834  14.269 18.278  126.51   0.136  216.6    0.116  207.3    0.112
OGLE-LMC-LPV-76835  14.233 16.714  268.0    0.342  806.5    0.161  531.3    0.108
OGLE-LMC-LPV-76844  15.475 20.128  188.32   0.117  668.0    0.125  518.1    0.069
OGLE-LMC-LPV-76858  14.227 17.206  302.6    0.186  176.80   0.116  376.4    0.096
OGLE-LMC-LPV-76860  14.304 17.822  447.0    0.679 4695      0.397 1170      0.166
OGLE-LMC-LPV-76868  14.519    -    126.18   0.138  715.8    0.083  449.6    0.072
OGLE-LMC-LPV-76877  14.592 18.328  434.6    0.346 1040      0.187  226.6    0.105
OGLE-LMC-LPV-76879  14.382 17.376   88.02   0.065  760.5    0.064   81.02   0.055
OGLE-LMC-LPV-76880  14.926 17.275  127.55   0.267   66.90   0.129  114.55   0.114
OGLE-LMC-LPV-76895  14.737 17.220   81.31   0.055 1087      0.087  134.16   0.044
OGLE-LMC-LPV-76898  12.899 14.631  112.92   0.449   53.67   0.090   60.41   0.082
OGLE-LMC-LPV-76914  14.772 17.582  272.2    0.159  140.85   0.135  145.92   0.072
OGLE-LMC-LPV-76928  15.351 18.078   53.89   0.079   52.33   0.061  100.53   0.062
OGLE-LMC-LPV-76934  14.528 18.328  802.6    0.459 6849      0.157  184.06   0.107
OGLE-LMC-LPV-76936  14.203 16.720 1284      0.275  203.3    0.073 3597      0.059
OGLE-LMC-LPV-76945  14.395 17.435  405.4    0.503 1515      0.320  323.4    0.121
OGLE-LMC-LPV-76983  14.533 16.983   66.80   0.057   92.22   0.059  228.3    0.035
OGLE-LMC-LPV-77000  14.177 17.718  240.6    0.224  447.6    0.244  498.3    0.184
OGLE-LMC-LPV-77003  15.256 18.534   76.76   0.137 2770      0.105  123.14   0.087
OGLE-LMC-LPV-77027  14.100 16.764  184.82   0.353  103.25   0.141  245.3    0.080
OGLE-LMC-LPV-77031  14.187 16.626  953.7    0.210  195.47   0.037  155.45   0.035
OGLE-LMC-LPV-77035  13.907 17.032  243.5    0.176 2381      0.224  209.7    0.100
OGLE-LMC-LPV-77038  14.114 18.014  125.89   0.184  210.8    0.150  757.0    0.118
OGLE-LMC-LPV-77043  15.000 17.697  139.10   0.052 2387      0.183  273.4    0.049
OGLE-LMC-LPV-77052  14.468 17.182  269.0    0.379  141.78   0.140  239.6    0.103
OGLE-LMC-LPV-77061  14.732 17.812  236.6    0.223 1093      0.504 1374      0.295
OGLE-LMC-LPV-77072  14.596 17.008  240.2    0.303  130.92   0.140 1221      0.074
OGLE-LMC-LPV-77075  14.072 17.097  399.7    0.417 2079      0.389  189.50   0.113
OGLE-LMC-LPV-77077  14.191 17.088  173.67   0.145  165.04   0.125 1159      0.098
OGLE-LMC-LPV-77086  14.227 16.773  271.2    0.208 1727      0.108  142.67   0.092
OGLE-LMC-LPV-77095  14.644 17.354  265.0    0.275  309.4    0.110  194.86   0.081
OGLE-LMC-LPV-77103  16.467 18.949  100.83   0.483  107.12   0.115   97.81   0.090
OGLE-LMC-LPV-77107  13.971 17.160  110.20   0.091 2618      0.110  668.9    0.099
OGLE-LMC-LPV-77111  13.458 15.777  149.76   0.083  892.9    0.058  393.9    0.060
OGLE-LMC-LPV-77112  14.630 16.846  118.14   0.062  691.6    0.038  112.94   0.038
OGLE-LMC-LPV-77116  13.208 15.598  189.79   0.107 1277      0.157  203.6    0.052
OGLE-LMC-LPV-77117  14.909 17.350  177.37   0.508  168.78   0.116  126.63   0.106
OGLE-LMC-LPV-77131  14.373 17.114   90.83   0.111  169.61   0.087  210.5    0.059
OGLE-LMC-LPV-77136  14.778 16.535  106.33   0.256   85.10   0.168   89.46   0.190
OGLE-LMC-LPV-77152  14.145 17.995  194.15   0.142  114.76   0.091  227.4    0.080
OGLE-LMC-LPV-77153  13.384 15.829  165.18   0.102  856.9    0.106 1200      0.075
OGLE-LMC-LPV-77158  14.564 17.693  102.61   0.144 1414      0.109  151.54   0.095
OGLE-LMC-LPV-77159  15.120 18.450  283.5    0.396 2381      0.499  272.4    0.188
OGLE-LMC-LPV-77183  15.093 17.707   70.72   0.045  330.7    0.088  424.1    0.083
OGLE-LMC-LPV-77192  15.995 19.068   53.09   0.095  697.4    0.063   56.07   0.057
OGLE-LMC-LPV-77204  14.525 16.238   80.06   0.029   43.356  0.022   73.52   0.018
OGLE-LMC-LPV-77216  14.789 17.145   66.72   0.052  106.88   0.043 5882      0.040
OGLE-LMC-LPV-77222  14.903 17.581  116.78   0.063  603.1    0.094 1117      0.086
OGLE-LMC-LPV-77246  14.820 16.808   85.04   0.050  268.3    0.042  252.3    0.031
OGLE-LMC-LPV-77263  14.617 16.729  111.62   0.064  297.0    0.061  551.3    0.043
OGLE-LMC-LPV-77264  13.792 16.178  124.38   0.110 2545      0.102   86.15   0.035
OGLE-LMC-LPV-77266  13.652 16.422  223.5    0.104  523.3    0.207  190.62   0.118
OGLE-LMC-LPV-77275  16.593 20.114   63.64   0.131  106.92   0.107  111.84   0.090
OGLE-LMC-LPV-77300  15.817 18.312   38.002  0.068   33.653  0.034 3861      0.029
OGLE-LMC-LPV-77308  14.296 18.225  228.9    0.200 1527      0.153  128.40   0.121
OGLE-LMC-LPV-77311  15.250 17.148   45.622  0.034   46.633  0.028   72.22   0.026
OGLE-LMC-LPV-77354  14.851 18.468  204.7    0.244 1718      0.226  411.0    0.127
OGLE-LMC-LPV-77365  15.354 17.347   65.17   0.040   58.28   0.031   39.543  0.029
OGLE-LMC-LPV-77371  14.622 18.069   89.03   0.063  715.3    0.103  204.9    0.069
OGLE-LMC-LPV-77373  15.176 17.801   92.91   0.093  803.9    0.236 6623      0.146
OGLE-LMC-LPV-77380  14.301 17.409  167.22   0.075 2247      0.333  895.3    0.126
OGLE-LMC-LPV-77390  14.851 17.709  281.6    0.166 2674      0.089  161.84   0.070
OGLE-LMC-LPV-77401  14.327 16.842   83.51   0.180 1103      0.112  139.68   0.111
OGLE-LMC-LPV-77402  14.408 17.018  270.2    0.291  523.3    0.123  109.33   0.105
OGLE-LMC-LPV-77406  14.926 17.188   84.40   0.083  724.1    0.281 2681      0.288
OGLE-LMC-LPV-77408  15.062 17.439   81.82   0.063  119.88   0.057   80.37   0.049
OGLE-LMC-LPV-77413  14.686 16.537   99.37   0.050  742.4    0.096   53.30   0.038
OGLE-LMC-LPV-77417  15.285 18.181  213.7    0.113  113.05   0.079  125.41   0.059
OGLE-LMC-LPV-77419  15.767 19.740  177.09   0.181 1681      0.204  186.50   0.115
OGLE-LMC-LPV-77447  15.589 18.930  224.9    0.147  336.4    0.124  135.41   0.109
OGLE-LMC-LPV-77453  14.142 17.395  180.60   0.137 3984      0.277  164.69   0.085
OGLE-LMC-LPV-77456  13.621 16.026  123.08   0.059 1116      0.139  203.6    0.061
OGLE-LMC-LPV-77466  14.621 16.554   60.85   0.116   62.00   0.062  106.95   0.056
OGLE-LMC-LPV-77477  14.241 16.133  129.13   0.793  183.96   0.120  345.3    0.110
OGLE-LMC-LPV-77486  13.722 16.728  186.01   0.141 1838      0.273 4065      0.090
OGLE-LMC-LPV-77494  14.337 16.878  111.53   0.104  569.5    0.196  703.7    0.126
OGLE-LMC-LPV-77500  14.861 17.637  109.52   0.064  607.9    0.119  728.3    0.077
OGLE-LMC-LPV-77517  14.146 16.669  213.2    0.537  200.6    0.196 3937      0.126
OGLE-LMC-LPV-77522  14.152 17.112   91.72   0.094  520.3    0.117  141.56   0.057
OGLE-LMC-LPV-77523  15.004 18.410  298.7    0.185 1536      0.095  226.1    0.081
OGLE-LMC-LPV-77530  14.030 17.340  118.36   0.351 1513      0.160  142.67   0.095
OGLE-LMC-LPV-77532  14.126 16.577  162.74   0.405   91.33   0.149  148.39   0.099
OGLE-LMC-LPV-77533  15.748 19.430   99.55   0.174 1848      0.576 1236      0.306
OGLE-LMC-LPV-77560  14.343 17.280   89.19   0.093   79.33   0.078  904.2    0.056
OGLE-LMC-LPV-77563  14.747 18.152   81.88   0.095  125.71   0.074  613.1    0.071
OGLE-LMC-LPV-77565  15.031 18.090  111.12   0.096 1328      0.158  908.3    0.081
OGLE-LMC-LPV-77570  14.076 17.478  439.9    0.331  484.5    0.182  257.7    0.118
OGLE-LMC-LPV-77576  13.823 16.629  170.32   0.161 2315      0.149  265.5    0.085
OGLE-LMC-LPV-77582  15.911 18.975  173.49   0.086 1115      0.147  667.6    0.061
OGLE-LMC-LPV-77584  14.504 18.073  226.6    0.149 5208      0.599  493.3    0.086
OGLE-LMC-LPV-77588  14.109 16.521  188.38   0.233   99.30   0.161  169.61   0.067
OGLE-LMC-LPV-77590  14.363 17.520  201.1    0.142  362.5    0.094  235.2    0.050
OGLE-LMC-LPV-77593  14.529 17.364   94.29   0.128  491.6    0.162  271.6    0.072
OGLE-LMC-LPV-77610  14.297 16.590  109.90   0.166  191.39   0.059  103.14   0.051
OGLE-LMC-LPV-77616  15.420 19.434  430.5    0.213  714.8    0.121 1486      0.080
OGLE-LMC-LPV-77637  14.892 17.649  119.57   0.069  596.7    0.100   86.63   0.051
OGLE-LMC-LPV-77643  14.352 17.398  291.2    0.249  741.8    0.127  113.64   0.073
OGLE-LMC-LPV-77654  14.350 17.253  109.11   0.108  122.87   0.068 3534      0.067
OGLE-LMC-LPV-77655  14.012 16.928  203.4    0.143 1905      0.221  290.0    0.109
OGLE-LMC-LPV-77664  13.920 16.271 1028      0.241  408.8    0.075  144.55   0.049
OGLE-LMC-LPV-77680  15.458 18.673  120.26   0.091  871.1    0.153  235.3    0.081
OGLE-LMC-LPV-77683  14.196 16.878  333.4    0.514 2075      0.112  185.22   0.079
OGLE-LMC-LPV-77690  15.558 18.305   49.334  0.054  489.2    0.057  345.1    0.039
OGLE-LMC-LPV-77693  14.231 16.397   94.41   0.055  916.6    0.102  100.78   0.055
OGLE-LMC-LPV-77710  14.232 17.236  159.11   0.160 1672      0.287 3937      0.097
OGLE-LMC-LPV-77712  14.020 16.410  963.4    0.325 1570      0.071  386.1    0.062
OGLE-LMC-LPV-77717  14.337 16.223   77.79   0.080  675.2    0.121  124.70   0.084
OGLE-LMC-LPV-77724  14.679 17.198  126.14   0.107  775.8    0.108  112.40   0.072
OGLE-LMC-LPV-77728  13.490 15.788  185.53   0.068 1623      0.172  165.48   0.077
OGLE-LMC-LPV-77737  14.704 17.882  186.85   0.120 2315      0.217 5025      0.157
OGLE-LMC-LPV-77757  14.826 16.601   78.50   0.104  421.8    0.091   48.579  0.066
OGLE-LMC-LPV-77763  14.081 17.072  315.3    0.318  440.3    0.187  121.91   0.109
OGLE-LMC-LPV-77778  14.538 16.536   57.24   0.047  286.4    0.062  261.6    0.044
OGLE-LMC-LPV-77779  17.124 20.061  156.94   0.241  166.31   0.110   86.30   0.107
OGLE-LMC-LPV-77787  14.002 16.872  293.5    0.239 1770      0.211 3650      0.163
OGLE-LMC-LPV-77801  14.240 17.303  156.08   0.096  834.7    0.167  231.5    0.071
OGLE-LMC-LPV-77806  14.027 16.863  189.07   0.094  304.0    0.144 1299      0.103
OGLE-LMC-LPV-77808  14.343 17.873  198.65   0.129 2273      0.128  489.5    0.100
OGLE-LMC-LPV-77811  15.050 17.500  147.57   0.433   83.10   0.092  135.78   0.089
OGLE-LMC-LPV-77813  11.850 14.667  473.7    0.386  208.9    0.168  391.7    0.127
OGLE-LMC-LPV-77817  14.145 17.250  102.28   0.074  724.6    0.133  582.8    0.060
OGLE-LMC-LPV-77820  14.582 16.829  154.73   0.409  205.4    0.102  114.25   0.072
OGLE-LMC-LPV-77828  14.400 18.117  140.41   0.134 2740      0.254  128.53   0.149
OGLE-LMC-LPV-77850  14.207 17.432  409.3    0.457  328.6    0.230  759.3    0.112
OGLE-LMC-LPV-77852  14.505 17.699  195.49   0.201  380.8    0.222 1185      0.133
OGLE-LMC-LPV-77855  15.644 20.343  270.5    0.154  333.7    0.123 1397      0.066
OGLE-LMC-LPV-77856  14.778 17.250  151.87   0.520  141.76   0.352 2481      0.295
OGLE-LMC-LPV-77869  13.959 17.166  598.4    0.536 3731      0.508  735.3    0.242
OGLE-LMC-LPV-77894  14.257 17.491  383.4    0.597  470.6    0.116  178.09   0.110
OGLE-LMC-LPV-77895  14.781 17.990   98.11   0.110  229.9    0.072  102.04   0.061
OGLE-LMC-LPV-77897  14.307 17.459  107.35   0.150  186.81   0.165  102.28   0.114
OGLE-LMC-LPV-77922  14.737 17.043  133.13   0.180   74.85   0.083  144.11   0.063
OGLE-LMC-LPV-77940  14.566 17.677   88.96   0.087  527.1    0.088  719.4    0.079
OGLE-LMC-LPV-77944  15.597 17.627   36.443  0.074  652.3    0.074   50.25   0.068
OGLE-LMC-LPV-77954  15.194 19.091  123.69   0.139  241.3    0.139  229.5    0.091
OGLE-LMC-LPV-77967  15.392 18.872  174.65   0.196  101.05   0.174 1272      0.093
OGLE-LMC-LPV-77970  15.078    -    148.79   0.192  214.1    0.060  155.06   0.065
OGLE-LMC-LPV-77974  14.837 17.050   82.70   0.065  550.7    0.145  395.9    0.122
OGLE-LMC-LPV-77998  15.399 19.176  644.3    0.401  201.8    0.121  252.5    0.072
OGLE-LMC-LPV-78023  14.496 17.620  288.7    0.304  868.8    0.124  208.2    0.103
OGLE-LMC-LPV-78029  14.102 17.438  240.4    0.163  266.6    0.099  126.26   0.065
OGLE-LMC-LPV-78036  13.799 15.886  106.36   0.100  743.5    0.072  176.90   0.063
OGLE-LMC-LPV-78056  15.393 17.942   42.475  0.019 2564      0.070  320.1    0.034
OGLE-LMC-LPV-78058  15.299 16.761   34.889  0.070  192.38   0.072   67.98   0.057
OGLE-LMC-LPV-78063  14.130 16.803  190.59   0.100 1121      0.243 1513      0.087
OGLE-LMC-LPV-78071  14.180 16.725  131.43   0.089  424.8    0.066  123.69   0.059
OGLE-LMC-LPV-78075  14.268 17.368  254.6    0.296  144.13   0.152  135.67   0.094
OGLE-LMC-LPV-78080  14.540 17.732  387.2    0.435 2336      0.255 5495      0.116
OGLE-LMC-LPV-78083  14.327 17.405  395.4    0.727 1263      0.186  338.6    0.087
OGLE-LMC-LPV-78089  14.317 16.811   83.88   0.131  876.4    0.051   79.50   0.043
OGLE-LMC-LPV-78096  15.504 18.082  103.24   0.135  742.4    0.087   55.42   0.073
OGLE-LMC-LPV-78107  13.950 16.223  796.8    0.235  453.7    0.061  113.22   0.051
OGLE-LMC-LPV-78109  14.045 16.776  323.3    0.428  306.1    0.115  402.7    0.096
OGLE-LMC-LPV-78120  14.513 17.542  195.05   0.293  210.0    0.173  108.13   0.085
OGLE-LMC-LPV-78125  14.646 17.766  175.74   0.116  266.7    0.108 4032      0.077
OGLE-LMC-LPV-78134  14.214 17.092  194.63   0.156  331.2    0.139  931.1    0.102
OGLE-LMC-LPV-78146  14.197 16.576  123.71   0.137 1681      0.069   81.23   0.053
OGLE-LMC-LPV-78151  14.041 16.989   95.79   0.088  578.7    0.098  136.48   0.046
OGLE-LMC-LPV-78181  14.766 17.808  172.60   0.312  349.5    0.156  185.74   0.107
OGLE-LMC-LPV-78182  14.122 16.874  281.4    0.214 2198      0.138  179.76   0.098
OGLE-LMC-LPV-78211  14.421 16.938   81.27   0.123  922.5    0.130  136.09   0.119
OGLE-LMC-LPV-78218  14.742 17.427  101.54   0.048 1007      0.129 1681      0.053
OGLE-LMC-LPV-78221  15.140 16.984   73.22   0.138   65.57   0.060   77.09   0.051
OGLE-LMC-LPV-78224  14.546 17.018  132.78   0.118   77.69   0.085  998.0    0.080
OGLE-LMC-LPV-78226  14.966 18.319   96.49   0.262  173.46   0.136   99.88   0.089
OGLE-LMC-LPV-78228  14.762 18.212  210.7    0.202 1014      0.298  390.3    0.153
OGLE-LMC-LPV-78231  14.167 16.923  178.08   0.153  190.88   0.070  269.0    0.047
OGLE-LMC-LPV-78232  14.666 18.666  216.2    0.204  715.3    0.133  259.8    0.116
OGLE-LMC-LPV-78239  14.252 17.634  101.67   0.091  167.45   0.077  110.93   0.065
OGLE-LMC-LPV-78243  14.345 17.825  241.1    0.556  286.2    0.157  200.4    0.077
OGLE-LMC-LPV-78257  14.453 16.568  120.50   0.124  747.4    0.127   69.03   0.055
OGLE-LMC-LPV-78259  14.820 17.895  110.34   0.091 1770      0.175  174.89   0.091
OGLE-LMC-LPV-78260  14.483 16.853  125.63   0.180   72.70   0.139  977.5    0.080
OGLE-LMC-LPV-78262  14.355 18.152  123.92   0.182  238.7    0.115 1441      0.083
OGLE-LMC-LPV-78263  14.938 16.797   72.74   0.044 1163      0.052  252.3    0.037
OGLE-LMC-LPV-78264  13.923 16.534 1122      0.252  134.35   0.087  125.64   0.062
OGLE-LMC-LPV-78267  14.285 17.481  282.1    0.204  196.70   0.116  172.65   0.119
OGLE-LMC-LPV-78287  13.496 15.929  172.65   0.093 1253      0.184  259.7    0.065
OGLE-LMC-LPV-78294  14.499 17.209  219.7    0.163  270.7    0.115   93.66   0.052
OGLE-LMC-LPV-78305  14.350 15.418   77.53   0.097   73.26   0.106   44.645  0.067
OGLE-LMC-LPV-78311  15.576 18.910  149.72   0.102 1406      0.138  218.5    0.062
OGLE-LMC-LPV-78317  15.105 17.392   63.93   0.043  691.6    0.066  467.9    0.040
OGLE-LMC-LPV-78324  14.546 18.112  436.3    0.384  651.5    0.194 1460      0.125
OGLE-LMC-LPV-78329  14.650    -    145.37   0.539    2.0875 0.121    2.0579 0.088
OGLE-LMC-LPV-78331  13.159 15.883  293.9    0.035   79.14   0.045  807.8    0.040
OGLE-LMC-LPV-78342  14.350 17.214  292.7    0.204  567.9    0.144  174.52   0.099
OGLE-LMC-LPV-78344  14.864 17.074   65.47   0.046  420.9    0.118  335.8    0.071
OGLE-LMC-LPV-78354  16.333 20.729  384.7    0.746 1333      0.764 4695      0.546
OGLE-LMC-LPV-78372  14.185 17.358  109.19   0.166 1748      0.154  186.05   0.120
OGLE-LMC-LPV-78379  14.914 17.022   58.69   0.107   62.38   0.054   96.14   0.043
OGLE-LMC-LPV-78390  15.678 18.479   77.35   0.046  312.3    0.077  291.4    0.063
OGLE-LMC-LPV-78408  14.295 16.568   93.55   0.069 1276      0.098  156.86   0.059
OGLE-LMC-LPV-78415  13.868 16.665  156.82   0.067 1172      0.171 1724      0.099
OGLE-LMC-LPV-78422  14.611 16.507   83.33   0.034  412.2    0.068  286.3    0.050
OGLE-LMC-LPV-78428  14.080 17.279  193.22   0.121 2865      0.129  357.5    0.085
OGLE-LMC-LPV-78436  14.373 16.950   81.69   0.132   85.89   0.081   96.23   0.062
OGLE-LMC-LPV-78438  14.214 17.088  155.30   0.195  200.3    0.122 1468      0.088
OGLE-LMC-LPV-78441  14.528 16.517  134.03   0.510  130.36   0.186 6897      0.144
OGLE-LMC-LPV-78451  15.116 18.099   88.73   0.073  450.0    0.098  100.88   0.049
OGLE-LMC-LPV-78459  14.798 17.358  123.78   0.194  696.4    0.297  560.9    0.107
OGLE-LMC-LPV-78462  14.751 17.003   52.02   0.056  483.3    0.038    2.8766 0.026
OGLE-LMC-LPV-78468  16.365 20.717   97.74   0.077  188.68   0.079  242.8    0.078
OGLE-LMC-LPV-78469  14.589 17.430   81.59   0.080  136.31   0.050  125.11   0.052
OGLE-LMC-LPV-78486  15.271 17.616  106.81   0.113   59.59   0.087   62.02   0.084
OGLE-LMC-LPV-78487  14.024 16.619  244.0    0.267  689.7    0.092  126.04   0.079
OGLE-LMC-LPV-78494  14.562 17.051   76.92   0.055 2710      0.194  337.2    0.081
OGLE-LMC-LPV-78531  14.142 16.657  135.85   0.117 1242      0.206  249.6    0.119
OGLE-LMC-LPV-78554  14.324 16.515  103.16   0.046 1126      0.124 3356      0.061
OGLE-LMC-LPV-78559  13.897 16.943  195.24   0.149 1795      0.184  182.12   0.089
OGLE-LMC-LPV-78568  16.307 20.050  201.5    0.461 2591      0.185  186.46   0.112
OGLE-LMC-LPV-78570  14.741 16.868   99.91   0.040  300.8    0.070  527.1    0.051
OGLE-LMC-LPV-78580  14.430 16.282   60.46   0.036 1520      0.030  142.47   0.028
OGLE-LMC-LPV-78581  14.781 18.072  425.5    0.456 4386      1.050  436.1    0.327
OGLE-LMC-LPV-78584  14.159 16.859   96.06   0.152 1147      0.125  179.60   0.100
OGLE-LMC-LPV-78593  14.615 17.416  126.33   0.098  524.4    0.116 3268      0.069
OGLE-LMC-LPV-78611  14.805 17.725  298.5    0.224 3788      0.112  231.3    0.108
OGLE-LMC-LPV-78612  15.160 17.701   68.75   0.096  128.65   0.062   67.77   0.055
OGLE-LMC-LPV-78621  14.069    -    209.4    0.336  449.4    0.138  259.3    0.091
OGLE-LMC-LPV-78642  14.458 16.856  120.67   0.048  744.6    0.086  480.8    0.053
OGLE-LMC-LPV-78643  14.059 17.062  318.7    0.251  178.83   0.179 1730      0.133
OGLE-LMC-LPV-78646  14.362 16.571   71.66   0.200   70.04   0.059   73.58   0.057
OGLE-LMC-LPV-78663  14.536 17.218   80.55   0.093   83.74   0.066  649.8    0.060
OGLE-LMC-LPV-78672  14.946 17.996  220.5    0.172  691.6    0.335 1030      0.199
OGLE-LMC-LPV-78684  14.550 17.284  177.05   0.039 4184      0.166  195.81   0.033
OGLE-LMC-LPV-78693  14.236 16.744  265.5    0.159 2625      0.208  713.8    0.098
OGLE-LMC-LPV-78694  14.024 16.716  165.96   0.168 1060      0.156  174.83   0.092
OGLE-LMC-LPV-78700  13.770 16.018  100.81   0.092  430.7    0.090 1318      0.069
OGLE-LMC-LPV-78704  14.090 16.542  138.10   0.117  482.4    0.074  142.07   0.042
OGLE-LMC-LPV-78708  14.808 18.177   85.67   0.143   79.93   0.078  116.14   0.059
OGLE-LMC-LPV-78736  15.035 18.291  116.44   0.065  444.6    0.096  296.7    0.048
OGLE-LMC-LPV-78738  13.842 16.551  294.7    0.215 2427      0.098  170.10   0.067
OGLE-LMC-LPV-78751  14.101 17.001   90.38   0.049 2427      0.147  176.43   0.055
OGLE-LMC-LPV-78755  14.861 18.148  492.6    0.486 3788      0.705  238.8    0.236
OGLE-LMC-LPV-78758  14.311 16.870  112.06   0.081  900.1    0.191  531.1    0.100
OGLE-LMC-LPV-78759  14.880 16.938  116.93   0.134  121.73   0.059  239.3    0.047
OGLE-LMC-LPV-78765  15.106 17.945  130.54   0.491   72.91   0.155  138.54   0.135
OGLE-LMC-LPV-78768  14.390 16.393   72.22   0.057 1121      0.047  481.0    0.036
OGLE-LMC-LPV-78774  14.856 17.565 1109      0.393  113.73   0.138  118.74   0.100
OGLE-LMC-LPV-78787  14.405 16.601  114.52   0.072  311.5    0.132  258.0    0.066
OGLE-LMC-LPV-78791  14.303 16.199  130.20   0.791  189.97   0.170  252.4    0.146
OGLE-LMC-LPV-78792  14.033 17.188  113.32   0.145  107.27   0.119  284.2    0.083
OGLE-LMC-LPV-78796  14.761 17.100   86.93   0.050 3846      0.353  769.8    0.123
OGLE-LMC-LPV-78801  14.687 16.868  232.4    0.179  363.5    0.090  882.6    0.076
OGLE-LMC-LPV-78806  14.071 16.945  158.88   0.190 1610      0.239  345.7    0.103
OGLE-LMC-LPV-78821  14.427 17.010  165.81   0.179  840.3    0.161  331.7    0.110
OGLE-LMC-LPV-78828  14.592 17.209  278.4    0.635  133.60   0.159  145.22   0.116
OGLE-LMC-LPV-78833  14.276 17.825  187.62   0.154 1733      0.275  495.3    0.110
OGLE-LMC-LPV-78836  14.112 16.146  142.59   0.125  152.32   0.091   79.82   0.082
OGLE-LMC-LPV-78846  14.232 17.043  166.47   0.182 4425      0.280  158.83   0.108
OGLE-LMC-LPV-78850  14.477 17.892  113.06   0.122  214.1    0.152 1166      0.092
OGLE-LMC-LPV-78866  14.595 17.182  210.9    0.245  229.9    0.168  126.29   0.148
OGLE-LMC-LPV-78884  15.117 16.982   58.81   0.018  321.3    0.028  114.34   0.025
OGLE-LMC-LPV-78887  14.224 17.182  172.27   0.133  904.2    0.375  723.6    0.206
OGLE-LMC-LPV-78889  14.900 17.604  696.9    0.308  102.05   0.137  161.73   0.129
OGLE-LMC-LPV-78890  14.127 17.318  189.97   0.195 1931      0.293  375.4    0.110
OGLE-LMC-LPV-78892  14.702 16.911  117.34   0.127   66.19   0.110  737.5    0.074
OGLE-LMC-LPV-78901  14.489 17.335  122.09   0.049  829.9    0.119  174.89   0.072
OGLE-LMC-LPV-78904  13.919 17.088  106.59   0.052  761.0    0.087  334.8    0.066
OGLE-LMC-LPV-78905  14.718 17.267   79.69   0.073 3759      0.094  135.48   0.073
OGLE-LMC-LPV-78906  14.138 16.950  115.83   0.091  198.77   0.113  176.62   0.077
OGLE-LMC-LPV-78911  14.348 16.945  137.51   0.069  953.3    0.095  150.65   0.058
OGLE-LMC-LPV-78921  14.434 17.952  102.40   0.096  152.86   0.071  548.5    0.067
OGLE-LMC-LPV-78925  14.215 16.856   91.32   0.171  162.71   0.165   97.55   0.141
OGLE-LMC-LPV-78928  14.708 16.947  773.4    0.160  294.3    0.061  109.28   0.065
OGLE-LMC-LPV-78970  15.223 18.259  155.88   0.096   74.58   0.068   86.05   0.053
OGLE-LMC-LPV-78972  15.028 16.885   81.35   0.075 2994      0.081   84.12   0.069
OGLE-LMC-LPV-78977  13.780 16.446  206.9    0.231 3333      0.330  220.5    0.112
OGLE-LMC-LPV-78978  14.471 17.571 1055      0.349  182.02   0.083  860.6    0.080
OGLE-LMC-LPV-79001  14.509 17.127   83.53   0.080  878.0    0.069   87.72   0.064
OGLE-LMC-LPV-79003  14.692 16.945  106.46   0.051  166.64   0.034  563.1    0.032
OGLE-LMC-LPV-79006  13.888 16.137  110.80   0.044  684.0    0.055  103.81   0.027
OGLE-LMC-LPV-79014  14.804 17.898   90.16   0.102  456.8    0.098   92.62   0.074
OGLE-LMC-LPV-79015  15.024 17.616   84.65   0.043 1218      0.067  312.7    0.041
OGLE-LMC-LPV-79017  14.807 16.683   51.95   0.121   85.61   0.075  754.7    0.051
OGLE-LMC-LPV-79024  14.910 17.527  107.76   0.069 5587      0.914  860.6    0.208
OGLE-LMC-LPV-79028  14.408 17.093  126.94   0.130  712.3    0.164  221.9    0.151
OGLE-LMC-LPV-79034  14.428 16.657   70.13   0.054  411.2    0.067 1745      0.065
OGLE-LMC-LPV-79045  14.775 17.384   82.40   0.039  390.0    0.088 2227      0.052
OGLE-LMC-LPV-79047  14.004 16.965  138.08   0.111  205.4    0.106  118.92   0.089
OGLE-LMC-LPV-79048  14.263 17.762  446.9    0.656 4202      0.204  133.01   0.069
OGLE-LMC-LPV-79060  15.211 17.614   48.790  0.030  290.0    0.056  733.7    0.055
OGLE-LMC-LPV-79080  13.751 16.166 1037      0.196  127.11   0.067  737.5    0.041
OGLE-LMC-LPV-79081  14.532 16.214   89.39   0.400   93.11   0.084   86.52   0.049
OGLE-LMC-LPV-79091  13.744 16.150  269.7    0.161  758.2    0.084  106.55   0.063
OGLE-LMC-LPV-79100  15.040 16.937   91.51   0.070   86.96   0.058   47.288  0.056
OGLE-LMC-LPV-79104  15.154 18.335  265.4    0.202 1536      0.183  146.69   0.098
OGLE-LMC-LPV-79131  14.641 16.937   72.17   0.056  117.04   0.048  112.83   0.047
OGLE-LMC-LPV-79139  14.820 17.017  131.56   0.073  721.5    0.214  617.7    0.151
OGLE-LMC-LPV-79145  15.866 18.177   44.641  0.038 2849      0.035   66.47   0.029
OGLE-LMC-LPV-79155  14.262 17.722  117.95   0.104  215.1    0.141  385.4    0.094
OGLE-LMC-LPV-79156  14.699 17.454  167.71   0.226  159.03   0.144   91.58   0.127
OGLE-LMC-LPV-79165  14.088 16.698  256.0    0.169  140.49   0.134 2646      0.103
OGLE-LMC-LPV-79166  14.194 16.808  241.1    0.161  135.19   0.287  270.2    0.070
OGLE-LMC-LPV-79174  15.093 17.446   64.01   0.059   43.964  0.034  120.41   0.033
OGLE-LMC-LPV-79179  14.644 18.203  192.94   0.121 1261      0.514 2770      0.145
OGLE-LMC-LPV-79181  13.964 16.236  100.22   0.059  618.0    0.063  104.89   0.033
OGLE-LMC-LPV-79185  14.924 17.346   59.00   0.063 3663      0.102  629.3    0.061
OGLE-LMC-LPV-79198  14.004 17.125  113.75   0.083  966.2    0.097  109.34   0.067
OGLE-LMC-LPV-79201  14.398 17.271   97.43   0.195  174.64   0.168 1151      0.099
OGLE-LMC-LPV-79213  14.169 17.000  170.81   0.099  982.3    0.079  126.37   0.061
OGLE-LMC-LPV-79236  14.710 16.516   63.30   0.017  223.7    0.036  338.5    0.025
OGLE-LMC-LPV-79239  14.376 16.090  104.83   0.177  107.14   0.102  102.46   0.054
OGLE-LMC-LPV-79240  14.166 16.699   96.28   0.326 1372      0.134  169.69   0.108
OGLE-LMC-LPV-79244  14.024 16.915  150.63   0.178 1603      0.461  159.80   0.137
OGLE-LMC-LPV-79281  14.191    -    197.51   0.168  854.0    0.289 4525      0.156
OGLE-LMC-LPV-79288  14.449 17.257  118.69   0.116 2941      0.138  113.47   0.064
OGLE-LMC-LPV-79298  14.751 17.240  103.78   0.077 2415      0.202  389.3    0.156
OGLE-LMC-LPV-79302  14.173 17.644  364.0    0.361  198.57   0.157  920.0    0.109
OGLE-LMC-LPV-79314  14.131 17.196  119.96   0.135  204.7    0.112  224.7    0.084
OGLE-LMC-LPV-79331  14.835 16.596   66.88   0.034   42.559  0.018   42.946  0.018
OGLE-LMC-LPV-79338  14.126 16.761  148.50   0.154 2463      0.168  138.75   0.131
OGLE-LMC-LPV-79368  14.195 17.003  111.15   0.179  723.1    0.129  125.30   0.110
OGLE-LMC-LPV-79371  14.240 16.624  104.81   0.081  544.4    0.076  245.5    0.069
OGLE-LMC-LPV-79372  14.412 18.420  310.5    0.263  150.74   0.151  282.6    0.120
OGLE-LMC-LPV-79374  14.204 17.930  120.29   0.096  752.4    0.124 2294      0.082
OGLE-LMC-LPV-79375  14.199 17.221  172.21   0.139 2151      0.302  493.6    0.117
OGLE-LMC-LPV-79383  14.274 16.991  166.97   0.126  939.0    0.118  163.69   0.098
OGLE-LMC-LPV-79399  14.263 16.877   89.53   0.126 1112      0.126   91.27   0.085
OGLE-LMC-LPV-79408  13.709 16.668  206.7    0.124 2012      0.198  220.8    0.090
OGLE-LMC-LPV-79410  14.097 17.141  313.9    0.218  340.9    0.089  208.2    0.085
OGLE-LMC-LPV-79418  13.964 17.173  238.1    0.159  129.52   0.080  138.33   0.088
OGLE-LMC-LPV-79419  14.712 18.145  323.5    0.603  419.3    0.158  267.5    0.142
OGLE-LMC-LPV-79425  14.042 17.056  176.83   0.143  523.6    0.129  189.97   0.117
OGLE-LMC-LPV-79434  14.996 16.921   48.187  0.040  395.9    0.032   47.259  0.023
OGLE-LMC-LPV-79437  14.565 17.525   90.43   0.137 3425      0.097  144.38   0.072
OGLE-LMC-LPV-79441  14.014 17.131  211.2    0.222  123.93   0.119 1239      0.102
OGLE-LMC-LPV-79443  15.231 16.764   59.25   0.171   57.75   0.140   72.67   0.108
OGLE-LMC-LPV-79453  15.518 19.175  166.36   0.107 1553      0.235  397.9    0.076
OGLE-LMC-LPV-79458  14.093 18.131  153.21   0.308  140.92   0.198  543.5    0.154
OGLE-LMC-LPV-79464  13.767 16.447  176.27   0.152  286.8    0.106 1143      0.099
OGLE-LMC-LPV-79483  13.953 16.489  179.40   0.078 1372      0.242  156.18   0.088
OGLE-LMC-LPV-79484  14.463 17.563   93.51   0.072  480.5    0.115  436.3    0.075
OGLE-LMC-LPV-79490  14.334 17.301  262.7    0.284  476.4    0.126  180.05   0.077
OGLE-LMC-LPV-79498  14.558 17.203   83.84   0.195  143.97   0.130   86.66   0.115
OGLE-LMC-LPV-79501  14.055 15.569   91.68   0.503   76.28   0.125   89.12   0.090
OGLE-LMC-LPV-79513  15.015 17.593  162.76   0.072 1326      0.156  554.0    0.116
OGLE-LMC-LPV-79525  14.445 17.703  101.46   0.127  615.4    0.131  187.37   0.073
OGLE-LMC-LPV-79528  14.626 17.266  122.76   0.041   87.50   0.057  646.4    0.055
OGLE-LMC-LPV-79531  14.995 17.546  171.63   0.329   93.28   0.170  204.3    0.087
OGLE-LMC-LPV-79542  14.758 17.262  943.5    0.270  393.9    0.094 1280      0.048
OGLE-LMC-LPV-79559  13.883 16.451  160.03   0.105 1946      0.193  291.2    0.095
OGLE-LMC-LPV-79562  14.207 17.413  109.70   0.102  875.7    0.104  149.19   0.084
OGLE-LMC-LPV-79572  15.212 17.596   49.169  0.102  576.7    0.097 2481      0.056
OGLE-LMC-LPV-79575  14.357 18.063  250.0    0.331  133.83   0.113  178.03   0.102
OGLE-LMC-LPV-79580  14.268 17.615  210.4    0.198 4310      0.152  186.74   0.105
OGLE-LMC-LPV-79587  13.098 16.646  194.30   0.199  176.55   0.136  163.05   0.096
OGLE-LMC-LPV-79606  13.847 16.330  152.60   0.064 2381      0.079  142.45   0.056
OGLE-LMC-LPV-79611  13.032 14.839  179.80   0.056  115.55   0.037  391.1    0.028
OGLE-LMC-LPV-79612  13.805 16.348  155.04   0.078 1754      0.241 3521      0.073
OGLE-LMC-LPV-79615  13.987 17.455  117.41   0.101  188.22   0.111  846.7    0.077
OGLE-LMC-LPV-79625  14.085 16.587  203.8    0.107 1715      0.111 1175      0.083
OGLE-LMC-LPV-79644  14.593 17.145  131.08   0.086 1081      0.093  241.4    0.058
OGLE-LMC-LPV-79645  14.101 17.381  113.13   0.226 1044      0.158  310.0    0.155
OGLE-LMC-LPV-79656  13.975 16.490  244.5    0.183  984.3    0.120  200.2    0.100
OGLE-LMC-LPV-79658  14.342 17.543  315.9    0.191 3788      0.157  127.40   0.058
OGLE-LMC-LPV-79664  13.541 16.253  212.5    0.098 3096      0.188  327.0    0.063
OGLE-LMC-LPV-79675  13.830 16.257  145.24   0.064  728.9    0.134  904.2    0.087
OGLE-LMC-LPV-79676  14.948 17.681  225.2    0.073  685.9    0.229 2915      0.134
OGLE-LMC-LPV-79679  14.375 17.157   95.55   0.080  148.19   0.074  172.95   0.052
OGLE-LMC-LPV-79682  14.311 16.767   82.28   0.178  145.33   0.131  990.1    0.114
OGLE-LMC-LPV-79683  18.150 21.197  503.0    0.789 2597      0.459  237.0    0.241
OGLE-LMC-LPV-79686  13.713 16.891  138.95   0.177  132.45   0.090  286.0    0.085
OGLE-LMC-LPV-79688  15.862 18.086   46.271  0.042  330.0    0.047   45.681  0.038
OGLE-LMC-LPV-79697  14.890 17.533  114.30   0.116  204.5    0.137  108.46   0.113
OGLE-LMC-LPV-79703  14.191 16.765   90.63   0.042 1031      0.076  227.5    0.051
OGLE-LMC-LPV-79739  17.333 21.481  454.5    0.733 3876      2.001  231.0    0.674
OGLE-LMC-LPV-79742  13.994 16.145  109.14   0.135  184.47   0.111 1160      0.095
OGLE-LMC-LPV-79744  14.027 16.677   98.38   0.149 1063      0.078   89.73   0.068
OGLE-LMC-LPV-79747  14.125 16.927  388.2    0.234 1506      0.133  158.23   0.092
OGLE-LMC-LPV-79751  13.787 16.376  142.92   0.100 1134      0.149 3268      0.047
OGLE-LMC-LPV-79757  14.596 17.184   90.31   0.057  909.9    0.206  233.1    0.145
OGLE-LMC-LPV-79762  14.061 17.811  261.2    0.190  159.77   0.100  187.16   0.078
OGLE-LMC-LPV-79765  14.080 16.230  157.69   0.187   83.18   0.097   85.95   0.067
OGLE-LMC-LPV-79768  14.674 16.692  118.55   0.178  110.13   0.048   93.00   0.042
OGLE-LMC-LPV-79774  14.088 16.926  224.5    0.097  738.0    0.198 3571      0.169
OGLE-LMC-LPV-79779  13.343 15.883  162.95   0.070  432.0    0.043   99.39   0.039
OGLE-LMC-LPV-79780  14.031 17.122  117.43   0.144  232.5    0.113  189.83   0.085
OGLE-LMC-LPV-79798  15.015 17.296   77.56   0.050 1776      0.122  275.0    0.057
OGLE-LMC-LPV-79807  13.999 16.542  142.71   0.102 1527      0.180  243.0    0.086
OGLE-LMC-LPV-79811  14.183 16.787 1119      0.307  127.63   0.087 3846      0.065
OGLE-LMC-LPV-79828  14.144 16.433  119.80   0.139  112.26   0.096 1153      0.062
OGLE-LMC-LPV-79830  14.495 17.414   86.23   0.155   78.74   0.100 1031      0.101
OGLE-LMC-LPV-79832  13.523 16.576  421.7    0.144  249.2    0.229  479.8    0.116
OGLE-LMC-LPV-79833  14.285 16.898   87.20   0.222  143.78   0.171 1071      0.141
OGLE-LMC-LPV-79839  14.307 17.300 1596      0.330  177.59   0.116  400.5    0.099
OGLE-LMC-LPV-79872  14.509 17.397  147.29   0.091  238.5    0.065 1739      0.056
OGLE-LMC-LPV-79891  14.892 17.622   78.14   0.066  586.9    0.100 2959      0.075
OGLE-LMC-LPV-79894  15.265 16.838   39.400  0.025  248.2    0.020  132.73   0.020
OGLE-LMC-LPV-79919  14.150 16.960  258.5    0.199  141.02   0.150  514.1    0.111
OGLE-LMC-LPV-79933  15.301 17.766   55.30   0.057   94.53   0.049   97.93   0.034
OGLE-LMC-LPV-79943  14.035 16.953   99.45   0.103  466.9    0.124  904.2    0.084
OGLE-LMC-LPV-79949  14.956 17.489  126.00   0.361 4237      0.235  130.74   0.175
OGLE-LMC-LPV-79966  14.709 17.746  149.67   0.148 1595      0.110  155.79   0.071
OGLE-LMC-LPV-79975  14.706 16.532   75.08   0.037  409.7    0.043   81.14   0.038
OGLE-LMC-LPV-79981  14.169 17.531  104.10   0.100  725.7    0.106  112.74   0.066
OGLE-LMC-LPV-79993  14.253 18.098  118.67   0.097  211.1    0.097  227.6    0.092
OGLE-LMC-LPV-80005  14.144 16.498  120.03   0.197  230.7    0.140  211.1    0.109
OGLE-LMC-LPV-80018  14.475 16.672  217.8    0.256  201.5    0.180  113.91   0.066
OGLE-LMC-LPV-80019  14.252 16.830  139.05   0.119  134.55   0.071  144.38   0.070
OGLE-LMC-LPV-80023  14.208 17.225   90.12   0.044 1099      0.060  139.70   0.044
OGLE-LMC-LPV-80030  14.154 17.076  158.30   0.211 1471      0.127  183.45   0.098
OGLE-LMC-LPV-80035  13.582 16.187  196.84   0.180 3509      0.096  206.7    0.086
OGLE-LMC-LPV-80045  14.434 17.232  111.26   0.091 2092      0.158 4854      0.104
OGLE-LMC-LPV-80046  15.433 18.037   51.41   0.085  325.5    0.062   53.15   0.055
OGLE-LMC-LPV-80060  14.778 18.322  192.78   0.177  601.3    0.147  367.8    0.118
OGLE-LMC-LPV-80061  14.191 16.514  124.25   0.125  236.6    0.099  132.63   0.082
OGLE-LMC-LPV-80066  14.281 17.056  140.63   0.082  520.8    0.079  134.72   0.045
OGLE-LMC-LPV-80068  14.144 16.849 1616      0.159  267.4    0.081  185.01   0.036
OGLE-LMC-LPV-80114  14.379 17.067  112.04   0.069  431.8    0.170  992.1    0.090
OGLE-LMC-LPV-80124  15.297 17.164   49.194  0.127   84.02   0.084   50.23   0.061
OGLE-LMC-LPV-80125  14.050 16.818  172.53   0.204 2817      0.401  162.47   0.144
OGLE-LMC-LPV-80128  13.843 15.906  116.42   0.071  284.9    0.074  104.66   0.056
OGLE-LMC-LPV-80139  14.396 16.339  134.15   0.432  156.79   0.270  954.2    0.142
OGLE-LMC-LPV-80144  14.238 17.180  200.5    0.317  109.72   0.213  165.89   0.092
OGLE-LMC-LPV-80146  14.143 16.638   97.06   0.065  448.4    0.079  143.43   0.064
OGLE-LMC-LPV-80147  14.295 16.931  191.80   0.221  105.11   0.178  176.37   0.127
OGLE-LMC-LPV-80155  13.922 16.749  156.47   0.123  508.6    0.114 3003      0.077
OGLE-LMC-LPV-80161  14.144 17.404  409.0    0.396  731.5    0.146  989.1    0.104
OGLE-LMC-LPV-80164  14.479 16.893  108.62   0.088  508.6    0.204  190.04   0.116
OGLE-LMC-LPV-80178  12.901 15.482  167.15   0.024  291.8    0.023   90.70   0.021
OGLE-LMC-LPV-80183  14.386 17.599  235.3    0.323  125.23   0.117  129.79   0.095
OGLE-LMC-LPV-80185  13.709 16.035 1308      0.370  136.09   0.070  147.45   0.043
OGLE-LMC-LPV-80191  13.364 16.198  568.9    0.352  316.8    0.189  497.3    0.108
OGLE-LMC-LPV-80207  14.937 16.950   91.27   0.049  663.6    0.036   56.27   0.032
OGLE-LMC-LPV-80208  14.559 17.538  137.34   0.059 1475      0.190 2427      0.133
OGLE-LMC-LPV-80232  13.859 16.614  159.26   0.063 1178      0.060  218.8    0.037
OGLE-LMC-LPV-80234  14.646 17.508  243.7    0.373  135.80   0.156 1168      0.140
OGLE-LMC-LPV-80239  14.369 16.265  128.90   0.158   69.06   0.110   67.43   0.069
OGLE-LMC-LPV-80240  13.734 16.503  502.7    0.360 1024      0.152  384.8    0.098
OGLE-LMC-LPV-80254  14.301 17.522  331.8    0.317  199.00   0.141 1073      0.109
OGLE-LMC-LPV-80255  14.602 16.467  112.46   0.453  139.02   0.102   93.57   0.097
OGLE-LMC-LPV-80257  14.334 17.604  110.41   0.167 1045      0.130  197.20   0.092
OGLE-LMC-LPV-80258  14.036 16.822  174.58   0.152  467.3    0.161  254.0    0.087
OGLE-LMC-LPV-80260  14.003 16.475  150.40   0.110  770.4    0.118 1639      0.104
OGLE-LMC-LPV-80262  14.421 17.648  100.79   0.094  180.70   0.063  840.3    0.058
OGLE-LMC-LPV-80266  14.132 17.547  217.4    0.166 2320      0.232  186.05   0.087
OGLE-LMC-LPV-80273  15.385 17.878   70.64   0.050  753.0    0.138  984.3    0.096
OGLE-LMC-LPV-80280  14.728    -    119.53   0.085  524.7    0.148  771.6    0.081
OGLE-LMC-LPV-80281  14.362 17.607  349.3    0.287 2577      0.278  197.78   0.165
OGLE-LMC-LPV-80282  14.067 17.128  199.08   0.114 2519      0.256  368.3    0.105
OGLE-LMC-LPV-80287  14.534 16.433  125.96   0.176  119.77   0.095   66.84   0.081
OGLE-LMC-LPV-80303  14.316 17.328   90.29   0.060  620.3    0.093  244.7    0.082
OGLE-LMC-LPV-80306  14.565 16.635  122.43   0.096  133.01   0.076   71.39   0.050
OGLE-LMC-LPV-80309  14.446 17.797  170.21   0.137  735.3    0.320 1524      0.120
OGLE-LMC-LPV-80335  14.512 16.561  130.14   0.162   68.95   0.114   70.04   0.083
OGLE-LMC-LPV-80340  14.476 17.538  136.25   0.107   81.76   0.051  122.77   0.049
OGLE-LMC-LPV-80355  13.951 16.309  120.90   0.082  927.6    0.166  193.05   0.067
OGLE-LMC-LPV-80374  14.733 17.199  162.18   0.326   84.55   0.200  178.28   0.101
OGLE-LMC-LPV-80402  14.056 16.519 1031      0.368 1595      0.081  114.32   0.080
OGLE-LMC-LPV-80406  14.188 17.752  107.85   0.112  199.28   0.104  113.03   0.086
OGLE-LMC-LPV-80410  14.055 17.226  114.34   0.184  202.9    0.158 1148      0.111
OGLE-LMC-LPV-80416  14.335 17.657  343.9    0.241  775.2    0.209  651.5    0.102
OGLE-LMC-LPV-80417  14.022 16.758  180.05   0.099 2188      0.207  265.1    0.082
OGLE-LMC-LPV-80424  14.598 16.775   68.65   0.066  786.8    0.055  134.64   0.039
OGLE-LMC-LPV-80434  14.619 16.730   67.59   0.131  115.85   0.100  136.37   0.048
OGLE-LMC-LPV-80452  14.123 16.532  923.7    0.180   90.63   0.056  195.54   0.050
OGLE-LMC-LPV-80453  15.084 17.438  125.25   0.081  554.6    0.104 4098      0.068
OGLE-LMC-LPV-80464  13.128 15.533  201.9    0.137 1091      0.065  146.63   0.058
OGLE-LMC-LPV-80465  13.984 17.486  119.52   0.093  190.80   0.143  164.61   0.083
OGLE-LMC-LPV-80478  14.604 17.607 1198      0.394  722.5    0.213 1538      0.161
OGLE-LMC-LPV-80479  14.147 17.411  195.05   0.128 5618      0.142  163.77   0.086
OGLE-LMC-LPV-80492  12.891 16.548  438.3    0.614  514.4    0.253  239.5    0.179
OGLE-LMC-LPV-80495  14.504 17.318  167.19   0.140  172.00   0.084  152.07   0.069
OGLE-LMC-LPV-80497  14.061 17.640  124.75   0.071 1104      0.116  207.3    0.063
OGLE-LMC-LPV-80503  14.904 17.628   83.17   0.035  558.0    0.047 1658      0.048
OGLE-LMC-LPV-80516  14.691 16.768   61.29   0.038  311.5    0.048   65.95   0.042
OGLE-LMC-LPV-80531  14.466 17.926  106.57   0.202  959.7    0.200  186.32   0.151
OGLE-LMC-LPV-80534  14.293 17.567   92.90   0.069  168.15   0.068  102.63   0.060
OGLE-LMC-LPV-80535  14.151 17.140  188.15   0.173 2415      0.143   87.28   0.087
OGLE-LMC-LPV-80563  14.128 17.343  393.4    0.270 1621      0.439  325.1    0.116
OGLE-LMC-LPV-80566  13.838 16.801  194.80   0.213 1938      0.179  339.7    0.170
OGLE-LMC-LPV-80570  14.675 17.090  159.94   0.769  148.52   0.142  171.53   0.120
OGLE-LMC-LPV-80573  14.576 17.215  146.54   0.091 1238      0.069   86.19   0.054
OGLE-LMC-LPV-80575  14.243 17.166  229.0    0.174  901.7    0.291 3413      0.077
OGLE-LMC-LPV-80578  15.262 17.161   64.28   0.036 3534      0.040   62.92   0.025
OGLE-LMC-LPV-80584  14.357 16.834  143.29   0.124  306.2    0.119  133.98   0.080
OGLE-LMC-LPV-80586  15.408 18.614   75.14   0.072 2941      0.063   69.47   0.063
OGLE-LMC-LPV-80587  14.403 16.535  144.47   0.229  140.51   0.087   96.99   0.071
OGLE-LMC-LPV-80596  14.442 17.005   85.42   0.138  986.2    0.099  117.32   0.040
OGLE-LMC-LPV-80597  14.212 16.789  133.44   0.115  239.5    0.073  406.8    0.071
OGLE-LMC-LPV-80604  15.264 17.817   54.14   0.083   90.56   0.077 1072      0.073
OGLE-LMC-LPV-80609  13.900 16.718 1290      0.505  168.86   0.129  131.67   0.074
OGLE-LMC-LPV-80613  14.533 16.595   70.18   0.045 1205      0.049  257.6    0.035
OGLE-LMC-LPV-80614  14.600 17.531   97.99   0.139 1130      0.112  168.41   0.094
OGLE-LMC-LPV-80616  15.415 17.808   43.823  0.076  183.22   0.035  262.1    0.033
OGLE-LMC-LPV-80618  14.318 17.691  201.7    0.551  363.4    0.642  453.3    0.320
OGLE-LMC-LPV-80623  14.583 17.648  123.85   0.082 3759      0.178  216.7    0.095
OGLE-LMC-LPV-80638  14.130 16.809  135.74   0.104 1047      0.203  660.5    0.106
OGLE-LMC-LPV-80648  14.202 17.559  204.3    0.346  386.0    0.250 1403      0.233
OGLE-LMC-LPV-80651  14.008 17.000   88.52   0.118  878.7    0.093   73.79   0.048
OGLE-LMC-LPV-80658  14.418 16.847  103.90   0.077 1157      0.080  160.69   0.067
OGLE-LMC-LPV-80682  14.473 16.728   69.20   0.087  112.30   0.061   60.03   0.054
OGLE-LMC-LPV-80691  14.572 17.162  247.3    0.684 1066      0.197  129.52   0.135
OGLE-LMC-LPV-80712  14.025 16.407  139.96   0.084  120.03   0.059  207.5    0.055
OGLE-LMC-LPV-80720  14.218 16.778  180.18   0.099 1227      0.140  113.21   0.070
OGLE-LMC-LPV-80722  14.263 17.173  176.93   0.066  868.8    0.161  242.1    0.107
OGLE-LMC-LPV-80730  14.469 16.663  100.98   0.117  176.12   0.090  158.78   0.060
OGLE-LMC-LPV-80733  14.075 16.802  147.54   0.162 1473      0.235  225.6    0.086
OGLE-LMC-LPV-80735  17.136 19.401  137.65   0.075 6329      2.655 1230      0.177
OGLE-LMC-LPV-80739  14.937 16.574   55.42   0.052   37.147  0.035   52.87   0.030
OGLE-LMC-LPV-80750  14.097 17.065  190.20   0.192  112.71   0.141 1420      0.116
OGLE-LMC-LPV-80753  13.980 16.939  107.19   0.093  911.6    0.084  194.14   0.075
OGLE-LMC-LPV-80771  14.172 17.031  108.28   0.146  119.60   0.126  200.9    0.115
OGLE-LMC-LPV-80778  14.384 17.110   88.32   0.116   94.78   0.095  152.88   0.079
OGLE-LMC-LPV-80786  14.310 17.248   87.21   0.069  282.9    0.038   83.72   0.028
OGLE-LMC-LPV-80815  14.066 16.982   86.39   0.071  585.1    0.082   84.96   0.070
OGLE-LMC-LPV-80821  15.022 17.186   55.18   0.036  718.9    0.045  491.2    0.042
OGLE-LMC-LPV-80827  14.465 16.373   61.14   0.166  108.40   0.122  748.5    0.061
OGLE-LMC-LPV-80870  14.366 17.480  365.5    0.718  279.3    0.208 1558      0.136
OGLE-LMC-LPV-80876  13.935 17.041  200.9    0.260 1527      0.154  191.09   0.087
OGLE-LMC-LPV-80878  14.278 16.887   82.34   0.046  708.7    0.104  162.50   0.051
OGLE-LMC-LPV-80879  14.288 17.569  713.6    0.263 2762      0.071   83.57   0.057
OGLE-LMC-LPV-80904  14.822 16.717  103.75   0.075  110.34   0.048  127.10   0.033
OGLE-LMC-LPV-80911  14.895 16.573   61.42   0.047  168.46   0.031   36.835  0.026
OGLE-LMC-LPV-80915  12.929 15.488  216.8    0.087  199.36   0.063  232.5    0.055
OGLE-LMC-LPV-80925  14.345 16.978  278.3    0.244  300.9    0.125  243.9    0.076
OGLE-LMC-LPV-80926  14.181 17.258  391.5    0.225  165.76   0.080 1709      0.078
OGLE-LMC-LPV-80927  14.066 16.563  162.69   0.152  344.6    0.173 1066      0.069
OGLE-LMC-LPV-80942  13.788 16.405  144.13   0.091 1387      0.160  345.4    0.056
OGLE-LMC-LPV-80953  14.811 17.805   84.22   0.090 7042      0.128  172.65   0.107
OGLE-LMC-LPV-80954  14.758 17.028  135.33   0.561  130.09   0.347  145.10   0.282
OGLE-LMC-LPV-80956  14.337 17.062   91.08   0.060  634.9    0.123  140.08   0.060
OGLE-LMC-LPV-80958  14.806 18.053   95.57   0.136  155.57   0.131 1227      0.124
OGLE-LMC-LPV-80975  14.257 16.398   89.84   0.059 1035      0.055  167.59   0.047
OGLE-LMC-LPV-80989  14.732 16.715   78.99   0.035 1761      0.038   50.90   0.029
OGLE-LMC-LPV-80999  14.150 17.525   85.45   0.071  622.7    0.092  168.49   0.053
OGLE-LMC-LPV-81010  14.805 16.823   86.84   0.027  317.1    0.027  573.4    0.022
OGLE-LMC-LPV-81015  14.999 16.938   45.645  0.038   71.89   0.026  132.33   0.027
OGLE-LMC-LPV-81020  13.296 15.967  162.59   0.071  443.5    0.035  128.30   0.015
OGLE-LMC-LPV-81036  14.164 17.850  128.28   0.265  223.1    0.152  115.87   0.126
OGLE-LMC-LPV-81038  14.336 16.912  267.5    0.187 1215      0.181  256.8    0.085
OGLE-LMC-LPV-81040  13.815 16.630  105.83   0.078  646.0    0.107  102.50   0.063
OGLE-LMC-LPV-81052  14.795 17.508  720.4    0.408   93.63   0.074  186.25   0.067
OGLE-LMC-LPV-81066  14.475 17.239  157.15   0.148 1063      0.175 1605      0.120
OGLE-LMC-LPV-81072  14.281 17.634  114.64   0.086  506.1    0.129  291.2    0.079
OGLE-LMC-LPV-81087  14.259 17.573  112.35   0.214  103.27   0.127  212.5    0.097
OGLE-LMC-LPV-81095  14.539 16.454   66.55   0.068  127.45   0.060  115.31   0.063
OGLE-LMC-LPV-81101  14.428 16.515   85.40   0.034 1218      0.118  718.9    0.062
OGLE-LMC-LPV-81103  12.892 16.646  261.5    0.454  506.1    0.411  275.3    0.205
OGLE-LMC-LPV-81112  14.395 16.456   65.66   0.056   67.04   0.037  178.95   0.033
OGLE-LMC-LPV-81116  14.164 17.040  160.29   0.097 3030      0.173  256.9    0.071
OGLE-LMC-LPV-81117  14.684 17.092   90.83   0.054  738.0    0.203  642.7    0.096
OGLE-LMC-LPV-81121  12.583 14.931  184.80   0.056 1623      0.033  174.95   0.026
OGLE-LMC-LPV-81133  14.098 17.303  719.8    0.520  103.07   0.078  166.36   0.071
OGLE-LMC-LPV-81140  14.726 16.586   76.00   0.058   51.75   0.040  412.4    0.040
OGLE-LMC-LPV-81141  14.651 17.051   81.09   0.131  147.89   0.092  128.67   0.075
OGLE-LMC-LPV-81143  14.489 17.324  192.48   0.539  106.12   0.157  162.84   0.124
OGLE-LMC-LPV-81159  14.330 17.835  105.23   0.114  605.7    0.151   74.58   0.051
OGLE-LMC-LPV-81168  14.265 17.000  158.97   0.265 1733      0.224 1159      0.104
OGLE-LMC-LPV-81172  13.209 16.051  247.6    0.214  461.3    0.230 2639      0.086
OGLE-LMC-LPV-81174  13.910 17.045  238.7    0.110  263.0    0.069  193.35   0.068
OGLE-LMC-LPV-81178  13.700 16.050  110.29   0.053  749.1    0.109  306.7    0.043
OGLE-LMC-LPV-81182  13.998 16.402  137.66   0.186  248.7    0.142  350.3    0.083
OGLE-LMC-LPV-81184  14.152 17.621  421.4    0.383 2217      0.120  199.08   0.116
OGLE-LMC-LPV-81198  14.811 17.691   81.96   0.148 1245      0.092  138.85   0.075
OGLE-LMC-LPV-81203  14.619 17.273   68.05   0.064  450.9    0.064  317.3    0.056
OGLE-LMC-LPV-81206  14.520 16.891   90.56   0.077  154.61   0.048   95.88   0.043
OGLE-LMC-LPV-81216  13.963 17.185  381.5    0.282  204.4    0.134  771.0    0.092
OGLE-LMC-LPV-81219  14.475 17.155  263.7    0.181 2439      0.260  151.31   0.078
OGLE-LMC-LPV-81223  14.352 17.000  164.45   0.085  433.7    0.127  270.3    0.071
OGLE-LMC-LPV-81224  14.303 16.641   80.37   0.031 1468      0.050  595.9    0.035
OGLE-LMC-LPV-81225  14.049 17.746  132.70   0.113  235.0    0.123  301.5    0.086
OGLE-LMC-LPV-81237  14.682 16.460   68.13   0.041   70.78   0.043  191.98   0.030
OGLE-LMC-LPV-81238  14.703 16.611  136.56   0.289  142.05   0.066  473.7    0.055
OGLE-LMC-LPV-81241  14.521 17.553  199.74   0.170  107.79   0.109  173.19   0.073
OGLE-LMC-LPV-81246  14.476 16.471  198.49   0.094 4016      0.883  197.82   0.143
OGLE-LMC-LPV-81253  14.640 17.574  158.92   0.115  366.8    0.091  857.6    0.058
OGLE-LMC-LPV-81256  14.883 16.690   83.64   0.211   76.68   0.093  481.2    0.084
OGLE-LMC-LPV-81260  14.611 17.711  269.9    0.173 1445      0.130  436.1    0.074
OGLE-LMC-LPV-81262  14.190 17.387  412.7    0.415 1621      0.177 3906      0.073
OGLE-LMC-LPV-81263  13.783 16.568  166.42   0.069  964.3    0.163  411.2    0.051
OGLE-LMC-LPV-81276  14.101 16.515   84.92   0.204  960.6    0.072  159.26   0.052
OGLE-LMC-LPV-81291  15.557 17.421   31.867  0.023  277.5    0.031   53.24   0.022
OGLE-LMC-LPV-81294  13.974 17.919  278.4    0.171  257.9    0.140 1603      0.123
OGLE-LMC-LPV-81303  14.051 17.276  185.84   0.166 2237      0.217  643.9    0.109
OGLE-LMC-LPV-81305  14.104 17.208  389.3    0.419  733.7    0.106  531.1    0.093
OGLE-LMC-LPV-81309  13.945 16.463  281.1    0.260  496.3    0.148  615.0    0.066
OGLE-LMC-LPV-81331  14.110 17.006  163.24   0.073 1916      0.125 5988      0.094
OGLE-LMC-LPV-81350  14.449 16.988  913.3    0.192  525.2    0.111  716.3    0.121
OGLE-LMC-LPV-81371  14.424 17.286   90.69   0.151  854.0    0.146   81.91   0.076
OGLE-LMC-LPV-81382  14.004 16.983  111.32   0.082  189.43   0.101  203.6    0.101
OGLE-LMC-LPV-81386  13.802 16.849  191.53   0.106 3030      0.255  318.1    0.090
OGLE-LMC-LPV-81388  14.416 18.087  121.89   0.324  132.56   0.135 1517      0.127
OGLE-LMC-LPV-81392  14.416 17.007  184.55   0.391   99.99   0.158  173.31   0.154
OGLE-LMC-LPV-81395  15.153 16.826   56.97   0.042   35.041  0.030   53.02   0.024
OGLE-LMC-LPV-81409  15.220 17.767   63.89   0.082   67.42   0.055  168.15   0.049
OGLE-LMC-LPV-81418  14.097 17.495  221.7    0.144 4016      0.167  247.5    0.091
OGLE-LMC-LPV-81420  14.028 17.094  174.13   0.129 2488      0.237  198.41   0.086
OGLE-LMC-LPV-81423  14.456 17.112  142.13   0.143  974.7    0.157   83.99   0.099
OGLE-LMC-LPV-81427  14.444 16.875   85.39   0.046  847.5    0.074  526.0    0.053
OGLE-LMC-LPV-81437  14.749 17.302   67.82   0.057  335.8    0.090  482.6    0.088
OGLE-LMC-LPV-81448  14.060 16.543  973.4    0.532  399.4    0.103 1672      0.064
OGLE-LMC-LPV-81449  14.401 17.335  215.9    0.184 1314      0.414 1969      0.148
OGLE-LMC-LPV-81453  14.139 17.268  231.8    0.326  261.9    0.095  119.18   0.095
OGLE-LMC-LPV-81456  14.304 17.741  460.7    0.589  582.8    0.181  222.8    0.129
OGLE-LMC-LPV-81459  14.753 17.639  149.82   0.257   83.85   0.193   79.48   0.107
OGLE-LMC-LPV-81480  14.078 16.478  114.65   0.046  155.55   0.033  213.4    0.035
OGLE-LMC-LPV-81485  13.955 16.718  300.7    0.192  747.9    0.121  332.7    0.064
OGLE-LMC-LPV-81491  15.040 18.050  113.46   0.138  225.1    0.085  171.03   0.085
OGLE-LMC-LPV-81497  14.398 16.771  168.55   0.357  163.72   0.274  173.31   0.193
OGLE-LMC-LPV-81505  14.251 16.916   85.12   0.112 1066      0.063   80.44   0.050
OGLE-LMC-LPV-81507  14.808 16.839   80.76   0.036   47.479  0.030   84.72   0.026
OGLE-LMC-LPV-81512  14.803 17.052   67.12   0.060  722.0    0.067  123.43   0.043
OGLE-LMC-LPV-81529  13.963 16.773  275.5    0.127 1504      0.144  170.91   0.095
OGLE-LMC-LPV-81530  14.210 17.172  241.4    0.204  265.7    0.168  745.2    0.131
OGLE-LMC-LPV-81538  13.998 16.949  226.7    0.236  133.19   0.138  263.5    0.114
OGLE-LMC-LPV-81550  14.073 16.354  178.68   0.075  573.1    0.038  153.75   0.033
OGLE-LMC-LPV-81562  14.416 17.076   78.31   0.058   83.34   0.049 1285      0.044
OGLE-LMC-LPV-81567  14.214 16.942  121.08   0.093 1183      0.153  348.6    0.075
OGLE-LMC-LPV-81572  14.745 17.148  132.15   0.099  745.7    0.141  231.3    0.085
OGLE-LMC-LPV-81580  14.516 16.461  118.84   0.756 3257      0.139  186.53   0.112
OGLE-LMC-LPV-81584  15.915 17.839   52.69   0.053   30.362  0.055   47.208  0.043
OGLE-LMC-LPV-81589  14.159 17.270  163.96   0.147 1730      0.144  274.8    0.104
OGLE-LMC-LPV-81592  14.427 17.219  323.7    0.329  169.03   0.079  152.30   0.084
OGLE-LMC-LPV-81597  15.098 17.372   44.679  0.061  936.3    0.039   53.32   0.027
OGLE-LMC-LPV-81601  14.305 16.903  124.07   0.172  260.5    0.154  281.8    0.155
OGLE-LMC-LPV-81602  13.445 16.919  161.76   0.171  266.0    0.103  239.2    0.076
OGLE-LMC-LPV-81618  14.925 16.773   73.62   0.055  905.0    0.043   71.31   0.031
OGLE-LMC-LPV-81627  14.205 17.134  176.41   0.191  185.43   0.120  370.1    0.118
OGLE-LMC-LPV-81628  13.580 16.508  430.4    0.251 1272      0.107  345.9    0.060
OGLE-LMC-LPV-81629  14.308 17.708  200.3    0.222  119.19   0.154  113.70   0.104
OGLE-LMC-LPV-81630  14.851 16.816   52.19   0.029  360.1    0.041  425.0    0.031
OGLE-LMC-LPV-81632  13.736 16.423  153.94   0.114  298.5    0.057  505.1    0.040
OGLE-LMC-LPV-81678  14.024    -    204.2    0.163  157.83   0.101  116.02   0.075
OGLE-LMC-LPV-81698  14.217 17.222  268.3    0.244  540.2    0.123 2532      0.103
OGLE-LMC-LPV-81705  14.865 17.436  148.81   0.649  159.69   0.519 2375      0.208
OGLE-LMC-LPV-81715  14.575 16.524  104.55   0.135  102.16   0.102   57.81   0.077
OGLE-LMC-LPV-81716  14.789 17.401  156.03   0.123  483.3    0.251  729.9    0.155
OGLE-LMC-LPV-81724  14.550 17.812  154.44   0.206 1805      0.425 4167      0.087
OGLE-LMC-LPV-81735  14.804 18.158  218.7    0.323  117.52   0.219  236.1    0.169
OGLE-LMC-LPV-81745  14.117 16.726  134.33   0.137 1020      0.095  247.6    0.066
OGLE-LMC-LPV-81746  14.664 17.270   80.50   0.091  788.6    0.064   85.22   0.060
OGLE-LMC-LPV-81747  13.984 16.619  132.77   0.063 6289      0.154 1258      0.087
OGLE-LMC-LPV-81753  14.052 16.904  353.3    0.441 1736      0.124  203.0    0.084
OGLE-LMC-LPV-81765  14.235 16.859  953.3    0.501  415.3    0.175  284.3    0.088
OGLE-LMC-LPV-81766  15.152 17.452   84.00   0.044  258.9    0.066  312.6    0.066
OGLE-LMC-LPV-81777  14.154 16.449  118.01   0.049  729.4    0.117  617.3    0.076
OGLE-LMC-LPV-81779  14.402 17.798  182.42   0.093  706.2    0.218 1107      0.160
OGLE-LMC-LPV-81793  14.995 17.749   64.00   0.053 1672      0.053   60.33   0.048
OGLE-LMC-LPV-81799  14.101 17.579  445.4    0.428  932.8    0.098  378.9    0.047
OGLE-LMC-LPV-81817  14.177 17.599  238.5    0.151 2160      0.186  390.9    0.123
OGLE-LMC-LPV-81825  13.925 16.713  104.36   0.235  173.13   0.093 1193      0.074
OGLE-LMC-LPV-81826  14.171 17.654  218.2    0.186 1348      0.133 3175      0.109
OGLE-LMC-LPV-81831  14.196 16.878  155.70   0.085  519.8    0.080 1890      0.053
OGLE-LMC-LPV-81836  15.226 17.083   65.62   0.031  167.87   0.038  507.1    0.033
OGLE-LMC-LPV-81841  14.294 16.845 1033      0.535  393.4    0.198  254.3    0.078
OGLE-LMC-LPV-81843  13.929 16.258  278.1    0.289  166.22   0.072  146.58   0.061
OGLE-LMC-LPV-81847  14.573 17.947  323.0    0.144  427.2    0.105 1092      0.104
OGLE-LMC-LPV-81858  14.935 17.304   85.12   0.051  268.4    0.077  247.6    0.066
OGLE-LMC-LPV-81859  14.421 17.469  166.47   0.137 1938      0.164  287.7    0.094
OGLE-LMC-LPV-81864  14.143 16.940  170.79   0.114 4132      0.268  805.2    0.118
OGLE-LMC-LPV-81866  14.924 17.657  191.39   0.074 1284      0.120  209.6    0.077
OGLE-LMC-LPV-81867  15.096 18.084  122.79   0.128  220.0    0.137  233.4    0.118
OGLE-LMC-LPV-81872  15.046 17.817  130.53   0.524   74.17   0.172   72.16   0.095
OGLE-LMC-LPV-81876  13.826 16.677 1585      0.376  187.97   0.167 4902      0.074
OGLE-LMC-LPV-81890  13.668 16.096  152.93   0.096  159.44   0.057 1130      0.051
OGLE-LMC-LPV-81901  13.981 16.314  143.18   0.071  969.9    0.127  729.9    0.123
OGLE-LMC-LPV-81910  14.002 16.752  151.41   0.123  327.9    0.097  177.40   0.064
OGLE-LMC-LPV-81914  14.274 17.154  196.85   0.179  738.0    0.108  111.45   0.088
OGLE-LMC-LPV-81917  16.720 20.117  120.88   0.100 3333      1.612  699.8    0.106
OGLE-LMC-LPV-81920  14.339 17.629  386.2    0.356 1626      0.126  207.7    0.100
OGLE-LMC-LPV-81929  14.956    -     62.75   0.097  309.7    0.127  110.29   0.067
OGLE-LMC-LPV-81943  14.417 16.312   74.23   0.034 2786      0.024  240.0    0.025
OGLE-LMC-LPV-81958  14.970 17.235   52.75   0.055 1667      0.045   54.23   0.027
OGLE-LMC-LPV-81973  14.402 18.243  210.7    0.230  194.33   0.119  121.60   0.068
OGLE-LMC-LPV-81982  13.671 16.180  195.24   0.107 4717      0.178  239.5    0.083
OGLE-LMC-LPV-81984  14.568 17.060  110.75   0.064 2899      0.538  719.4    0.162
OGLE-LMC-LPV-81995  13.796 16.812  196.70   0.162 2128      0.322  337.5    0.113
OGLE-LMC-LPV-81998  14.553 16.330  113.80   0.122  133.49   0.081   60.35   0.060
OGLE-LMC-LPV-82003  14.542 16.744   59.96   0.056   89.12   0.062  164.28   0.058
OGLE-LMC-LPV-82006  14.973 17.604  199.66   0.328  219.0    0.156  106.06   0.131
OGLE-LMC-LPV-82015  14.251 16.836  202.3    0.717  107.61   0.165  740.7    0.143
OGLE-LMC-LPV-82061  14.218 17.090  102.35   0.129 1263      0.112  161.81   0.100
OGLE-LMC-LPV-82072  15.148 17.587  126.06   0.705 4049      0.339  121.60   0.205
OGLE-LMC-LPV-82077  15.671 18.532  153.69   0.646 3968      0.497  145.86   0.361
OGLE-LMC-LPV-82080  14.974 18.523  271.3    0.403  143.76   0.207  897.7    0.137
OGLE-LMC-LPV-82081  14.394 16.340  118.64   0.219   66.81   0.059   99.84   0.044
OGLE-LMC-LPV-82084  14.479 17.230  179.34   0.154  195.05   0.140  344.9    0.105
OGLE-LMC-LPV-82087  14.574 17.652   92.82   0.165 1138      0.136  171.64   0.120
OGLE-LMC-LPV-82088  14.212 17.187   86.30   0.146   92.73   0.099  148.15   0.086
OGLE-LMC-LPV-82100  14.238 17.159  105.85   0.299  172.77   0.126  208.2    0.086
OGLE-LMC-LPV-82102  14.574 16.711   98.34   0.056  150.13   0.044  175.13   0.031
OGLE-LMC-LPV-82117  13.511 16.910  594.0    0.586 3817      0.163  188.50   0.097
OGLE-LMC-LPV-82134  14.386 17.351   93.80   0.186 1110      0.108   96.32   0.104
OGLE-LMC-LPV-82155  14.073 16.234  130.77   0.078 1104      0.118  236.0    0.069
OGLE-LMC-LPV-82162  14.166 17.241  350.0    0.289  305.5    0.119  468.8    0.122
OGLE-LMC-LPV-82168  14.983 17.043  149.53   0.497 4608      0.175  133.37   0.145
OGLE-LMC-LPV-82173  14.664 16.637   99.11   0.095  149.79   0.051 1658      0.049
OGLE-LMC-LPV-82185  12.614 15.696  381.3    0.199  210.7    0.163 1715      0.131
OGLE-LMC-LPV-82206  13.990 17.155  198.65   0.152 1592      0.326 3247      0.098
OGLE-LMC-LPV-82207  15.361 17.420   41.801  0.077  509.9    0.048   41.234  0.040
OGLE-LMC-LPV-82211  13.669 15.994  180.21   0.044 1595      0.063  238.8    0.034
OGLE-LMC-LPV-82229  14.185 17.415  240.6    0.346  280.7    0.177  594.2    0.086
OGLE-LMC-LPV-82238  14.324 17.545  216.3    0.308 1043      0.246 2252      0.081
OGLE-LMC-LPV-82242  14.132 16.737 1103      0.305  237.9    0.124 2105      0.081
OGLE-LMC-LPV-82256  13.994 17.166  126.38   0.249  230.8    0.207  120.15   0.184
OGLE-LMC-LPV-82268  14.539 16.243  101.16   0.345  116.17   0.060   98.13   0.050
OGLE-LMC-LPV-82270  14.664 16.554   54.70   0.080  725.2    0.060   90.70   0.052
OGLE-LMC-LPV-82280  14.563 17.284  837.5    0.276  509.9    0.142  996.0    0.093
OGLE-LMC-LPV-82283  14.492 18.513  143.43   0.214  268.2    0.157  122.40   0.102
OGLE-LMC-LPV-82291  15.010 17.276   55.35   0.044  268.5    0.060   81.29   0.033
OGLE-LMC-LPV-82296  13.924 16.463  131.35   0.101  896.9    0.157 1073      0.109
OGLE-LMC-LPV-82301  14.267 17.593  198.66   0.140 1290      0.094  346.1    0.079
OGLE-LMC-LPV-82315  14.065 16.620  259.1    0.133 2024      0.150  143.60   0.077
OGLE-LMC-LPV-82319  14.155 17.558  188.57   0.103  740.2    0.134  279.8    0.096
OGLE-LMC-LPV-82321  13.932 17.145  192.68   0.100 1089      0.121  230.6    0.073
OGLE-LMC-LPV-82339  13.543 15.946 1328      0.139  137.97   0.037  144.80   0.031
OGLE-LMC-LPV-82345  14.128 17.093  173.61   0.105 1370      0.245  314.0    0.059
OGLE-LMC-LPV-82346  14.640 16.700   61.04   0.053  672.9    0.073  119.49   0.046
OGLE-LMC-LPV-82359  14.030 17.242  153.59   0.076  878.7    0.101  111.21   0.060
OGLE-LMC-LPV-82361  14.502 16.302   54.44   0.040  249.5    0.030   77.03   0.029
OGLE-LMC-LPV-82364  13.864 16.260  200.0    0.088  767.5    0.118  122.14   0.072
OGLE-LMC-LPV-82371  14.090 16.820  100.91   0.094  181.52   0.103  104.83   0.063
OGLE-LMC-LPV-82375  14.435 17.633  193.95   0.101 2519      0.157 5747      0.105
OGLE-LMC-LPV-82387  13.957 16.811  102.04   0.105  171.09   0.089  104.57   0.059
OGLE-LMC-LPV-82398  14.467 16.970  212.7    0.131   97.48   0.063  252.8    0.054
OGLE-LMC-LPV-82400  14.302 17.933  218.5    0.172  126.63   0.115  122.28   0.077
OGLE-LMC-LPV-82402  14.451 17.084  123.05   0.057 4016      0.717  185.39   0.066
OGLE-LMC-LPV-82404  14.454 16.610  130.00   0.209   70.44   0.079  183.05   0.064
OGLE-LMC-LPV-82406  15.046 18.633   88.90   0.083  932.0    0.192 5952      0.130
OGLE-LMC-LPV-82411  12.567 15.928  238.7    0.550  439.0    0.428  321.0    0.197
OGLE-LMC-LPV-82412  14.049 16.727  337.1    0.170 1212      0.121  153.00   0.066
OGLE-LMC-LPV-82421  14.255 17.203  234.1    0.132  195.69   0.071  147.89   0.058
OGLE-LMC-LPV-82436  14.481 16.172   88.55   0.293   84.78   0.112  648.9    0.081
OGLE-LMC-LPV-82438  13.864 17.311  124.53   0.133 1082      0.185 3472      0.095
OGLE-LMC-LPV-82440  14.162 17.367  408.7    0.371 1712      0.209  185.80   0.128
OGLE-LMC-LPV-82441  14.365 16.593   92.68   0.042 1325      0.046  149.68   0.041
OGLE-LMC-LPV-82443  14.217 17.269  173.28   0.255 1916      0.393  187.69   0.098
OGLE-LMC-LPV-82447  14.782 16.662   78.43   0.059  746.8    0.052   83.48   0.042
OGLE-LMC-LPV-82450  14.082 17.168  370.7    0.205  299.7    0.113 2577      0.074
OGLE-LMC-LPV-82473  14.342 17.592  105.66   0.113  238.5    0.087   98.33   0.079
OGLE-LMC-LPV-82474  14.455 16.797  141.81   0.280  169.55   0.095   76.87   0.088
OGLE-LMC-LPV-82478  14.593 17.057  239.5    0.287  224.2    0.175  115.51   0.118
OGLE-LMC-LPV-82483  16.637 19.871  112.14   0.386  116.96   0.104   63.01   0.094
OGLE-LMC-LPV-82492  14.412 18.390  251.7    0.262  224.9    0.177  285.9    0.089
OGLE-LMC-LPV-82497  14.083 17.207  378.4    0.558  646.4    0.183  177.12   0.091
OGLE-LMC-LPV-82500  14.098 16.477  180.53   0.537  167.53   0.102   95.03   0.077
OGLE-LMC-LPV-82503  13.455 15.849  169.07   0.200 2232      0.165  182.28   0.043
OGLE-LMC-LPV-82512  13.749 15.967  172.46   0.070 1037      0.051  105.52   0.042
OGLE-LMC-LPV-82513  14.288 17.477  186.95   0.101  337.5    0.111 2841      0.078
OGLE-LMC-LPV-82520  14.223 16.694  186.08   0.273  198.49   0.134  175.25   0.082
OGLE-LMC-LPV-82525  14.639 16.444   73.59   0.039   51.61   0.036   44.177  0.037
OGLE-LMC-LPV-82542  14.784 16.736   76.50   0.041  334.1    0.041  545.6    0.040
OGLE-LMC-LPV-82554  14.427 17.398   91.45   0.047  459.8    0.088  398.9    0.071
OGLE-LMC-LPV-82559  15.006 18.308   84.72   0.115 2625      0.106   94.12   0.082
OGLE-LMC-LPV-82566  14.366 17.515  168.41   0.075 1773      0.256  278.4    0.058
OGLE-LMC-LPV-82579  14.203 17.865  119.32   0.126   92.35   0.080  651.5    0.080
OGLE-LMC-LPV-82586  14.679 16.519   80.81   0.044  332.0    0.064 1852      0.039
OGLE-LMC-LPV-82589  16.003 18.381  167.11   0.025 6494      1.935  113.60   0.067
OGLE-LMC-LPV-82590  14.419 17.565   96.01   0.138  521.6    0.122  593.8    0.070
OGLE-LMC-LPV-82592  14.287 18.203  127.27   0.305 1631      0.180  121.18   0.149
OGLE-LMC-LPV-82593  14.010 17.191  101.24   0.102  819.7    0.203  341.2    0.087
OGLE-LMC-LPV-82598  14.021 16.984   92.14   0.094 3333      0.093  600.2    0.075
OGLE-LMC-LPV-82600  14.262 16.471  157.89   0.326   80.71   0.125  136.15   0.079
OGLE-LMC-LPV-82601  14.207 17.024  153.63   0.133 2646      0.350  296.9    0.113
OGLE-LMC-LPV-82610  14.160 16.474  174.09   0.212   92.48   0.144  186.53   0.106
OGLE-LMC-LPV-82611  13.939 16.504  284.3    0.146  167.56   0.086  417.5    0.073
OGLE-LMC-LPV-82615  13.994 16.629 1314      0.385  998.0    0.082  218.0    0.064
OGLE-LMC-LPV-82622  14.344 16.814   83.89   0.050  392.6    0.089  121.02   0.055
OGLE-LMC-LPV-82636  13.036 16.302  322.1    0.228 1155      0.145  207.4    0.123
OGLE-LMC-LPV-82658  14.091 16.646  103.71   0.062  288.9    0.090  580.0    0.063
OGLE-LMC-LPV-82664  14.765 17.029  135.46   0.678  392.6    0.211  507.4    0.125
OGLE-LMC-LPV-82673  13.635 16.626  212.1    0.214 3155      0.199  150.38   0.041
OGLE-LMC-LPV-82675  14.517 16.135  121.97   0.503  118.99   0.302 5319      0.145
OGLE-LMC-LPV-82685  14.130 16.026   71.56   0.082  130.72   0.077  119.19   0.050
OGLE-LMC-LPV-82686  14.566 16.800  186.81   0.087  281.5    0.108  117.08   0.059
OGLE-LMC-LPV-82691  14.339 17.864  214.5    0.195  322.6    0.250  378.2    0.184
OGLE-LMC-LPV-82696  14.088 17.207  178.44   0.176 2370      0.188  193.35   0.084
OGLE-LMC-LPV-82702  14.007 17.324  607.7    0.286  489.2    0.073  116.55   0.065
OGLE-LMC-LPV-82717  13.914 16.400  135.78   0.057  760.5    0.084  120.50   0.062
OGLE-LMC-LPV-82725  15.360 17.721   51.62   0.075  595.9    0.093   52.32   0.079
OGLE-LMC-LPV-82728  14.885 18.536  184.13   0.112  536.2    0.079 2421      0.049
OGLE-LMC-LPV-82731  14.748 17.399  759.9    0.510 3205      0.209  379.1    0.096
OGLE-LMC-LPV-82742  14.751 17.764  156.22   0.252   86.25   0.206   93.72   0.127
OGLE-LMC-LPV-82747  13.894 16.885  180.08   0.179 2304      0.143  124.33   0.071
OGLE-LMC-LPV-82749  14.329 17.616  167.48   0.112 6993      0.222  473.7    0.079
OGLE-LMC-LPV-82750  14.883 17.168   64.53   0.056  102.48   0.052   62.95   0.040
OGLE-LMC-LPV-82757  14.768 17.710  232.6    0.163  742.9    0.260  496.3    0.219
OGLE-LMC-LPV-82758  14.601 17.628  124.70   0.177  208.1    0.186 2347      0.156
OGLE-LMC-LPV-82761  14.042 16.495  187.41   0.117  874.9    0.120  117.37   0.094
OGLE-LMC-LPV-82769  13.910 16.212  133.04   0.277 1949      0.114  218.6    0.051
OGLE-LMC-LPV-82772  14.422 16.505  162.64   0.603  153.63   0.421 3497      0.277
OGLE-LMC-LPV-82775  14.092 17.162  230.2    0.177  154.42   0.086  289.9    0.091
OGLE-LMC-LPV-82781  14.279 17.794  112.04   0.187 1081      0.088  103.98   0.078
OGLE-LMC-LPV-82782  14.449 16.978  318.6    0.195  210.3    0.117  221.0    0.095
OGLE-LMC-LPV-82790  15.071 18.942  134.34   0.136  932.8    0.304  739.1    0.138
OGLE-LMC-LPV-82802  14.318 17.203  129.82   0.121 2062      0.231 4525      0.117
OGLE-LMC-LPV-82803  15.029 18.000  137.01   0.107   83.40   0.095   73.21   0.075
OGLE-LMC-LPV-82805  14.365 17.959  233.7    0.177  417.9    0.162 1218      0.118
OGLE-LMC-LPV-82806  13.932 16.689 1218      0.461  706.2    0.077 2625      0.060
OGLE-LMC-LPV-82808  14.219 17.451  196.77   0.133 2070      0.338 1511      0.105
OGLE-LMC-LPV-82810  14.129 16.909  342.5    0.150 1550      0.131  158.38   0.062
OGLE-LMC-LPV-82832  14.663 17.931  182.83   0.189 4184      0.099  195.62   0.089
OGLE-LMC-LPV-82835  13.830 16.102   90.88   0.037 1012      0.077  299.8    0.052
OGLE-LMC-LPV-82848  13.916 16.798  117.13   0.163  987.2    0.140  109.72   0.081
OGLE-LMC-LPV-82850  14.376 17.148  102.27   0.120  184.03   0.155  197.12   0.099
OGLE-LMC-LPV-82856  14.518 17.166  134.25   0.099  890.5    0.120  125.33   0.053
OGLE-LMC-LPV-82859  14.265 16.597   83.98   0.084  939.8    0.089  133.42   0.062
OGLE-LMC-LPV-82879  14.524 17.608  160.99   0.277  565.3    0.132 2747      0.082
OGLE-LMC-LPV-82885  14.157 16.831  105.75   0.203  197.63   0.174  109.06   0.127
OGLE-LMC-LPV-82888  14.492 17.296  178.43   0.253  191.06   0.129  102.11   0.106
OGLE-LMC-LPV-82889  14.459 16.763   98.68   0.055  316.4    0.095  763.9    0.070
OGLE-LMC-LPV-82917  14.161 17.221  177.71   0.129 1256      0.199  303.7    0.068
OGLE-LMC-LPV-82918  15.397 17.661   99.74   0.178  103.12   0.099   84.80   0.074
OGLE-LMC-LPV-82924  14.723 16.953   87.51   0.028 1422      0.042 2924      0.029
OGLE-LMC-LPV-82925  14.026 16.198   91.59   0.148  222.3    0.063  167.39   0.056
OGLE-LMC-LPV-82929  14.555 16.663  127.52   0.284   70.58   0.097  150.67   0.073
OGLE-LMC-LPV-82933  14.226 17.265  178.79   0.153 1078      0.155  202.4    0.113
OGLE-LMC-LPV-82941  14.187 17.263  178.22   0.091 1168      0.130  701.3    0.114
OGLE-LMC-LPV-82948  13.800 16.498  169.73   0.069  599.5    0.062   97.85   0.039
OGLE-LMC-LPV-82952  14.173 16.398  227.2    0.129  237.2    0.076  726.2    0.056
OGLE-LMC-LPV-82954  14.834 17.087   82.04   0.152  146.16   0.128  885.7    0.120
OGLE-LMC-LPV-82955  14.880 16.623   76.19   0.089   42.939  0.056   81.47   0.048
OGLE-LMC-LPV-82961  14.081 16.548  107.24   0.060  214.3    0.103  874.9    0.069
OGLE-LMC-LPV-82963  14.033 17.578  257.9    0.172 2257      0.183  465.5    0.089
OGLE-LMC-LPV-82967  14.189 17.231  186.83   0.174  346.4    0.109 1267      0.103
OGLE-LMC-LPV-82969  14.338 17.324   89.02   0.101  656.6    0.119  509.4    0.076
OGLE-LMC-LPV-82981  13.400 15.654  177.24   0.047 2137      0.053  105.05   0.034
OGLE-LMC-LPV-82987  14.738 16.980   66.37   0.065  113.10   0.054   62.42   0.043
OGLE-LMC-LPV-83029  14.617 16.943   88.90   0.055  226.9    0.076  526.9    0.073
OGLE-LMC-LPV-83033  14.488 16.803   97.41   0.040  868.8    0.097  527.7    0.040
OGLE-LMC-LPV-83037  14.398 16.977  254.6    0.172  134.32   0.064 1437      0.061
OGLE-LMC-LPV-83038  14.557 17.617  199.56   0.192 1222      0.211  327.7    0.158
OGLE-LMC-LPV-83040  14.465 17.110   95.30   0.063  505.6    0.097 1042      0.095
OGLE-LMC-LPV-83050  14.746 17.134   83.59   0.063  227.4    0.087  287.2    0.058
OGLE-LMC-LPV-83051  15.540 17.196   37.905  0.035   44.107  0.029  248.9    0.027
OGLE-LMC-LPV-83054  13.204    -    175.24   0.296  295.3    0.101  121.29   0.107
OGLE-LMC-LPV-83055  14.849 16.698   81.16   0.045  489.2    0.061  351.5    0.047
OGLE-LMC-LPV-83057  14.252 15.888  120.43   0.455  117.59   0.178  334.0    0.150
OGLE-LMC-LPV-83069  14.089 16.474  123.82   0.070  212.2    0.092  665.3    0.075
OGLE-LMC-LPV-83071  14.296 16.587  211.1    0.181  112.94   0.116  225.0    0.082
OGLE-LMC-LPV-83073  14.382 17.646  233.7    0.269  201.7    0.147  124.22   0.105
OGLE-LMC-LPV-83074  13.820 16.407  166.38   0.092  863.6    0.082  269.5    0.077
OGLE-LMC-LPV-83091  15.830 20.163  214.6    0.228  268.9    0.102 4082      0.061
OGLE-LMC-LPV-83103  14.707 17.510   81.95   0.226 1109      0.170   84.01   0.085
OGLE-LMC-LPV-83116  14.101 17.147  126.99   0.195  229.9    0.175  132.26   0.125
OGLE-LMC-LPV-83117  14.519 17.047  401.3    0.158  502.8    0.100  913.2    0.063
OGLE-LMC-LPV-83128  15.303 17.588   67.18   0.048  744.6    0.174 1458      0.138
OGLE-LMC-LPV-83146  14.060 17.087  212.2    0.113  809.7    0.112  222.4    0.080
OGLE-LMC-LPV-83158  13.326 15.943  303.8    0.135  743.5    0.138 1325      0.089
OGLE-LMC-LPV-83164  14.480 17.823  164.85   0.129  736.4    0.226  332.2    0.089
OGLE-LMC-LPV-83168  14.227 18.232  269.8    0.163  146.63   0.154 1362      0.088
OGLE-LMC-LPV-83180  14.486 17.831  191.30   0.243 2326      0.150  344.4    0.137
OGLE-LMC-LPV-83182  14.313 17.486   99.55   0.110  202.7    0.151 1129      0.135
OGLE-LMC-LPV-83186  14.375 17.352  235.4    0.178 2695      0.214  274.1    0.106
OGLE-LMC-LPV-83187  13.900 17.146  106.84   0.100  165.70   0.078  731.5    0.063
OGLE-LMC-LPV-83194  14.730    -    208.9    0.595  181.46   0.142   98.78   0.100
OGLE-LMC-LPV-83195  14.314 16.992  145.67   0.089  935.5    0.111  192.05   0.063
OGLE-LMC-LPV-83198  14.235 17.131   96.36   0.129  181.23   0.130  170.27   0.093
OGLE-LMC-LPV-83206  13.876 17.143  237.5    0.140  886.5    0.235  506.1    0.092
OGLE-LMC-LPV-83209  14.912 17.352  127.99   0.481  137.68   0.321   66.19   0.242
OGLE-LMC-LPV-83222  14.712 17.222   75.25   0.056  452.5    0.052   83.50   0.047
OGLE-LMC-LPV-83226  14.669 17.928  179.54   0.221  100.80   0.143  152.18   0.113
OGLE-LMC-LPV-83230  14.122 17.133  108.62   0.114  540.0    0.220  718.4    0.116
OGLE-LMC-LPV-83231  14.163 16.271   92.79   0.040  469.5    0.074  294.7    0.057
OGLE-LMC-LPV-83233  14.049 17.166  182.91   0.172 2688      0.149  189.57   0.091
OGLE-LMC-LPV-83236  15.343 18.494  347.3    0.752 2564      0.783  334.0    0.259
OGLE-LMC-LPV-83240  14.471 17.424  157.59   0.199  166.17   0.179  248.4    0.145
OGLE-LMC-LPV-83241  13.722 16.301  253.0    0.064 1244      0.164  945.2    0.087
OGLE-LMC-LPV-83244  13.379 16.294  520.4    0.403  273.1    0.105 1730      0.113
OGLE-LMC-LPV-83266  14.048 17.133  124.33   0.102  266.2    0.104  120.38   0.076
OGLE-LMC-LPV-83267  14.510 17.138  114.43   0.044  390.9    0.051  328.9    0.043
OGLE-LMC-LPV-83268  14.306 17.385  152.60   0.071 1898      0.197 4202      0.090
OGLE-LMC-LPV-83269  13.990 16.926  180.15   0.233 1927      0.434 4167      0.103
OGLE-LMC-LPV-83270  14.658 17.351  287.2    0.688  320.7    0.278 3472      0.139
OGLE-LMC-LPV-83277  14.273 16.426  167.72   0.417  135.39   0.383  683.5    0.194
OGLE-LMC-LPV-83289  14.352 17.456  181.86   0.226  316.6    0.183  406.3    0.081
OGLE-LMC-LPV-83293  13.912 16.041   81.45   0.046  708.2    0.061   55.34   0.031
OGLE-LMC-LPV-83303  14.392 17.247  194.40   0.228  202.9    0.126  180.34   0.075
OGLE-LMC-LPV-83322  14.866 17.117  126.74   0.092  514.9    0.174 1757      0.099
OGLE-LMC-LPV-83333  14.502 16.356   58.21   0.084  103.39   0.081  100.28   0.071
OGLE-LMC-LPV-83339  14.159 17.279  238.2    0.351  125.91   0.205  229.3    0.186
OGLE-LMC-LPV-83351  13.954 16.982  430.3    0.275 1202      0.099  199.36   0.071
OGLE-LMC-LPV-83352  14.746 17.605  200.6    0.221  900.9    0.268 1196      0.124
OGLE-LMC-LPV-83353  14.224 17.546  246.5    0.321  689.7    0.253  257.9    0.202
OGLE-LMC-LPV-83354  13.907 17.116  886.5    0.281  750.8    0.096 1007      0.075
OGLE-LMC-LPV-83355  15.397 18.453  129.03   0.192  725.2    0.237  271.8    0.107
OGLE-LMC-LPV-83366  14.754 17.135  215.7    0.137 1748      0.130  138.91   0.080
OGLE-LMC-LPV-83370  15.416 18.253   73.11   0.176  135.10   0.106   66.41   0.064
OGLE-LMC-LPV-83372  16.474 18.985  188.86   0.254 3497      2.757  187.86   0.222
OGLE-LMC-LPV-83398  14.384 16.656  126.95   0.104  881.1    0.092   81.59   0.056
OGLE-LMC-LPV-83400  13.677 16.381  143.10   0.077 2101      0.097  204.8    0.050
OGLE-LMC-LPV-83409  14.333 17.013   68.43   0.134  117.91   0.068   86.95   0.058
OGLE-LMC-LPV-83424  14.429 17.156   96.20   0.095 6452      0.416  807.1    0.160
OGLE-LMC-LPV-83429  14.380 17.915  744.6    0.283  157.38   0.110 2488      0.099
OGLE-LMC-LPV-83445  14.229 17.472  310.0    0.188  190.37   0.192  602.4    0.120
OGLE-LMC-LPV-83451  14.498 18.167  115.15   0.144  881.1    0.260  188.11   0.123
OGLE-LMC-LPV-83469  14.180 17.177  178.48   0.125  885.0    0.189  642.3    0.078
OGLE-LMC-LPV-83476  13.734 16.250  149.57   0.090 1600      0.097  142.15   0.056
OGLE-LMC-LPV-83480  13.641 15.890  121.51   0.073  893.7    0.075  133.83   0.043
OGLE-LMC-LPV-83490  12.482 14.150  135.85   0.108  183.69   0.091  157.11   0.071
OGLE-LMC-LPV-83504  13.776 16.439  287.4    0.127  661.8    0.102  264.0    0.072
OGLE-LMC-LPV-83505  14.414 17.310  219.0    0.392 6410      0.256  211.3    0.239
OGLE-LMC-LPV-83510  14.321 17.181  117.92   0.157  322.0    0.207   96.79   0.132
OGLE-LMC-LPV-83535  14.197 16.830  154.13   0.063 1024      0.209  597.4    0.068
OGLE-LMC-LPV-83543  14.239 17.010  335.9    0.219  304.0    0.092  218.5    0.063
OGLE-LMC-LPV-83573  13.622 14.164   83.40   0.226  453.3    0.082  136.28   0.051
OGLE-LMC-LPV-83574  14.332 16.938  165.94   0.118   97.31   0.081  150.15   0.071
OGLE-LMC-LPV-83578  14.095 16.646   93.69   0.224 1085      0.109   91.06   0.095
OGLE-LMC-LPV-83580  15.013 17.142   48.857  0.026  370.5    0.046 2778      0.042
OGLE-LMC-LPV-83593  14.049    -    151.33   0.172  254.0    0.078  294.6    0.057
OGLE-LMC-LPV-83599  14.053 16.939  175.31   0.238  884.2    0.122  189.29   0.101
OGLE-LMC-LPV-83602  13.973 16.446 1042      0.227  122.84   0.119  815.0    0.087
OGLE-LMC-LPV-83623  14.446 17.886  194.15   0.281 1517      0.245  320.3    0.163
OGLE-LMC-LPV-83641  14.883 18.331   83.81   0.084   98.94   0.082   81.43   0.063
OGLE-LMC-LPV-83642  14.992 17.422   67.89   0.082  383.0    0.160  116.47   0.110
OGLE-LMC-LPV-83668  14.773 16.699   91.99   0.111  472.1    0.079   95.14   0.065
OGLE-LMC-LPV-83673  15.162 17.396  118.04   0.736  112.11   0.296 2278      0.251
OGLE-LMC-LPV-83688  14.080 17.587  263.3    0.499  140.41   0.289  285.3    0.204
OGLE-LMC-LPV-83702  14.918 16.762   79.01   0.213   84.42   0.099   44.932  0.060
OGLE-LMC-LPV-83706  14.224 17.613  178.34   0.114  595.2    0.068   98.26   0.055
OGLE-LMC-LPV-83710  14.291 17.775  343.8    0.301  391.8    0.121  281.0    0.088
OGLE-LMC-LPV-83711  14.928 16.810   59.40   0.033  150.88   0.040  158.83   0.033
OGLE-LMC-LPV-83714  14.334 16.550   70.63   0.183  937.2    0.091  118.23   0.066
OGLE-LMC-LPV-83719  15.291    -    194.17   0.121 1148      0.105   93.21   0.040
OGLE-LMC-LPV-83720  13.976 17.273  113.83   0.099  777.0    0.171  180.47   0.076
OGLE-LMC-LPV-83721  18.408 21.845   51.05   0.042  299.6    0.050   14.709  0.046
OGLE-LMC-LPV-83726  13.908 16.375  131.27   0.106  410.0    0.094  744.6    0.076
OGLE-LMC-LPV-83735  14.330 17.322   95.42   0.134  513.9    0.102  152.67   0.099
OGLE-LMC-LPV-83766  14.718 16.817   85.66   0.047  796.2    0.054 1272      0.042
OGLE-LMC-LPV-83773  13.930 17.081  125.45   0.108  640.2    0.148  175.32   0.078
OGLE-LMC-LPV-83778  14.458 17.032  289.2    0.765  275.8    0.137 5882      0.103
OGLE-LMC-LPV-83782  14.365 17.400  171.78   0.166  834.7    0.100  224.0    0.066
OGLE-LMC-LPV-83785  13.930 16.745  411.3    0.378 1222      0.254  307.3    0.216
OGLE-LMC-LPV-83786  13.993 16.780  163.08   0.166  771.0    0.095  172.38   0.075
OGLE-LMC-LPV-83787  14.241 17.821  247.7    0.444  179.05   0.116  104.14   0.098
OGLE-LMC-LPV-83799  14.221 17.005  203.7    0.379  212.9    0.200  111.17   0.147
OGLE-LMC-LPV-83804  14.633 16.787   61.24   0.067   64.07   0.059  644.7    0.055
OGLE-LMC-LPV-83810  14.391 16.547   87.63   0.086  142.43   0.046   84.96   0.034
OGLE-LMC-LPV-83831  14.233 17.440  202.4    0.248  623.4    0.153  181.29   0.090
OGLE-LMC-LPV-83832  13.698 16.296  159.49   0.113 1980      0.147  531.1    0.075
OGLE-LMC-LPV-83833  14.262 15.890  114.01   0.507 3802      0.099  100.54   0.079
OGLE-LMC-LPV-83842  13.917 17.413  128.25   0.125  691.1    0.175  121.24   0.101
OGLE-LMC-LPV-83847  13.054 16.179  254.0    0.141  154.61   0.100  327.3    0.093
OGLE-LMC-LPV-83850  14.112 17.215  115.45   0.085  926.8    0.152  695.9    0.091
OGLE-LMC-LPV-83853  14.913 17.439  103.66   0.130  854.7    0.155   96.67   0.092
OGLE-LMC-LPV-83856  14.200 16.972  142.88   0.098  883.4    0.100 1014      0.066
OGLE-LMC-LPV-83870  14.200 17.647  422.9    0.364  202.9    0.130 4255      0.111
OGLE-LMC-LPV-83878  14.156 17.355   89.38   0.087  972.8    0.098   87.44   0.049
OGLE-LMC-LPV-83881  14.165 16.921  190.91   0.166  101.72   0.124  198.49   0.130
OGLE-LMC-LPV-83883  14.687 16.409   63.24   0.040  253.4    0.048  312.3    0.028
OGLE-LMC-LPV-83887  14.038 16.185   88.20   0.075  729.4    0.083   83.63   0.030
OGLE-LMC-LPV-83890  14.535 16.389  115.94   0.548  113.38   0.175 5376      0.114
OGLE-LMC-LPV-83891  14.052 17.157  189.80   0.323 1996      0.242  174.86   0.139
OGLE-LMC-LPV-83895  14.256 17.683  217.4    0.183 2646      0.216  185.53   0.095
OGLE-LMC-LPV-83899  14.685 16.833  127.32   0.469  134.17   0.118 1527      0.093
OGLE-LMC-LPV-83910  14.690 17.439 1128      0.218  125.19   0.132  117.90   0.083
OGLE-LMC-LPV-83912  14.093 16.869  143.06   0.119 1460      0.233 3636      0.142
OGLE-LMC-LPV-83913  14.298 17.696  217.7    0.201  715.8    0.107  119.96   0.108
OGLE-LMC-LPV-83926  14.548 17.637   70.78   0.071   75.74   0.078  671.6    0.040
OGLE-LMC-LPV-83930  15.100 18.282  139.93   0.164   79.03   0.139   80.37   0.125
OGLE-LMC-LPV-83931  14.332 16.083   96.22   0.488  105.45   0.133   93.52   0.129
OGLE-LMC-LPV-83944  14.638 17.304  137.52   0.206  249.1    0.192  277.2    0.124
OGLE-LMC-LPV-83948  13.827 16.916  103.90   0.115  230.4    0.088  317.6    0.077
OGLE-LMC-LPV-83952  14.285 16.072  117.37   0.453  313.0    0.140  112.66   0.109
OGLE-LMC-LPV-83953  14.019 16.567  123.32   0.088 2681      0.108  229.5    0.067
OGLE-LMC-LPV-83955  14.956 18.122  222.0    0.556  202.3    0.328  931.1    0.182
OGLE-LMC-LPV-83956  14.271 16.848   87.83   0.109 1055      0.131  149.12   0.115
OGLE-LMC-LPV-83961  13.461 15.950  182.82   0.122  454.8    0.115  330.8    0.072
OGLE-LMC-LPV-83983  14.616 17.872  572.7    0.531  496.0    0.126 3704      0.096
OGLE-LMC-LPV-83990  14.128 17.860  275.2    0.273  306.8    0.187  160.36   0.114
OGLE-LMC-LPV-83991  14.199 16.826  145.94   0.135 1391      0.151  141.04   0.081
OGLE-LMC-LPV-83993  15.391 19.064  156.57   0.102 2463      0.132  220.4    0.087
OGLE-LMC-LPV-83996  14.711 17.965  147.92   0.175 1147      0.128 2096      0.081
OGLE-LMC-LPV-83999  14.402 17.064  119.37   0.145 1047      0.260 3425      0.106
OGLE-LMC-LPV-84016  14.375 17.809  413.9    0.231  523.8    0.134 1730      0.097
OGLE-LMC-LPV-84020  15.025 18.916  485.9    0.599 2747      0.981  478.2    0.300
OGLE-LMC-LPV-84031  13.529 15.913  152.13   0.135  290.5    0.057  601.3    0.059
OGLE-LMC-LPV-84035  13.970 16.328  115.34   0.038  729.9    0.058 2725      0.035
OGLE-LMC-LPV-84039  13.763 16.605  189.90   0.107 2193      0.241 1488      0.196
OGLE-LMC-LPV-84042  14.164 17.472  207.5    0.205  396.5    0.196  336.5    0.138
OGLE-LMC-LPV-84051  14.458 16.665  150.83   0.786  205.5    0.130  306.9    0.089
OGLE-LMC-LPV-84056  14.315 16.467  102.81   0.037  290.1    0.066  970.9    0.050
OGLE-LMC-LPV-84061  14.167 16.714  134.51   0.210 1376      0.201  253.5    0.089
OGLE-LMC-LPV-84071  14.689 18.169  122.87   0.109  582.8    0.252  257.7    0.092
OGLE-LMC-LPV-84097  14.339 16.987  991.1    0.274  352.1    0.110  791.1    0.083
OGLE-LMC-LPV-84110  14.828 17.439   72.21   0.134  721.0    0.251  131.96   0.117
OGLE-LMC-LPV-84113  14.345 16.309   96.57   0.069  299.5    0.074  337.8    0.055
OGLE-LMC-LPV-84116  14.488 16.684   86.76   0.043  881.8    0.070   92.54   0.033
OGLE-LMC-LPV-84121  13.818 16.709  178.25   0.154 2198      0.346  217.8    0.073
OGLE-LMC-LPV-84128  14.448 16.560   66.16   0.094  115.61   0.092   89.94   0.051
OGLE-LMC-LPV-84135  14.331 17.050  193.99   0.269  102.05   0.108  113.20   0.058
OGLE-LMC-LPV-84137  13.777 16.090  328.1    0.447  181.00   0.094  157.28   0.084
OGLE-LMC-LPV-84139  14.213 16.422  158.74   0.161   87.85   0.113  164.53   0.071
OGLE-LMC-LPV-84142  14.686 17.046  163.88   0.097 2451      0.177  674.3    0.062
OGLE-LMC-LPV-84147  13.896 16.766  152.58   0.090 1795      0.187  731.0    0.174
OGLE-LMC-LPV-84157  14.678 16.994   66.26   0.047  342.7    0.053  188.01   0.033
OGLE-LMC-LPV-84170  14.294 16.801  141.21   0.194  269.6    0.175  770.4    0.159
OGLE-LMC-LPV-84173  14.288 16.695   95.08   0.085 1074      0.118  121.14   0.085
OGLE-LMC-LPV-84178  14.250 16.714  117.33   0.079  278.6    0.044  614.6    0.037
OGLE-LMC-LPV-84187  15.252 18.234  146.66   0.452  141.08   0.122   78.24   0.114
OGLE-LMC-LPV-84188  14.733 17.753   97.02   0.150  285.9    0.079   91.12   0.064
OGLE-LMC-LPV-84192  14.144 17.359  343.0    0.122  612.4    0.109  418.9    0.105
OGLE-LMC-LPV-84194  13.896 16.465  141.64   0.101 2433      0.180  128.58   0.072
OGLE-LMC-LPV-84198  14.095 16.227   79.09   0.032  716.8    0.091 2463      0.033
OGLE-LMC-LPV-84205  14.231 16.474   71.91   0.057  718.4    0.101  471.7    0.057
OGLE-LMC-LPV-84219  14.385 16.808  109.59   0.067   71.76   0.056  375.8    0.046
OGLE-LMC-LPV-84233  14.476 17.502   80.57   0.065  156.96   0.083   89.26   0.051
OGLE-LMC-LPV-84234  14.062 17.331  125.93   0.073  738.0    0.142  909.9    0.058
OGLE-LMC-LPV-84237  15.366 17.486   47.061  0.043 4854      0.051   48.962  0.034
OGLE-LMC-LPV-84243  15.596 18.810   63.84   0.045  575.7    0.080  103.53   0.054
OGLE-LMC-LPV-84249  13.901 17.211  119.92   0.079  194.25   0.105  212.3    0.096
OGLE-LMC-LPV-84254  14.218 17.580  103.52   0.104  543.5    0.154  107.16   0.089
OGLE-LMC-LPV-84282  14.227 17.588  199.11   0.229 2016      0.163  171.56   0.103
OGLE-LMC-LPV-84284  14.635 16.718   96.09   0.062 2591      0.058   58.14   0.039
OGLE-LMC-LPV-84288  14.061 16.624  144.22   0.065 1221      0.095  259.9    0.064
OGLE-LMC-LPV-84294  14.171 16.781  108.20   0.058 3448      0.191  217.9    0.068
OGLE-LMC-LPV-84304  14.544 17.222  175.75   0.151  303.2    0.099 3436      0.092
OGLE-LMC-LPV-84320  14.356 16.659   91.11   0.044  159.11   0.032  428.1    0.033
OGLE-LMC-LPV-84321  14.742 18.555  446.6    0.778 1319      0.382 6211      0.196
OGLE-LMC-LPV-84342  14.552 17.655  277.0    0.140 1832      0.206  373.4    0.104
OGLE-LMC-LPV-84346  14.023 16.953  205.8    0.083  347.2    0.087 3690      0.072
OGLE-LMC-LPV-84356  13.891 17.037  198.90   0.215 5291      0.117  220.4    0.099
OGLE-LMC-LPV-84359  13.915 16.227  107.16   0.064  875.7    0.106  112.71   0.038
OGLE-LMC-LPV-84367  14.052 16.794  211.2    0.257  956.0    0.146  292.8    0.103
OGLE-LMC-LPV-84368  14.045 16.711  163.63   0.162  322.0    0.098  579.0    0.070
OGLE-LMC-LPV-84376  14.108 17.696  119.86   0.257  218.4    0.148  148.26   0.083
OGLE-LMC-LPV-84386  14.421 16.565  149.15   0.142  120.83   0.085  194.67   0.046
OGLE-LMC-LPV-84388  14.908 16.416   60.53   0.061   54.81   0.055   61.32   0.038
OGLE-LMC-LPV-84394  14.264 16.973  610.8    0.245   91.27   0.081  512.3    0.068
OGLE-LMC-LPV-84398  15.137 17.105   67.14   0.041   45.292  0.040   73.94   0.038
OGLE-LMC-LPV-84401  14.147 17.770  117.56   0.117  195.43   0.120 2882      0.103
OGLE-LMC-LPV-84407  14.904 16.650   74.56   0.104   71.12   0.094  482.2    0.051
OGLE-LMC-LPV-84429  13.967 16.170  103.20   0.051  834.7    0.141   99.17   0.056
OGLE-LMC-LPV-84434  14.552 17.900  121.81   0.159  220.7    0.100  132.22   0.083
OGLE-LMC-LPV-84437  14.217 17.536  180.47   0.206  480.1    0.208  896.1    0.131
OGLE-LMC-LPV-84457  14.779 17.249   75.85   0.036  722.5    0.119 3086      0.057
OGLE-LMC-LPV-84458  14.400 17.014  150.20   0.181  142.92   0.131 1314      0.101
OGLE-LMC-LPV-84460  14.635 16.862   83.49   0.044  745.7    0.185  541.1    0.063
OGLE-LMC-LPV-84472  14.351 16.740   77.38   0.078   78.52   0.059  726.7    0.045
OGLE-LMC-LPV-84473  13.600 16.368  234.1    0.089 4032      0.154  209.9    0.065
OGLE-LMC-LPV-84476  14.074 16.988  114.10   0.099 1081      0.141  100.39   0.082
OGLE-LMC-LPV-84479  14.331 17.091   87.58   0.099  136.05   0.078   94.69   0.072
OGLE-LMC-LPV-84482  14.031 17.433  379.9    0.291  556.2    0.191  245.2    0.123
OGLE-LMC-LPV-84488  14.108 17.361  108.75   0.145  177.21   0.118  170.33   0.085
OGLE-LMC-LPV-84493  13.682 16.968  196.70   0.698 1647      0.914 3333      0.342
OGLE-LMC-LPV-84511  14.518 17.495   94.63   0.173 1181      0.157   97.77   0.134
OGLE-LMC-LPV-84514  14.233 16.636  135.00   0.122  879.5    0.080   79.22   0.057
OGLE-LMC-LPV-84523  13.196 15.478  298.9    0.096 1019      0.124  169.81   0.082
OGLE-LMC-LPV-84530  14.397 17.161  194.72   0.670  143.31   0.113   99.62   0.096
OGLE-LMC-LPV-84539  14.023 16.673  868.8    0.275  144.03   0.066  130.48   0.052
OGLE-LMC-LPV-84544  14.796 16.784  184.77   0.487  155.23   0.281  174.16   0.229
OGLE-LMC-LPV-84546  14.091 17.010  897.7    0.304  153.82   0.107  734.2    0.077
OGLE-LMC-LPV-84547  14.414 17.109  132.59   0.076  762.8    0.081  229.6    0.045
OGLE-LMC-LPV-84553  14.491 17.868  101.37   0.082  563.4    0.133  672.0    0.099
OGLE-LMC-LPV-84554  14.012 16.871  385.4    0.105 2123      0.339  330.6    0.140
OGLE-LMC-LPV-84567  14.685 16.964   60.09   0.049  393.7    0.044  315.2    0.049
OGLE-LMC-LPV-84571  14.276 17.515  107.93   0.061  612.7    0.096 1239      0.059
OGLE-LMC-LPV-84573  14.285 17.298  345.5    0.322  829.9    0.103  199.40   0.050
OGLE-LMC-LPV-84576  14.032 16.390  288.0    0.132  273.4    0.076  389.3    0.048
OGLE-LMC-LPV-84589  13.355 16.041  230.9    0.184  129.23   0.120  969.0    0.093
OGLE-LMC-LPV-84590  13.979 17.218   97.00   0.072  715.8    0.185  563.1    0.118
OGLE-LMC-LPV-84603  13.792 16.062   96.29   0.063  877.2    0.046   67.08   0.043
OGLE-LMC-LPV-84610  15.017 18.059  194.78   0.071 1016      0.139 3597      0.063
OGLE-LMC-LPV-84623  13.854 16.192  134.15   0.111  130.43   0.093  886.5    0.066
OGLE-LMC-LPV-84628  14.415 16.675   79.85   0.043  382.4    0.073  108.83   0.036
OGLE-LMC-LPV-84630  13.789 16.873  215.2    0.146 1449      0.209  372.4    0.098
OGLE-LMC-LPV-84645  14.703 17.230  174.40   0.104 2179      0.231 1391      0.120
OGLE-LMC-LPV-84648  14.848 16.678   72.57   0.041   41.693  0.029  248.6    0.027
OGLE-LMC-LPV-84653  14.453 16.903   86.34   0.167  160.75   0.121  994.0    0.092
OGLE-LMC-LPV-84669  14.168 16.775  110.47   0.091  290.0    0.114  538.2    0.075
OGLE-LMC-LPV-84672  14.519 17.032  122.58   0.061  724.6    0.180 1650      0.127
OGLE-LMC-LPV-84683  14.017 17.040  213.5    0.224  122.91   0.128 1451      0.122
OGLE-LMC-LPV-84684  14.432 17.055   98.68   0.071 1508      0.085 1037      0.073
OGLE-LMC-LPV-84689  14.241 17.002  271.9    0.348  141.40   0.174  301.0    0.105
OGLE-LMC-LPV-84696  14.344 16.814   97.57   0.045 1292      0.101  564.0    0.061
OGLE-LMC-LPV-84698  14.783 18.595  214.9    0.235 1842      0.309  394.2    0.130
OGLE-LMC-LPV-84700  14.537 16.449   88.04   0.040 4444      0.051   50.93   0.051
OGLE-LMC-LPV-84701  14.808 17.695  214.5    0.391  796.8    0.157 2632      0.106
OGLE-LMC-LPV-84708  14.108 17.200  125.91   0.132  408.3    0.129  619.6    0.106
OGLE-LMC-LPV-84713  14.529 17.730  176.99   0.462  312.3    0.197  351.4    0.164
OGLE-LMC-LPV-84726  13.495 15.898  148.61   0.100 1218      0.169  136.80   0.067
OGLE-LMC-LPV-84745  14.023 16.520  283.0    0.135  161.84   0.074  339.8    0.050
OGLE-LMC-LPV-84758  14.131 17.279  113.04   0.132  126.15   0.120  118.98   0.100
OGLE-LMC-LPV-84778  14.090 17.024  330.5    0.158 1325      0.104  267.8    0.085
OGLE-LMC-LPV-84782  14.364 16.954  210.2    0.115 1036      0.195 2257      0.152
OGLE-LMC-LPV-84797  14.054 16.726  285.0    0.252  308.3    0.188 1359      0.150
OGLE-LMC-LPV-84800  14.851 16.541   73.76   0.042   42.298  0.032  447.0    0.029
OGLE-LMC-LPV-84811  14.376 16.863  108.72   0.069 1209      0.099  161.94   0.048
OGLE-LMC-LPV-84825  13.981 17.018  101.28   0.102  776.4    0.098   98.04   0.054
OGLE-LMC-LPV-84834  14.487 16.620   84.80   0.054 1063      0.075   87.73   0.066
OGLE-LMC-LPV-84843  14.251 17.431  175.32   0.190 1031      0.145  298.2    0.096
OGLE-LMC-LPV-84851  15.159 18.177  172.04   0.398  164.28   0.175   92.66   0.144
OGLE-LMC-LPV-84852  15.582 17.203   34.227  0.021  243.5    0.027  110.77   0.021
OGLE-LMC-LPV-84856  14.343 18.671  285.2    0.310 1779      0.157 1235      0.098
OGLE-LMC-LPV-84863  14.454 17.537  246.6    0.220  153.40   0.132 1153      0.112
OGLE-LMC-LPV-84878  14.828 18.008  237.6    0.139  905.8    0.123  130.29   0.078
OGLE-LMC-LPV-84884  14.113 17.418  110.82   0.116  201.8    0.096  740.2    0.059
OGLE-LMC-LPV-84888  14.348 17.447  244.2    0.599  228.1    0.159  272.0    0.142
OGLE-LMC-LPV-84907  14.253 17.626  114.17   0.121  180.15   0.092  863.6    0.091
OGLE-LMC-LPV-84921  14.279 16.820  263.1    0.304 3876      0.180  136.76   0.167
OGLE-LMC-LPV-84942  14.336 16.084  120.38   0.552  124.41   0.137  131.94   0.088
OGLE-LMC-LPV-84949  14.252 16.503  722.0    0.338  398.1    0.107 1686      0.086
OGLE-LMC-LPV-84952  13.916 16.729 1706      0.434  152.93   0.089  402.1    0.065
OGLE-LMC-LPV-84960  14.192 16.223   99.44   0.059 1565      0.088  335.9    0.041
OGLE-LMC-LPV-84965  13.969 16.573  223.9    0.436  192.49   0.127  503.5    0.085
OGLE-LMC-LPV-84977  14.562 17.792  199.81   0.172 1748      0.145  183.59   0.090
OGLE-LMC-LPV-84978  14.642 16.393   95.52   0.121  504.3    0.081   90.66   0.080
OGLE-LMC-LPV-84984  14.274 16.790  236.7    0.183  134.21   0.140  256.3    0.091
OGLE-LMC-LPV-84985  15.305 16.915   47.263  0.046   48.933  0.030  301.9    0.029
OGLE-LMC-LPV-84992  14.399 17.843  601.1    0.176  173.67   0.098 1011      0.101
OGLE-LMC-LPV-85002  14.055 17.029  162.79   0.136  172.95   0.131 1667      0.095
OGLE-LMC-LPV-85003  13.957 16.656  253.4    0.172  939.8    0.128 1152      0.120
OGLE-LMC-LPV-85007  13.996 17.680  125.31   0.094  976.6    0.134 2558      0.058
OGLE-LMC-LPV-85009  14.333 16.859  137.05   0.195  286.5    0.112  247.5    0.073
OGLE-LMC-LPV-85023  14.397    -    100.56   0.164  929.4    0.273  160.44   0.095
OGLE-LMC-LPV-85046  14.215 17.200  183.01   0.243  196.73   0.125 1499      0.084
OGLE-LMC-LPV-85048  14.381 16.905  103.90   0.111  722.5    0.124  978.5    0.088
OGLE-LMC-LPV-85059  14.748 17.858   98.92   0.148  269.0    0.108  862.8    0.092
OGLE-LMC-LPV-85077  14.636 16.611   55.05   0.039  317.1    0.068  458.1    0.032
OGLE-LMC-LPV-85098  14.380 17.374  152.16   0.287  160.77   0.236 3817      0.147
OGLE-LMC-LPV-85109  14.320 17.023  204.2    0.138  984.3    0.129  811.7    0.101
OGLE-LMC-LPV-85115  14.134 16.735  218.1    0.122 1558      0.104  133.55   0.076
OGLE-LMC-LPV-85116  14.624 18.369  402.8    0.362  290.6    0.104  586.5    0.092
OGLE-LMC-LPV-85118  14.207 17.142  172.71   0.214  301.2    0.169 3922      0.141
OGLE-LMC-LPV-85120  14.203 16.673  167.99   0.216   96.46   0.107   93.21   0.097
OGLE-LMC-LPV-85132  14.332 16.876  287.6    0.530 2710      0.314  150.65   0.172
OGLE-LMC-LPV-85138  14.056 16.800  313.6    0.150  412.4    0.101  931.1    0.098
OGLE-LMC-LPV-85143  14.449 17.466  150.24   0.137  537.3    0.121  140.19   0.091
OGLE-LMC-LPV-85147  14.670 16.654   70.99   0.040  771.6    0.047  563.1    0.029
OGLE-LMC-LPV-85148  15.168 18.112  135.89   0.117 3774      0.156  280.7    0.065
OGLE-LMC-LPV-85153  14.551 17.022  266.8    0.188  152.51   0.085  236.7    0.084
OGLE-LMC-LPV-85161  14.187 17.014   95.42   0.151  315.2    0.072  117.34   0.058
OGLE-LMC-LPV-85166  14.102 17.271  110.36   0.154  186.67   0.071  176.93   0.054
OGLE-LMC-LPV-85173  13.197 15.617  148.17   0.060 1297      0.092  176.18   0.035
OGLE-LMC-LPV-85175  16.249 19.064  147.71   0.122 3049      0.571  755.9    0.458
OGLE-LMC-LPV-85176  14.193 16.349  148.39   0.367   79.77   0.171   81.80   0.063
OGLE-LMC-LPV-85199  14.171 17.119 1764      0.310  172.89   0.085  157.95   0.064
OGLE-LMC-LPV-85200  13.949 17.067  406.3    0.461  486.9    0.113  176.27   0.107
OGLE-LMC-LPV-85206  14.920 18.089  156.05   0.141 2457      0.181  232.5    0.132
OGLE-LMC-LPV-85208  14.629 16.790   74.40   0.026  333.8    0.080  430.5    0.046
OGLE-LMC-LPV-85229  14.226 16.682  140.81   0.177 1263      0.325  254.6    0.086
OGLE-LMC-LPV-85235  13.559 16.221  317.4    0.116 1247      0.120  188.18   0.067
OGLE-LMC-LPV-85238  14.263 17.660  197.21   0.228  384.3    0.801  154.61   0.052
OGLE-LMC-LPV-85242  14.056 18.018  323.9    0.402  184.03   0.180  222.2    0.059
OGLE-LMC-LPV-85247  14.020 16.949  177.72   0.125  300.8    0.104  528.8    0.102
OGLE-LMC-LPV-85253  14.262 17.899  124.89   0.167  201.0    0.167  120.82   0.133
OGLE-LMC-LPV-85254  14.342 17.116  190.31   0.296  179.69   0.129   87.53   0.077
OGLE-LMC-LPV-85257  13.684 15.909  105.46   0.035  932.8    0.064   68.47   0.027
OGLE-LMC-LPV-85261  14.558 16.287   85.55   0.070   77.66   0.047   50.03   0.049
OGLE-LMC-LPV-85269  14.930 16.887   72.62   0.042  591.0    0.053   52.17   0.044
OGLE-LMC-LPV-85270  14.814 18.606  113.55   0.154  109.95   0.107  878.7    0.102
OGLE-LMC-LPV-85279  14.241 17.077  268.4    0.166  162.68   0.113 2070      0.099
OGLE-LMC-LPV-85281  14.565 18.082   96.70   0.084 1058      0.194  746.3    0.087
OGLE-LMC-LPV-85299  14.015 17.476  238.1    0.116  485.4    0.248  421.2    0.205
OGLE-LMC-LPV-85308  13.737 16.498  165.37   0.121 1078      0.157  825.8    0.063
OGLE-LMC-LPV-85310  13.807 16.562  308.3    0.243 3268      0.165  178.44   0.150
OGLE-LMC-LPV-85311  14.233 17.193  186.83   0.350  355.7    0.168  291.0    0.117
OGLE-LMC-LPV-85312  14.334 16.995  296.9    0.298  272.3    0.210 3460      0.144
OGLE-LMC-LPV-85318  14.077 17.757  112.33   0.149  177.56   0.158  168.89   0.072
OGLE-LMC-LPV-85327  14.281 16.501  103.04   0.122  770.4    0.181   98.76   0.057
OGLE-LMC-LPV-85329  14.207 17.149  411.7    0.138  179.53   0.092  325.9    0.063
OGLE-LMC-LPV-85331  14.966 17.040  100.18   0.303  113.87   0.079   54.36   0.077
OGLE-LMC-LPV-85342  14.124 17.594  225.8    0.283  407.0    0.213  934.6    0.166
OGLE-LMC-LPV-85343  14.566 17.071  128.30   0.162  765.7    0.277  626.6    0.090
OGLE-LMC-LPV-85354  14.324 17.693  332.0    0.227 2525      0.117  174.64   0.086
OGLE-LMC-LPV-85407  13.952 16.726  159.51   0.202  320.0    0.146  481.7    0.139
OGLE-LMC-LPV-85410  13.026 17.009  248.7    0.368 1689      0.260  471.3    0.232
OGLE-LMC-LPV-85411  14.148 16.417  123.55   0.083  485.4    0.205 3205      0.145
OGLE-LMC-LPV-85421  12.332 14.367  238.6    0.089  133.32   0.047  445.2    0.040
OGLE-LMC-LPV-85426  14.571 17.150  252.9    0.276  270.5    0.119 3906      0.082
OGLE-LMC-LPV-85439  13.983 16.236  136.27   0.066  114.69   0.040  672.5    0.035
OGLE-LMC-LPV-85442  15.170 18.462  126.90   0.110 2584      0.298  215.8    0.077
OGLE-LMC-LPV-85451  13.103 15.771  272.3    0.049  113.20   0.032  893.7    0.030
OGLE-LMC-LPV-85473  15.261 17.079   50.85   0.043  318.7    0.038   55.56   0.036
OGLE-LMC-LPV-85474  13.742 16.700  189.07   0.128 2703      0.359  720.5    0.086
OGLE-LMC-LPV-85477  14.581 17.315  212.1    0.114  286.0    0.096  886.5    0.066
OGLE-LMC-LPV-85487  13.874 16.534  142.23   0.138 1161      0.303  149.68   0.066
OGLE-LMC-LPV-85494  14.796 18.134  159.41   0.153 3322      0.180  206.3    0.072
OGLE-LMC-LPV-85496  14.313 17.090  145.75   0.059 1475      0.080  593.1    0.074
OGLE-LMC-LPV-85500  14.896 17.207   73.94   0.068  415.8    0.122 1992      0.096
OGLE-LMC-LPV-85508  13.848 16.098  105.99   0.036  844.6    0.037   75.04   0.029
OGLE-LMC-LPV-85525  14.349 16.734  139.41   0.100  208.4    0.149  264.8    0.096
OGLE-LMC-LPV-85530  14.428 16.995   80.32   0.087   77.30   0.074  916.6    0.067
OGLE-LMC-LPV-85531  12.855 15.993  391.5    0.660  213.4    0.319  234.4    0.200
OGLE-LMC-LPV-85547  14.093 16.559  883.5    0.425  175.69   0.103  392.2    0.087
OGLE-LMC-LPV-85555  14.244 17.069  162.23   0.174 3390      0.209  262.9    0.110
OGLE-LMC-LPV-85556  15.104 18.563  181.82   0.180 1898      0.201  285.1    0.099
OGLE-LMC-LPV-85559  13.058    -    113.67   0.129 1376      0.077   81.88   0.046
OGLE-LMC-LPV-85565  14.077 17.392  110.79   0.196  168.95   0.098  118.27   0.068
OGLE-LMC-LPV-85566  14.033 16.609  309.9    0.112 1036      0.077  111.14   0.062
OGLE-LMC-LPV-85573  14.409 16.831   84.52   0.039 1280      0.138  131.72   0.046
OGLE-LMC-LPV-85586  14.049 16.356  101.30   0.045  995.0    0.068   96.03   0.043
OGLE-LMC-LPV-85591  13.860 16.566  337.4    0.131  757.6    0.380  920.8    0.092
OGLE-LMC-LPV-85598  14.454 17.335  140.77   0.079  692.5    0.081  512.8    0.062
OGLE-LMC-LPV-85599  14.182 17.486  399.0    0.369 1190      0.160  183.45   0.139
OGLE-LMC-LPV-85619  14.093 17.269  199.13   0.165  380.7    0.141  540.2    0.065
OGLE-LMC-LPV-85648  14.345 17.826   97.89   0.107  706.2    0.140 2445      0.093
OGLE-LMC-LPV-85654  14.326 17.472  157.75   0.121  917.4    0.213  150.42   0.080
OGLE-LMC-LPV-85656  13.496 16.382  252.0    0.184  487.6    0.256 3906      0.122
OGLE-LMC-LPV-85660  14.231 17.051  294.3    0.201  820.3    0.129 1451      0.082
OGLE-LMC-LPV-85684  14.701 16.740  105.84   0.077   43.678  0.030   47.833  0.028
OGLE-LMC-LPV-85698  13.925 16.643  158.89   0.177 1572      0.134 3623      0.125
OGLE-LMC-LPV-85712  14.821 16.810  100.60   0.142  570.5    0.098   62.24   0.049
OGLE-LMC-LPV-85755  14.367 16.688  146.01   0.165 1603      0.194  259.6    0.085
OGLE-LMC-LPV-85758  13.697 16.525  340.4    0.250 1248      0.186  186.46   0.060
OGLE-LMC-LPV-85759  14.301 16.708  119.49   0.110  123.95   0.104  209.0    0.090
OGLE-LMC-LPV-85766  15.531 18.824   62.35   0.098  889.7    0.150   56.72   0.083
OGLE-LMC-LPV-85769  14.036 16.682  156.69   0.098  746.8    0.254  157.70   0.051
OGLE-LMC-LPV-85771  13.771 16.208  126.97   0.076  982.3    0.064  114.42   0.039
OGLE-LMC-LPV-85774  14.220 17.369   93.68   0.144  100.07   0.110  158.73   0.099
OGLE-LMC-LPV-85777  14.628 16.858   74.31   0.053  719.4    0.069 1672      0.054
OGLE-LMC-LPV-85785  14.516 16.708  104.90   0.041   66.60   0.043  132.15   0.036
OGLE-LMC-LPV-85797  13.852 16.346  222.1    0.644  152.60   0.146  162.44   0.101
OGLE-LMC-LPV-85798  14.197 17.673  448.0    0.347  313.2    0.132 3175      0.120
OGLE-LMC-LPV-85802  15.027 16.811   37.425  0.082   80.88   0.085   46.204  0.057
OGLE-LMC-LPV-85807  14.578 16.709   59.88   0.036  329.5    0.054   94.88   0.038
OGLE-LMC-LPV-85829  13.906 17.011  188.54   0.062 2710      0.263  309.9    0.125
OGLE-LMC-LPV-85843  14.043 16.865   89.63   0.066  481.0    0.180  877.2    0.127
OGLE-LMC-LPV-85847  14.078 17.461  128.97   0.167  243.2    0.132  116.97   0.119
OGLE-LMC-LPV-85859  14.352 16.764  184.84   0.075 1852      0.145  278.9    0.049
OGLE-LMC-LPV-85867  14.558 16.445  117.46   0.266  141.98   0.118  113.42   0.102
OGLE-LMC-LPV-85869  13.362 15.452  109.69   0.061 1172      0.050  104.34   0.031
OGLE-LMC-LPV-85891  14.346 16.347   64.12   0.185   67.56   0.072  760.5    0.059
OGLE-LMC-LPV-85904  14.096 16.520  121.74   0.107  117.26   0.076  126.92   0.057
OGLE-LMC-LPV-85909  14.020 16.354  132.54   0.083  144.24   0.110  255.8    0.096
OGLE-LMC-LPV-85925  14.459 16.883  142.53   0.090  431.2    0.098 1029      0.064
OGLE-LMC-LPV-85931  14.848 16.859   52.70   0.090   55.56   0.056   47.335  0.047
OGLE-LMC-LPV-85936  14.192 17.244  191.79   0.184 3846      0.300  171.64   0.093
OGLE-LMC-LPV-85937  14.099 16.742  196.83   0.238  112.84   0.111  181.75   0.103
OGLE-LMC-LPV-85948  14.200 17.835  439.5    0.455  380.5    0.159 2160      0.121
OGLE-LMC-LPV-85965  14.268 17.101  141.36   0.147  774.0    0.143  220.7    0.098
OGLE-LMC-LPV-85967  13.717 16.132  144.76   0.086  764.5    0.158 1825      0.074
OGLE-LMC-LPV-85970  14.183 17.233  301.3    0.160  159.36   0.148  478.0    0.136
OGLE-LMC-LPV-85982  15.712 17.820   36.898  0.073  555.2    0.067   37.902  0.056
OGLE-LMC-LPV-85989  14.046 17.059  106.06   0.109  169.38   0.088  712.3    0.080
OGLE-LMC-LPV-85994  14.424 16.854   76.20   0.037  197.90   0.066  115.87   0.056
OGLE-LMC-LPV-85998  14.484 16.756  183.08   0.156  759.9    0.094  197.51   0.068
OGLE-LMC-LPV-86001  14.331 17.638  386.3    0.357  209.9    0.146  336.4    0.093
OGLE-LMC-LPV-86002  13.848 16.410  143.99   0.112 1125      0.098  135.45   0.060
OGLE-LMC-LPV-86004  15.289 16.860   39.516  0.125  612.7    0.092   58.68   0.080
OGLE-LMC-LPV-86019  14.291 16.779  166.17   0.753 4016      0.407  159.64   0.167
OGLE-LMC-LPV-86037  14.112 16.571  217.3    0.084  620.3    0.102 1326      0.057
OGLE-LMC-LPV-86044  14.774 17.206  124.76   0.126  136.37   0.115  145.31   0.080
OGLE-LMC-LPV-86051  14.350 16.659  149.50   0.283  731.5    0.196  124.64   0.101
OGLE-LMC-LPV-86065  14.161 16.288  107.69   0.122  180.31   0.102 3401      0.063
OGLE-LMC-LPV-86074  14.097 17.191  167.90   0.145 1664      0.291  177.27   0.082
OGLE-LMC-LPV-86075  14.216 16.334  159.18   0.214  144.11   0.135   81.24   0.078
OGLE-LMC-LPV-86080  14.292 16.573   74.92   0.067  486.4    0.079  417.2    0.052
OGLE-LMC-LPV-86083  13.918 16.619  156.15   0.044 4425      0.128  220.4    0.046
OGLE-LMC-LPV-86087  14.089 17.175  114.71   0.236  212.6    0.176 1153      0.112
OGLE-LMC-LPV-86095  14.153 17.064  145.14   0.157 1011      0.202  668.9    0.094
OGLE-LMC-LPV-86100  13.989 16.660  150.01   0.063  988.1    0.182 1656      0.092
OGLE-LMC-LPV-86104  14.609 16.787   81.02   0.065  192.12   0.053   87.84   0.038
OGLE-LMC-LPV-86124  14.741 16.564   85.63   0.062  424.6    0.040  692.0    0.024
OGLE-LMC-LPV-86126  13.868 17.041  198.73   0.142 2110      0.650  488.5    0.147
OGLE-LMC-LPV-86138  14.016 16.864  157.84   0.086  314.8    0.089  533.6    0.079
OGLE-LMC-LPV-86140  14.619 16.815   82.22   0.066  497.8    0.122 2725      0.084
OGLE-LMC-LPV-86141  14.097 16.559  932.9    0.211  116.78   0.119  187.51   0.093
OGLE-LMC-LPV-86144  14.363 17.957  275.5    0.725  511.2    0.146  107.97   0.060
OGLE-LMC-LPV-86146  14.987 16.984   64.00   0.034  248.6    0.034   39.971  0.022
OGLE-LMC-LPV-86151  14.158 17.169  279.3    0.187  939.8    0.137  197.98   0.082
OGLE-LMC-LPV-86161  13.924 16.266  140.56   0.098  149.88   0.066  251.0    0.058
OGLE-LMC-LPV-86164  14.351 18.151  159.81   0.200  725.2    0.098  140.21   0.091
OGLE-LMC-LPV-86167  14.488 18.055  217.9    0.323 3745      0.450  234.2    0.119
OGLE-LMC-LPV-86169  13.795 16.198  143.53   0.057 1105      0.160 3937      0.119
OGLE-LMC-LPV-86183  14.368 17.075  137.44   0.081  997.0    0.111  248.4    0.086
OGLE-LMC-LPV-86184  14.250 17.029  153.37   0.100 1742      0.207  106.41   0.082
OGLE-LMC-LPV-86189  13.969 16.990  111.66   0.276  207.4    0.183  121.60   0.098
OGLE-LMC-LPV-86196  14.058 16.616  286.5    0.205  628.9    0.151  110.71   0.106
OGLE-LMC-LPV-86216  14.156 17.201  105.35   0.151 2519      0.148  110.64   0.105
OGLE-LMC-LPV-86219  14.496 17.053  241.1    0.138  224.0    0.092  266.4    0.085
OGLE-LMC-LPV-86226  14.015 16.768  316.3    0.223  379.5    0.098  901.7    0.099
OGLE-LMC-LPV-86255  14.288 17.091   95.39   0.165   89.14   0.154  944.3    0.131
OGLE-LMC-LPV-86258  14.202 17.518  262.6    0.629  137.49   0.278  291.8    0.187
OGLE-LMC-LPV-86264  14.046 17.106  108.62   0.244 1456      0.121  174.92   0.104
OGLE-LMC-LPV-86266  14.117 17.031  111.62   0.235 1639      0.136  131.23   0.076
OGLE-LMC-LPV-86269  13.887 16.440 1149      0.447  886.5    0.083  179.60   0.064
OGLE-LMC-LPV-86273  13.739    -    174.06   0.105 1613      0.312 3704      0.119
OGLE-LMC-LPV-86277  14.299 17.234  184.88   0.140  932.8    0.200  163.37   0.100
OGLE-LMC-LPV-86281  14.215 16.749   97.02   0.130  173.61   0.083  707.2    0.072
OGLE-LMC-LPV-86282  13.952 16.765  156.95   0.151 1812      0.122  143.93   0.089
OGLE-LMC-LPV-86285  14.176 17.245  183.02   0.170 3021      0.419  213.5    0.091
OGLE-LMC-LPV-86294  15.029 16.392   41.983  0.023  445.6    0.029   36.253  0.022
OGLE-LMC-LPV-86299  13.976 16.569  140.83   0.145 2710      0.214  206.9    0.070
OGLE-LMC-LPV-86319  13.439 15.859  152.00   0.088 1294      0.099  113.82   0.040
OGLE-LMC-LPV-86324  14.146 17.679  401.8    0.569  182.48   0.158  508.4    0.145
OGLE-LMC-LPV-86326  13.958 17.394  119.82   0.062  634.5    0.081  108.19   0.061
OGLE-LMC-LPV-86337  14.300 18.218  129.82   0.188  900.1    0.156  137.01   0.118
OGLE-LMC-LPV-86341  14.753 17.168   97.31   0.132  904.2    0.273  523.3    0.137
OGLE-LMC-LPV-86359  13.313 15.950  192.68   0.138 1299      0.148  168.15   0.068
OGLE-LMC-LPV-86364  14.412 16.741  888.9    0.185   85.11   0.108   87.97   0.067
OGLE-LMC-LPV-86371  13.822 16.958  199.96   0.147 1613      0.280  334.4    0.089
OGLE-LMC-LPV-86380  13.848 16.310  141.24   0.114  130.26   0.105 3096      0.076
OGLE-LMC-LPV-86381  14.168 17.440  396.3    0.230  335.8    0.115 1395      0.092
OGLE-LMC-LPV-86402  14.203 17.476  396.0    0.461  179.15   0.193  575.7    0.138
OGLE-LMC-LPV-86418  14.220 17.303  330.0    0.173  876.4    0.420 1340      0.148
OGLE-LMC-LPV-86427  13.719 16.794  206.7    0.318  419.1    0.125 1511      0.092
OGLE-LMC-LPV-86453  13.371 16.361  232.1    0.110 3861      0.250  457.9    0.078
OGLE-LMC-LPV-86470  14.644 17.391  620.0    0.143   77.50   0.087   97.64   0.041
OGLE-LMC-LPV-86472  14.207 16.824  189.78   0.317  102.42   0.129  202.8    0.102
OGLE-LMC-LPV-86482  14.293 16.322  130.36   0.498  163.37   0.095   75.04   0.076
OGLE-LMC-LPV-86493  14.072 16.925  144.32   0.196 2967      0.221  249.8    0.119
OGLE-LMC-LPV-86496  12.910 15.247  188.94   0.144 1189      0.114  199.68   0.054
OGLE-LMC-LPV-86498  13.844 17.259  122.77   0.207  209.5    0.168  928.5    0.173
OGLE-LMC-LPV-86502  13.980    -    107.42   0.175 1068      0.197  122.17   0.095
OGLE-LMC-LPV-86508  14.060 17.265  183.37   0.117  927.6    0.111  104.54   0.059
OGLE-LMC-LPV-86515  14.193 17.495  206.9    0.175 1562      0.329  227.0    0.156
OGLE-LMC-LPV-86527  14.111 16.893   97.84   0.146  171.61   0.114 1155      0.095
OGLE-LMC-LPV-86544  13.398 15.633  160.19   0.141  171.44   0.088  330.9    0.054
OGLE-LMC-LPV-86550  14.186 17.650  102.77   0.082  896.1    0.147  183.35   0.072
OGLE-LMC-LPV-86556  13.789 17.481  277.1    0.388  159.87   0.126  953.3    0.113
OGLE-LMC-LPV-86561  13.906 16.288  134.57   0.143  458.5    0.093  286.0    0.048
OGLE-LMC-LPV-86566  14.655 17.193   66.80   0.063  411.9    0.150  289.4    0.113
OGLE-LMC-LPV-86571  13.991 17.040  337.0    0.232  391.2    0.140  292.3    0.124
OGLE-LMC-LPV-86577  14.020 16.956   99.17   0.081  310.2    0.121  864.3    0.081
OGLE-LMC-LPV-86583  14.981 16.515   47.830  0.054  325.5    0.043   58.54   0.035
OGLE-LMC-LPV-86598  14.211 16.708  142.72   0.118  266.8    0.113  659.6    0.084
OGLE-LMC-LPV-86610  13.829 16.294  140.94   0.108 1189      0.226  149.45   0.067
OGLE-LMC-LPV-86617  14.301 16.822   83.13   0.119  932.0    0.089  155.98   0.071
OGLE-LMC-LPV-86623  14.273 17.073  154.13   0.087 3802      0.109  111.00   0.046
OGLE-LMC-LPV-86626  14.667 17.718  142.45   0.211  267.3    0.206  293.9    0.081
OGLE-LMC-LPV-86630  14.925 16.852  102.06   0.458   52.36   0.079  106.34   0.076
OGLE-LMC-LPV-86640  14.192 17.114  124.58   0.319  236.4    0.201  211.6    0.131
OGLE-LMC-LPV-86651  13.189 15.919  238.0    0.131  939.0    0.132  254.7    0.084
OGLE-LMC-LPV-86657  14.406 16.879  176.68   0.374  190.11   0.292  601.3    0.087
OGLE-LMC-LPV-86658  13.527 16.168  193.39   0.165  319.6    0.140  204.0    0.070
OGLE-LMC-LPV-86660  13.095 15.577  256.3    0.071 1271      0.158 4484      0.056
OGLE-LMC-LPV-86661  14.818 17.042  140.29   0.066 1318      1.286  343.3    0.218
OGLE-LMC-LPV-86673  14.766 17.682  268.9    0.300 1949      0.115  154.44   0.087
OGLE-LMC-LPV-86675  14.056 16.785  266.2    0.219  169.72   0.115  429.2    0.088
OGLE-LMC-LPV-86676  13.901 16.547  191.72   0.116  158.43   0.117  334.8    0.101
OGLE-LMC-LPV-86679  14.413 17.413  164.29   0.213 3021      0.169  251.3    0.071
OGLE-LMC-LPV-86683  13.968 17.037  195.20   0.128 1437      0.143 2551      0.081
OGLE-LMC-LPV-86691  14.156 17.404  198.02   0.295 1669      0.291  210.1    0.152
OGLE-LMC-LPV-86694  13.983 16.851  298.2    0.223  332.3    0.119  181.32   0.098
OGLE-LMC-LPV-86702  13.947 16.576  139.93   0.204 1416      0.179  409.7    0.093
OGLE-LMC-LPV-86704  13.975 17.632  203.8    0.155  636.5    0.153  125.11   0.084
OGLE-LMC-LPV-86708  15.146 17.345   90.36   0.086   53.46   0.070   95.76   0.063
OGLE-LMC-LPV-86710  13.753 15.966 1093      0.150  104.96   0.067  109.54   0.046
OGLE-LMC-LPV-86712  14.169 17.198  178.25   0.109 1203      0.103  104.98   0.077
OGLE-LMC-LPV-86718  14.318 16.680  135.23   0.166   78.10   0.096  140.88   0.069
OGLE-LMC-LPV-86726  14.313 16.586  109.63   0.132  189.54   0.069  927.6    0.061
OGLE-LMC-LPV-86727  14.454 16.518  139.00   0.595  130.14   0.089  144.24   0.076
OGLE-LMC-LPV-86749  14.234 17.451  167.50   0.182 1013      0.131  160.51   0.066
OGLE-LMC-LPV-86756  14.254 17.723  113.23   0.213  172.83   0.128  188.89   0.100
OGLE-LMC-LPV-86774  14.484 17.367  206.8    0.350  110.55   0.296  193.09   0.115
OGLE-LMC-LPV-86776  14.170 17.055  162.78   0.132  342.2    0.146  730.5    0.076
OGLE-LMC-LPV-86779  14.400 16.248  114.32   0.123   61.42   0.046  101.80   0.044
OGLE-LMC-LPV-86784  14.521 16.759  109.45   0.105 1037      0.076   92.58   0.052
OGLE-LMC-LPV-86785  14.033 16.196  234.2    0.173  297.2    0.107  891.3    0.067
OGLE-LMC-LPV-86788  14.278 17.062   89.54   0.057  139.57   0.055  243.4    0.049
OGLE-LMC-LPV-86793  14.181 16.640  277.3    0.158  237.9    0.075  151.06   0.064
OGLE-LMC-LPV-86794  14.249 17.300  175.88   0.242  293.3    0.165  681.2    0.153
OGLE-LMC-LPV-86797  14.100 17.177  115.33   0.182  463.2    0.169  106.99   0.141
OGLE-LMC-LPV-86804  13.846 16.317  206.4    0.095  248.0    0.065 3906      0.046
OGLE-LMC-LPV-86812  13.796 16.101 1139      0.344  741.3    0.140  135.96   0.078
OGLE-LMC-LPV-86813  14.315 16.654   85.06   0.051  683.5    0.058  991.1    0.044
OGLE-LMC-LPV-86818  14.589 16.418   50.98   0.157   88.26   0.136  725.7    0.080
OGLE-LMC-LPV-86825  14.172 16.682  137.08   0.117 2203      0.121  146.69   0.056
OGLE-LMC-LPV-86829  14.908 17.171   70.32   0.064  751.3    0.101  554.3    0.067
OGLE-LMC-LPV-86845  14.213 16.807   92.47   0.130  103.54   0.060  720.5    0.060
OGLE-LMC-LPV-86846  14.135 17.238  312.5    0.244  182.02   0.128 2874      0.083
OGLE-LMC-LPV-86858  14.505 16.677  143.52   0.090  818.3    0.066  475.5    0.055
OGLE-LMC-LPV-86861  14.085 16.989  175.90   0.088 1211      0.168  151.06   0.060
OGLE-LMC-LPV-86865  13.949 16.902  325.5    0.217  620.3    0.148  177.53   0.114
OGLE-LMC-LPV-86873  14.278 17.412  171.64   0.138 1255      0.163  365.2    0.079
OGLE-LMC-LPV-86878  14.833 16.984   84.27   0.074  735.3    0.121  331.3    0.105
OGLE-LMC-LPV-86880  14.167 16.610  250.3    0.233  284.4    0.100  132.35   0.057
OGLE-LMC-LPV-86887  14.213 16.480   78.77   0.086  107.79   0.039 1815      0.038
OGLE-LMC-LPV-86888  14.422 17.004  177.31   0.514   96.96   0.187  188.75   0.172
OGLE-LMC-LPV-86906  14.885 16.583   75.22   0.086 3831      0.141   83.38   0.059
OGLE-LMC-LPV-86913  14.340 16.014  113.99   0.211   95.83   0.187  104.32   0.142
OGLE-LMC-LPV-86915  14.293 16.574   75.43   0.049  686.8    0.093 1709      0.048
OGLE-LMC-LPV-86916  14.094 16.632  143.07   0.100 1312      0.221  255.8    0.115
OGLE-LMC-LPV-86918  14.496 16.741  322.4    0.107  214.3    0.072  259.6    0.064
OGLE-LMC-LPV-86925  14.176 17.792  113.90   0.143  178.83   0.119 4292      0.081
OGLE-LMC-LPV-86928  13.986 17.059  206.7    0.245 1075      0.365 1580      0.182
OGLE-LMC-LPV-86932  14.283 16.446   75.88   0.059  129.30   0.061 1053      0.051
OGLE-LMC-LPV-86933  13.984 17.208  110.25   0.100  176.90   0.104  417.7    0.072
OGLE-LMC-LPV-86956  14.037 17.034  390.8    0.208 1727      0.088  180.12   0.082
OGLE-LMC-LPV-86972  14.350 16.975   88.98   0.192  917.4    0.114   92.36   0.107
OGLE-LMC-LPV-86975  14.621 16.959   61.64   0.063  181.95   0.115  441.5    0.107
OGLE-LMC-LPV-86984  14.088    -    158.10   0.708  211.4    0.139 1739      0.111
OGLE-LMC-LPV-86990  14.526 16.902  179.35   0.470 3472      0.239  218.1    0.176
OGLE-LMC-LPV-86998  13.252 15.963  250.9    0.188 1236      0.246  353.6    0.148
OGLE-LMC-LPV-86999  14.277 16.654   78.85   0.059  426.8    0.114  499.3    0.093
OGLE-LMC-LPV-87003  13.951 16.241  114.23   0.167  714.3    0.115  256.0    0.043
OGLE-LMC-LPV-87006  15.071 17.020   51.64   0.084   87.78   0.073   93.03   0.062
OGLE-LMC-LPV-87036  13.952 17.013  187.25   0.135  132.43   0.071 1056      0.047
OGLE-LMC-LPV-87050  14.356 16.748  165.65   0.068 2786      0.096  735.3    0.071
OGLE-LMC-LPV-87053  14.159 17.424  398.0    0.370 1030      0.149  310.8    0.064
OGLE-LMC-LPV-87056  14.085 17.632  127.08   0.210  777.0    0.163  134.48   0.125
OGLE-LMC-LPV-87068  14.140 17.769  130.90   0.319  171.47   0.122  121.95   0.086
OGLE-LMC-LPV-87073  14.108 16.547  168.88   0.161   91.44   0.143  100.88   0.073
OGLE-LMC-LPV-87089  14.610 16.420   85.40   0.052  821.0    0.047   77.48   0.038
OGLE-LMC-LPV-87098  14.042 17.619  143.92   0.171 3876      0.108  265.3    0.048
OGLE-LMC-LPV-87103  15.015 16.661   67.18   0.066   32.523  0.033 2740      0.032
OGLE-LMC-LPV-87124  13.936 16.656  316.1    0.238  175.69   0.095  418.2    0.082
OGLE-LMC-LPV-87157  13.942 16.379  147.15   0.115 1789      0.081  410.7    0.056
OGLE-LMC-LPV-87170  14.690 16.631   52.26   0.041  353.0    0.071  187.30   0.053
OGLE-LMC-LPV-87172  14.349 16.827  279.6    0.552  304.7    0.200  245.5    0.143
OGLE-LMC-LPV-87177  14.740 16.599   70.37   0.029   42.355  0.023  236.9    0.022
OGLE-LMC-LPV-87189  12.908 16.213  194.81   0.400 3003      0.167  561.2    0.087
OGLE-LMC-LPV-87199  14.136 17.800  117.10   0.157  723.6    0.148  128.53   0.106
OGLE-LMC-LPV-87209  13.939 17.321  196.84   0.113  182.38   0.068  895.3    0.061
OGLE-LMC-LPV-87223  14.658 16.489   46.722  0.029   48.926  0.023   50.67   0.021
OGLE-LMC-LPV-87235  14.002 16.540  164.89   0.120  279.3    0.119 1605      0.084
OGLE-LMC-LPV-87250  13.977 16.831  159.80   0.135 1736      0.417  170.13   0.077
OGLE-LMC-LPV-87256  13.958    -    274.5    0.234  197.63   0.118  152.88   0.062
OGLE-LMC-LPV-87259  14.065 16.849  226.6    0.571  252.1    0.108 1235      0.092
OGLE-LMC-LPV-87267  14.608 17.560  132.56   0.096 1037      0.141  229.5    0.103
OGLE-LMC-LPV-87268  14.509 16.182  118.77   0.062  164.85   0.037  363.9    0.027
OGLE-LMC-LPV-87275  13.565 17.309  358.0    0.348  970.9    0.101  167.28   0.076
OGLE-LMC-LPV-87315  14.488 17.889  462.4    0.540 2710      0.349  209.1    0.174
OGLE-LMC-LPV-87320  14.480 16.498  117.75   0.624  123.17   0.129   55.49   0.101
OGLE-LMC-LPV-87322  13.764 16.156  279.8    0.228  253.2    0.102  584.8    0.084
OGLE-LMC-LPV-87323  14.417 16.866   77.30   0.155 1030      0.062  130.99   0.060
OGLE-LMC-LPV-87340  14.120 16.919  330.9    0.165 1587      0.098  229.7    0.056
OGLE-LMC-LPV-87346  14.299 16.397  151.52   0.680  176.06   0.139  288.2    0.147
OGLE-LMC-LPV-87348  14.670 16.589   80.23   0.046  227.4    0.032   60.57   0.033
OGLE-LMC-LPV-87350  15.030 16.981   46.532  0.121   77.93   0.069  708.2    0.064
OGLE-LMC-LPV-87353  14.139 17.225  327.9    0.387  273.5    0.167  793.0    0.118
OGLE-LMC-LPV-87385  14.007 17.245  124.53   0.088 1282      0.241  212.7    0.093
OGLE-LMC-LPV-87391  14.330 17.885  419.2    0.416 1143      0.225  311.8    0.100
OGLE-LMC-LPV-87393  12.813 15.604  227.7    0.118 1745      0.081   91.82   0.062
OGLE-LMC-LPV-87395  14.239 16.873  124.29   0.095 1520      0.110 1027      0.046
OGLE-LMC-LPV-87416  14.040 17.116  115.10   0.208  123.44   0.145 1325      0.123
OGLE-LMC-LPV-87429  14.034 16.204   99.06   0.066  835.4    0.073  137.48   0.038
OGLE-LMC-LPV-87430  14.191 17.254  100.31   0.119  720.5    0.096  289.0    0.084
OGLE-LMC-LPV-87434  14.873 16.713  102.58   0.343   99.33   0.206   83.39   0.170
OGLE-LMC-LPV-87437  14.050 17.155  190.43   0.202  355.7    0.142  845.3    0.115
OGLE-LMC-LPV-87467  15.032 16.516   43.835  0.087   42.823  0.049   52.02   0.036
OGLE-LMC-LPV-87469  14.073 16.861  215.0    0.236  112.06   0.126  234.4    0.087
OGLE-LMC-LPV-87470  14.303 16.683  155.32   0.158  121.07   0.087  717.9    0.081
OGLE-LMC-LPV-87473  14.400 16.324  139.91   0.385  129.53   0.209  117.30   0.168
OGLE-LMC-LPV-87482  14.090 17.275   97.62   0.113 1068      0.089 2538      0.093
OGLE-LMC-LPV-87483  14.686 16.634   54.30   0.051  172.00   0.059  218.9    0.040
OGLE-LMC-LPV-87486  14.055 16.685  136.28   0.129 4630      0.160  209.2    0.081
OGLE-LMC-LPV-87501  14.062 16.761  320.7    0.431 1125      0.113  428.1    0.099
OGLE-LMC-LPV-87502  13.776 16.706  136.91   0.166 1145      0.137  242.9    0.112
OGLE-LMC-LPV-87508  14.083 16.672  112.97   0.082  710.7    0.132 1433      0.105
OGLE-LMC-LPV-87516  13.958 16.252  152.86   0.090  135.96   0.094  336.4    0.055
OGLE-LMC-LPV-87517  14.154 17.037  328.0    0.220  971.8    0.142  674.8    0.102
OGLE-LMC-LPV-87526  14.716 16.884  136.73   0.540  121.18   0.353 1054      0.214
OGLE-LMC-LPV-87545  14.540 16.291   96.17   0.116   53.59   0.063  650.6    0.060
OGLE-LMC-LPV-87549  14.555 16.172   59.55   0.027   75.28   0.029  632.5    0.027
OGLE-LMC-LPV-87562  14.404 18.056  463.5    0.713 1312      0.264  314.0    0.116
OGLE-LMC-LPV-87567  13.198 15.381  153.66   0.082  700.3    0.158 1504      0.117
OGLE-LMC-LPV-87569  15.165 17.538   49.209  0.084  272.3    0.043   77.80   0.034
OGLE-LMC-LPV-87570  13.871 17.167  216.6    0.115 1582      0.154  275.9    0.143
OGLE-LMC-LPV-87581  14.189 17.241  216.9    0.282  972.8    0.279  114.57   0.084
OGLE-LMC-LPV-87585  14.002 16.804  182.73   0.202  204.8    0.147  313.0    0.122
OGLE-LMC-LPV-87592  14.096 17.201  160.64   0.064 4348      0.202  549.1    0.085
OGLE-LMC-LPV-87593  13.937 17.055  207.1    0.230  420.0    0.138 1692      0.116
OGLE-LMC-LPV-87603  14.899 17.166  113.58   0.563   59.64   0.117   74.18   0.081
OGLE-LMC-LPV-87609  14.912 16.988   95.69   0.056 1212      0.080  476.4    0.052
OGLE-LMC-LPV-87615  14.334 16.607   79.59   0.036 1328      0.085  263.8    0.060
OGLE-LMC-LPV-87617  14.300 17.177  130.26   0.079 1397      0.111 4329      0.101
OGLE-LMC-LPV-87618  14.606 16.597   89.31   0.057   61.01   0.052  348.4    0.046
OGLE-LMC-LPV-87639  14.067 17.490  130.48   0.290  398.2    0.107  120.88   0.096
OGLE-LMC-LPV-87642  14.500 16.707  124.01   0.098 1057      0.194 2053      0.106
OGLE-LMC-LPV-87655  14.463 16.957   76.59   0.098  566.9    0.054   72.77   0.051
OGLE-LMC-LPV-87659  14.218 17.331  325.7    0.225 1062      0.165 2591      0.073
OGLE-LMC-LPV-87661  14.216 16.558  160.84   0.301  142.49   0.110  178.03   0.099
OGLE-LMC-LPV-87667  14.437 17.330  143.99   0.095 4082      0.632  237.0    0.105
OGLE-LMC-LPV-87679  13.872 17.233  249.0    0.254  471.3    0.319 3356      0.244
OGLE-LMC-LPV-87699  14.424 16.224  152.34   0.265  164.99   0.127   80.52   0.103
OGLE-LMC-LPV-87706  14.964 17.365   60.77   0.194  105.47   0.105  109.52   0.084
OGLE-LMC-LPV-87711  13.994 16.454  151.17   0.117  280.9    0.127  494.6    0.090
OGLE-LMC-LPV-87713  14.959 17.149   70.60   0.033 1093      0.114  862.8    0.051
OGLE-LMC-LPV-87726  13.926 16.416 1225      0.352 2294      0.114  195.05   0.059
OGLE-LMC-LPV-87734  14.290 17.789  265.8    0.691  146.97   0.273  330.4    0.182
OGLE-LMC-LPV-87765  14.134 15.951  116.48   0.054  581.7    0.073  104.57   0.042
OGLE-LMC-LPV-87768  14.344 16.958   81.28   0.229  841.0    0.101  140.65   0.092
OGLE-LMC-LPV-87770  14.592 18.200  454.1    0.298 2545      0.503  206.2    0.242
OGLE-LMC-LPV-87774  13.866    -    360.8    0.468  230.3    0.141 1724      0.091
OGLE-LMC-LPV-87777  14.491 16.101   82.32   0.160  522.2    0.092   77.30   0.089
OGLE-LMC-LPV-87789  14.685 16.975  132.57   0.173   71.32   0.107   74.39   0.048
OGLE-LMC-LPV-87793  14.246 17.181  101.42   0.226 1195      0.137  109.21   0.106
OGLE-LMC-LPV-87797  13.792 16.726  184.92   0.154  213.2    0.112  353.6    0.111
OGLE-LMC-LPV-87803  14.390 16.508   87.08   0.037  436.3    0.065  314.9    0.036
OGLE-LMC-LPV-87805  14.224 16.923   96.21   0.103  159.36   0.062   91.68   0.058
OGLE-LMC-LPV-87806  14.627 17.161  125.09   0.074 4386      0.532  257.9    0.071
OGLE-LMC-LPV-87808  14.080 17.027  169.15   0.061  357.5    0.103  962.5    0.096
OGLE-LMC-LPV-87809  14.173 17.421  119.62   0.074  561.5    0.112  725.7    0.070
OGLE-LMC-LPV-87827  12.984 15.631  169.16   0.064 1229      0.040   86.58   0.040
OGLE-LMC-LPV-87846  14.727 16.368   70.80   0.034   44.671  0.029   62.22   0.019
OGLE-LMC-LPV-87848  14.085 17.329  768.3    0.431   96.06   0.077 1486      0.057
OGLE-LMC-LPV-87851  14.041 17.137  178.88   0.227  190.51   0.097 2786      0.072
OGLE-LMC-LPV-87855  12.786 15.093  422.1    0.173  565.9    0.111  235.4    0.085
OGLE-LMC-LPV-87865  14.774 16.749  106.04   0.438 4032      0.093   57.50   0.064
OGLE-LMC-LPV-87873  14.327 17.195   98.90   0.123  166.64   0.142 1174      0.060
OGLE-LMC-LPV-87875  14.048    -    114.88   0.075 1300      0.174  163.32   0.047
OGLE-LMC-LPV-87885  14.522 17.362  421.9    0.230  551.9    0.096   79.18   0.072
OGLE-LMC-LPV-87887  13.997 16.589  240.9    0.155  266.4    0.089  738.0    0.063
OGLE-LMC-LPV-87892  13.716 15.860   97.89   0.054  948.8    0.072  106.51   0.043
OGLE-LMC-LPV-87895  14.371 16.985   77.30   0.063 1120      0.089  475.7    0.077
OGLE-LMC-LPV-87897  13.575 16.413  196.16   0.160 2801      0.083  330.3    0.065
OGLE-LMC-LPV-87920  14.733 16.750   79.78   0.040  438.0    0.050   88.39   0.034
OGLE-LMC-LPV-87930  14.456 16.794  306.9    0.158  402.9    0.064  171.94   0.055
OGLE-LMC-LPV-87938  14.350 16.215  167.91   0.658  159.41   0.095 1119      0.076
OGLE-LMC-LPV-87940  14.068 17.808  120.73   0.108 1217      0.122  126.25   0.083
OGLE-LMC-LPV-87946  14.146 17.087  302.2    0.383 2079      0.364  301.8    0.191
OGLE-LMC-LPV-87961  14.155 16.708   87.07   0.080  411.2    0.118  551.6    0.075
OGLE-LMC-LPV-87966  14.278 15.930  116.50   0.106  102.42   0.063   83.96   0.050
OGLE-LMC-LPV-87971  14.501 17.112  197.08   0.356  960.6    0.252  215.9    0.125
OGLE-LMC-LPV-87976  13.624 16.105  272.8    0.174  484.3    0.107  571.4    0.100
OGLE-LMC-LPV-87985  13.671 16.714  434.8    0.218  373.1    0.113 1230      0.112
OGLE-LMC-LPV-87988  14.604 17.689  397.9    0.779  337.3    0.437  491.4    0.370
OGLE-LMC-LPV-87989  13.959 16.639  101.69   0.125 1404      0.105  106.32   0.100
OGLE-LMC-LPV-87992  14.925 16.663  112.19   0.065  293.9    0.056  456.4    0.039
OGLE-LMC-LPV-87994  13.812 16.739  297.8    0.118 1012      0.148 3215      0.077
OGLE-LMC-LPV-88007  15.349 17.699   72.01   0.062  545.3    0.058 3906      0.047
OGLE-LMC-LPV-88014  14.876 17.315  174.87   0.599 4274      0.236  182.62   0.180
OGLE-LMC-LPV-88024  14.338 17.011  129.30   0.083  448.2    0.127   81.14   0.063
OGLE-LMC-LPV-88027  13.928 16.287   94.48   0.130  161.55   0.126   91.97   0.108
OGLE-LMC-LPV-88037  14.289 17.535  319.8    0.203 3175      0.193  186.57   0.171
OGLE-LMC-LPV-88039  14.123 17.892  123.58   0.206  914.9    0.155  213.4    0.103
OGLE-LMC-LPV-88040  14.098 17.363  194.60   0.138  333.8    0.107 1065      0.079
OGLE-LMC-LPV-88044  14.204 17.112  346.8    0.614  184.33   0.147 2874      0.094
OGLE-LMC-LPV-88048  14.532 16.375   59.69   0.046  639.0    0.057   57.58   0.051
OGLE-LMC-LPV-88061  14.068 17.324  408.0    0.298  304.1    0.113 1222      0.064
OGLE-LMC-LPV-88063  14.476 17.256  172.58   0.309  153.54   0.122  188.25   0.068
OGLE-LMC-LPV-88068  13.343 16.405  537.2    0.744  427.5    0.189 3876      0.114
OGLE-LMC-LPV-88070  13.959 16.268  148.50   0.143  282.6    0.137  312.2    0.082
OGLE-LMC-LPV-88078  14.056 17.284  116.14   0.241  214.3    0.206 1230      0.177
OGLE-LMC-LPV-88082  14.120 16.581  123.08   0.078 1081      0.115  201.0    0.075
OGLE-LMC-LPV-88083  14.958 16.765   93.37   0.310   49.092  0.090 4425      0.076
OGLE-LMC-LPV-88092  14.002 16.317  132.36   0.126 1048      0.083  127.32   0.054
OGLE-LMC-LPV-88121  13.912 16.314  182.21   0.245   97.32   0.140  169.41   0.118
OGLE-LMC-LPV-88126  14.873 16.878   54.65   0.056   78.70   0.036  469.3    0.032
OGLE-LMC-LPV-88127  14.170 17.240  220.2    0.351  121.68   0.215  238.5    0.127
OGLE-LMC-LPV-88130  13.970 16.085   89.02   0.046  441.1    0.072  909.9    0.042
OGLE-LMC-LPV-88137  14.759 17.489  131.61   0.076  745.2    0.116  312.0    0.060
OGLE-LMC-LPV-88150  14.153 17.123  336.3    0.404  192.57   0.108  874.9    0.100
OGLE-LMC-LPV-88155  14.116 17.703  144.09   0.118 1961      0.162  387.0    0.099
OGLE-LMC-LPV-88165  13.992 17.255  117.25   0.145  204.4    0.110 1751      0.084
OGLE-LMC-LPV-88166  14.587 17.316  194.36   0.256 2653      1.158  190.04   0.155
OGLE-LMC-LPV-88170  14.263 17.669  213.7    0.157 3226      0.396  373.1    0.157
OGLE-LMC-LPV-88171  14.135 17.252  111.68   0.237  198.45   0.114 1002      0.106
OGLE-LMC-LPV-88174  14.228 16.500  112.88   0.113  183.65   0.116 1007      0.095
OGLE-LMC-LPV-88176  14.272    -     94.06   0.136  694.9    0.392 1634      0.172
OGLE-LMC-LPV-88193  14.793 17.335  144.05   0.133  106.13   0.105  166.25   0.092
OGLE-LMC-LPV-88195  14.734 16.459   51.12   0.085  696.4    0.070   47.081  0.050
OGLE-LMC-LPV-88196  13.915 16.842  174.59   0.218 1078      0.213  300.3    0.105
OGLE-LMC-LPV-88197  14.039 16.270  107.23   0.079  500.3    0.169  630.5    0.133
OGLE-LMC-LPV-88202  14.313 15.959   84.63   0.359   88.95   0.215   81.83   0.124
OGLE-LMC-LPV-88220  14.485 17.098  137.29   0.133  914.9    0.181 1299      0.168
OGLE-LMC-LPV-88230  14.161 16.753   88.60   0.113  590.3    0.087  711.2    0.063
OGLE-LMC-LPV-88233  14.399 17.002  161.92   0.235  575.0    0.201  155.47   0.060
OGLE-LMC-LPV-88250  14.232 16.628   92.82   0.205  174.76   0.188  165.67   0.147
OGLE-LMC-LPV-88271  14.568 16.542   54.45   0.035 3906      0.084  134.50   0.023
OGLE-LMC-LPV-88277  14.797 17.103  134.69   0.335   69.70   0.110  143.43   0.087
OGLE-LMC-LPV-88284  13.981 16.708  149.14   0.122 1661      0.335  169.61   0.090
OGLE-LMC-LPV-88291  13.978 17.533  777.0    0.278 1395      0.115  118.05   0.074
OGLE-LMC-LPV-88292  14.445 16.222   82.71   0.047   79.86   0.030   49.841  0.027
OGLE-LMC-LPV-88298  14.121 17.054  173.61   0.130 4016      0.118  211.1    0.049
OGLE-LMC-LPV-88311  13.620 16.119  158.15   0.114 3322      0.144  216.7    0.102
OGLE-LMC-LPV-88313  14.137 16.752   91.71   0.248  159.46   0.139 1188      0.129
OGLE-LMC-LPV-88314  14.644 16.782   67.15   0.129  125.41   0.105   65.24   0.084
OGLE-LMC-LPV-88317  14.059 16.795  326.8    0.394  481.0    0.102  772.8    0.089
OGLE-LMC-LPV-88320  14.596 16.548   54.91   0.044  245.4    0.040  306.9    0.035
OGLE-LMC-LPV-88322  14.357 16.985  134.43   0.101  443.1    0.060  154.42   0.047
OGLE-LMC-LPV-88332  14.512 16.165   89.80   0.234  587.5    0.093   83.90   0.085
OGLE-LMC-LPV-88335  14.665 16.452   81.57   0.058   50.78   0.051  708.7    0.049
OGLE-LMC-LPV-88343  14.083 16.404  128.92   0.169  222.1    0.167  285.1    0.051
OGLE-LMC-LPV-88350  14.237    -    381.2    0.651 4219      0.216  171.38   0.150
OGLE-LMC-LPV-88352  14.028 16.317  261.4    0.256  137.78   0.181  192.57   0.092
OGLE-LMC-LPV-88354  14.156 16.605  127.65   0.141 1304      0.216  493.3    0.072
OGLE-LMC-LPV-88359  14.277 16.784   82.15   0.094  411.0    0.083  123.75   0.061
OGLE-LMC-LPV-88362  14.048 17.212  209.7    0.325  335.6    0.228  383.9    0.198
OGLE-LMC-LPV-88366  13.969 16.444  238.4    0.118 1344      0.115 3597      0.044
OGLE-LMC-LPV-88375  14.099 17.576  362.8    0.337  471.9    0.144  832.6    0.078
OGLE-LMC-LPV-88377  14.715 16.414   66.25   0.026   62.52   0.023  266.4    0.023
OGLE-LMC-LPV-88379  15.224 17.345   82.17   0.122  764.5    0.152   49.385  0.096
OGLE-LMC-LPV-88381  14.141 16.368  206.9    0.164  266.7    0.113  727.3    0.085
OGLE-LMC-LPV-88399  14.574 16.700  115.05   0.168  102.93   0.084   62.31   0.069
OGLE-LMC-LPV-88406  15.334 19.007  480.8    0.510 2915      1.096  438.8    0.149
OGLE-LMC-LPV-88423  13.402 16.286  245.0    0.152 3922      0.460  466.2    0.105
OGLE-LMC-LPV-88431  15.187 16.980   73.97   0.161   42.287  0.083   75.59   0.076
OGLE-LMC-LPV-88436  13.681 16.684  196.04   0.321 2500      0.199  213.4    0.142
OGLE-LMC-LPV-88438  14.054    -    255.1    0.223  156.59   0.074  208.4    0.058
OGLE-LMC-LPV-88450  14.026 16.419  153.49   0.067   93.66   0.047  169.09   0.047
OGLE-LMC-LPV-88453  14.029 16.304  952.4    0.209  191.98   0.074  103.01   0.067
OGLE-LMC-LPV-88455  14.290 16.440  162.84   0.117  286.5    0.074  229.8    0.064
OGLE-LMC-LPV-88456  13.822 16.838  173.31   0.086  316.6    0.149  506.1    0.150
OGLE-LMC-LPV-88458  12.654 15.607  273.4    0.090 1701      0.134  407.0    0.119
OGLE-LMC-LPV-88460  14.172 16.509   86.67   0.042  361.3    0.090  732.6    0.074
OGLE-LMC-LPV-88462  14.238 17.000  163.99   0.113 2591      0.219  664.5    0.092
OGLE-LMC-LPV-88464  14.647 17.081  143.07   0.616 2551      0.298  137.32   0.264
OGLE-LMC-LPV-88477  13.992 17.546  473.8    0.633  557.1    0.159 4098      0.117
OGLE-LMC-LPV-88481  14.293 16.797   84.32   0.117  160.54   0.060  106.11   0.054
OGLE-LMC-LPV-88484  15.367 18.563  320.8    0.462 1258      0.641  250.5    0.264
OGLE-LMC-LPV-88490  14.554    -     99.49   0.078  108.11   0.048   92.23   0.033
OGLE-LMC-LPV-88495  14.693 17.579  323.1    0.179  377.8    0.111  207.9    0.113
OGLE-LMC-LPV-88499  14.172 17.684  113.87   0.094  197.04   0.112  850.3    0.097
OGLE-LMC-LPV-88515  14.095 17.149  206.8    0.128 2273      0.270  325.9    0.134
OGLE-LMC-LPV-88525  14.540 16.266  113.54   0.396  121.64   0.205 4237      0.199
OGLE-LMC-LPV-88526  14.057 16.267  396.0    0.292  177.65   0.103  222.6    0.077
OGLE-LMC-LPV-88530  14.115 17.260  260.3    0.187  156.15   0.129 1172      0.117
OGLE-LMC-LPV-88543  14.685 16.648  971.8    0.567  129.52   0.059  111.73   0.043
OGLE-LMC-LPV-88555  14.331 15.928   90.81   0.125   88.63   0.062   76.27   0.050
OGLE-LMC-LPV-88559  14.939 16.496   79.22   0.193   76.49   0.048   38.688  0.039
OGLE-LMC-LPV-88564  14.092 16.959  189.18   0.199  332.9    0.193  459.1    0.135
OGLE-LMC-LPV-88570  14.082 16.847  172.65   0.124  756.4    0.150  164.34   0.095
OGLE-LMC-LPV-88571  14.577 16.555  113.41   0.126  109.06   0.107   63.01   0.075
OGLE-LMC-LPV-88574  13.713 15.819   93.38   0.061 1159      0.071   95.92   0.033
OGLE-LMC-LPV-88588  14.091 16.624  316.8    0.350  171.32   0.123  267.7    0.085
OGLE-LMC-LPV-88590  14.271 18.056  250.9    0.369  199.16   0.130  279.9    0.117
OGLE-LMC-LPV-88593  13.954 16.762  331.4    0.146  248.1    0.085  204.0    0.072
OGLE-LMC-LPV-88618  14.259 16.959  280.0    0.311  322.5    0.185 1425      0.173
OGLE-LMC-LPV-88619  14.086 16.905   81.57   0.053 1385      0.099  194.40   0.061
OGLE-LMC-LPV-88623  13.316 15.641  142.52   0.070  440.9    0.069  258.3    0.049
OGLE-LMC-LPV-88632  14.116 17.136  171.86   0.172  389.4    0.223  292.9    0.175
OGLE-LMC-LPV-88637  14.404 16.210  116.89   0.490  122.56   0.174  203.1    0.117
OGLE-LMC-LPV-88647  14.310 16.827  174.11   0.184  161.58   0.102   90.61   0.091
OGLE-LMC-LPV-88649  14.689 16.553   54.76   0.027   79.31   0.037  332.3    0.037
OGLE-LMC-LPV-88650  14.554 16.691   88.77   0.060  285.2    0.127  396.4    0.065
OGLE-LMC-LPV-88657  14.381 16.860   92.97   0.075  979.4    0.118  403.1    0.087
OGLE-LMC-LPV-88664  15.303 17.394   78.73   0.237   76.96   0.124  404.7    0.109
OGLE-LMC-LPV-88674  13.990 16.723  150.76   0.163 2976      0.139  721.5    0.097
OGLE-LMC-LPV-88683  14.168 16.425  137.03   0.135   82.12   0.056   84.67   0.055
OGLE-LMC-LPV-88696  13.812 16.414  233.0    0.147 3571      0.158  255.4    0.075
OGLE-LMC-LPV-88710  14.021 16.427  151.55   0.148  301.2    0.111  177.97   0.052
OGLE-LMC-LPV-88715  14.007 16.982  180.21   0.194 2545      0.186  379.2    0.088
OGLE-LMC-LPV-88717  13.930 16.115  114.88   0.126  783.7    0.232  618.8    0.123
OGLE-LMC-LPV-88752  14.924 15.610   21.797  0.079   25.469  0.048   25.653  0.032
OGLE-LMC-LPV-88760  14.328 16.540   87.47   0.055  319.1    0.061  402.3    0.043
OGLE-LMC-LPV-88766  14.251 16.266  145.16   0.243   97.80   0.076  196.39   0.061
OGLE-LMC-LPV-88768  13.920 16.374  137.01   0.121 1631      0.122  152.16   0.072
OGLE-LMC-LPV-88772  14.083 16.631  103.51   0.310  194.51   0.151  215.2    0.101
OGLE-LMC-LPV-88776  14.701 16.461  120.61   0.028 2475      0.063  378.9    0.027
OGLE-LMC-LPV-88787  14.685 16.819  146.01   0.048 2252      0.095  349.8    0.047
OGLE-LMC-LPV-88789  14.095 17.209  127.69   0.246  238.8    0.236  220.1    0.159
OGLE-LMC-LPV-88794  14.215 17.070   99.74   0.212  183.49   0.183  167.50   0.127
OGLE-LMC-LPV-88801  13.985 16.315  231.9    0.165  133.19   0.167  263.3    0.109
OGLE-LMC-LPV-88806  14.197 17.054   97.56   0.108  422.1    0.116  715.3    0.089
OGLE-LMC-LPV-88812  14.233 16.814  195.73   0.378  222.6    0.199  185.74   0.158
OGLE-LMC-LPV-88814  14.658 17.058  185.99   0.635 3690      0.136   96.10   0.115
OGLE-LMC-LPV-88823  13.724 16.183  245.6    0.082  134.07   0.063 3215      0.057
OGLE-LMC-LPV-88825  14.268 17.245  151.40   0.157  930.2    0.173  216.4    0.090
OGLE-LMC-LPV-88835  15.137 17.705  117.47   0.079 2410      0.286  482.4    0.141
OGLE-LMC-LPV-88867  13.866 16.686  181.79   0.141 1221      0.154  264.3    0.087
OGLE-LMC-LPV-88868  14.266 16.740   83.14   0.142   89.55   0.074  100.80   0.072
OGLE-LMC-LPV-88892  13.905 16.791  122.79   0.056  940.7    0.205  287.7    0.094
OGLE-LMC-LPV-88912  13.954 16.880  101.75   0.119  427.4    0.144 1577      0.099
OGLE-LMC-LPV-88926  13.702 16.341  234.3    0.159 1032      0.133  160.85   0.099
OGLE-LMC-LPV-88933  13.788    -    247.9    0.210  152.81   0.283  135.59   0.266
OGLE-LMC-LPV-88935  14.230 16.566   84.45   0.106  896.1    0.149   77.23   0.081
OGLE-LMC-LPV-88967  13.987 17.519  242.2    0.310 1142      0.175   95.06   0.127
OGLE-LMC-LPV-88970  14.242 17.886  453.9    0.297 3650      0.210  241.3    0.132
OGLE-LMC-LPV-88985  14.023 16.566  122.76   0.068 1686      0.200 4065      0.111
OGLE-LMC-LPV-88988  13.954 16.608  132.19   0.077 1332      0.212  167.90   0.081
OGLE-LMC-LPV-89009  13.997 16.937  175.84   0.094 1225      0.123  185.87   0.108
OGLE-LMC-LPV-89057  14.311 16.417  129.23   0.795  156.62   0.175  710.7    0.159
OGLE-LMC-LPV-89062  13.295 16.100  198.69   0.174 4016      0.229  338.8    0.114
OGLE-LMC-LPV-89063  14.123 16.061  135.03   0.565 2558      0.255  127.02   0.255
OGLE-LMC-LPV-89066  14.653 16.562   77.78   0.050  319.3    0.062  247.8    0.046
OGLE-LMC-LPV-89083  13.938 16.662  333.9    0.204  442.9    0.109  285.9    0.105
OGLE-LMC-LPV-89099  13.905 16.854  167.14   0.121 1258      0.173  264.7    0.087
OGLE-LMC-LPV-89104  14.838 16.362   61.10   0.062   62.25   0.036  955.1    0.030
OGLE-LMC-LPV-89106  14.063 17.196  300.5    0.213  177.56   0.145  443.1    0.122
OGLE-LMC-LPV-89122  14.539 16.360   54.64   0.051   91.57   0.042  302.5    0.037
OGLE-LMC-LPV-89143  14.163 17.020  147.30   0.146 1538      0.372 1071      0.114
OGLE-LMC-LPV-89160  14.552 17.111  218.1    0.113 1901      0.099  140.41   0.067
OGLE-LMC-LPV-89161  14.263 16.483   74.31   0.051  122.38   0.057  450.7    0.040
OGLE-LMC-LPV-89163  14.411 16.394  134.76   0.733 4082      0.261  158.78   0.203
OGLE-LMC-LPV-89172  13.819 16.296  140.96   0.143  931.1    0.101  717.4    0.046
OGLE-LMC-LPV-89197  14.278 16.620  176.09   0.127 1684      0.155  124.92   0.071
OGLE-LMC-LPV-89224  14.537 16.099   58.88   0.028   35.521  0.026   63.21   0.023
OGLE-LMC-LPV-89234  14.987 17.325   46.900  0.083  537.1    0.075   51.87   0.044
OGLE-LMC-LPV-89241  14.106 16.328  237.3    0.465  135.39   0.093  128.25   0.082
OGLE-LMC-LPV-89244  15.199 17.588   74.39   0.058  410.2    0.064  612.7    0.051
OGLE-LMC-LPV-89251  13.205 16.237  183.42   0.185 1065      0.230 1942      0.137
OGLE-LMC-LPV-89252  14.473 16.959  198.22   0.079  723.6    0.198 2041      0.142
OGLE-LMC-LPV-89259  14.092 16.715  174.37   0.268   91.85   0.121   96.06   0.078
OGLE-LMC-LPV-89265  14.314 16.490  128.75   0.115  687.3    0.101   75.75   0.070
OGLE-LMC-LPV-89273  14.783 16.477   43.105  0.039   82.88   0.035  188.96   0.034
OGLE-LMC-LPV-89276  14.571 16.420   72.50   0.035  329.6    0.046  184.84   0.039
OGLE-LMC-LPV-89289  14.109 16.756   89.54   0.103  468.2    0.080   85.80   0.069
OGLE-LMC-LPV-89295  14.867 16.512   45.733  0.022  276.1    0.035  254.2    0.025
OGLE-LMC-LPV-89298  14.005 16.464  298.6    0.682  540.5    0.144  157.80   0.099
OGLE-LMC-LPV-89305  14.403 16.774  449.5    0.236  722.0    0.106  133.65   0.075
OGLE-LMC-LPV-89313  14.703 16.310   61.05   0.032  392.2    0.025   44.423  0.022
OGLE-LMC-LPV-89320  14.023 17.066  427.5    0.379 4255      0.295  396.2    0.159
OGLE-LMC-LPV-89321  13.906 16.206  127.01   0.088  617.3    0.070 3521      0.046
OGLE-LMC-LPV-89322  13.895 16.479  827.2    0.211  224.5    0.098  314.4    0.050
OGLE-LMC-LPV-89325  14.275 16.301   74.81   0.034  718.4    0.098 2770      0.053
OGLE-LMC-LPV-89326  13.537 15.768  138.37   0.095 1119      0.156  794.3    0.069
OGLE-LMC-LPV-89354  14.048 16.531  128.50   0.070  635.3    0.109   80.39   0.040
OGLE-LMC-LPV-89361  14.398 16.613   73.60   0.035  688.7    0.095  285.0    0.058
OGLE-LMC-LPV-89362  14.247 16.440  112.52   0.110  885.0    0.102  116.96   0.069
OGLE-LMC-LPV-89392  14.873 17.050  112.54   0.392  108.26   0.163  103.21   0.110
OGLE-LMC-LPV-89393  14.283 16.428   70.51   0.035 3436      0.053  801.3    0.038
OGLE-LMC-LPV-89414  14.596 16.462  118.56   0.557  129.84   0.207  108.54   0.148
OGLE-LMC-LPV-89415  14.318 16.959  111.30   0.117  624.6    0.275  172.12   0.099
OGLE-LMC-LPV-89420  14.011 16.447  144.29   0.142  264.6    0.145  590.3    0.061
OGLE-LMC-LPV-89428  14.734 16.598   86.07   0.075   89.30   0.050   52.50   0.038
OGLE-LMC-LPV-89429  14.055 17.232  115.27   0.171  205.8    0.136 2513      0.083
OGLE-LMC-LPV-89445  13.916 16.564  159.90   0.179  319.1    0.074  143.55   0.068
OGLE-LMC-LPV-89450  14.127 16.836  329.3    0.360  724.1    0.247  896.9    0.188
OGLE-LMC-LPV-89471  13.992 16.908  192.62   0.156  204.7    0.089  724.1    0.061
OGLE-LMC-LPV-89478  14.189 17.190  163.83   0.187  321.8    0.122  407.2    0.081
OGLE-LMC-LPV-89485  13.711 16.813  103.11   0.064  907.4    0.117  107.09   0.087
OGLE-LMC-LPV-89499  14.192 16.561   77.38   0.070  446.4    0.058  119.23   0.047
OGLE-LMC-LPV-89521  13.938 16.399  155.35   0.136  146.93   0.088  230.5    0.059
OGLE-LMC-LPV-89526  14.352 16.708   92.77   0.052  302.4    0.089  336.9    0.072
OGLE-LMC-LPV-89527  13.853 16.431  149.48   0.116  227.0    0.111 1866      0.073
OGLE-LMC-LPV-89530  14.044 16.384  316.8    0.474  348.7    0.177  281.7    0.079
OGLE-LMC-LPV-89544  14.721 16.530   48.438  0.042  263.8    0.044 4255      0.037
OGLE-LMC-LPV-89548  13.829 16.371  141.26   0.138 1276      0.068  207.1    0.060
OGLE-LMC-LPV-89549  14.646 15.816   59.41   0.380   56.94   0.348   53.29   0.194
OGLE-LMC-LPV-89556  14.180 16.549   82.66   0.171  891.3    0.094  102.04   0.091
OGLE-LMC-LPV-89566  13.968 16.974  316.0    0.329  198.69   0.156 1133      0.147
OGLE-LMC-LPV-89582  14.518 16.830  127.79   0.090  237.9    0.051 2558      0.038
OGLE-LMC-LPV-89589  13.668 16.898  224.1    0.204  412.9    0.151  931.1    0.164
OGLE-LMC-LPV-89595  14.347 16.674  164.51   0.640  184.57   0.125   87.05   0.126
OGLE-LMC-LPV-89596  14.343 16.935  101.53   0.035 1193      0.236  110.49   0.113
OGLE-LMC-LPV-89600  14.092 16.777  187.72   0.180  962.5    0.169   99.50   0.140
OGLE-LMC-LPV-89618  14.362 16.641   97.33   0.058 1000      0.088  111.88   0.050
OGLE-LMC-LPV-89619  14.129 17.460  202.0    0.215  410.2    0.185  290.6    0.137
OGLE-LMC-LPV-89631  14.002 16.486   89.81   0.142 1048      0.151  158.03   0.130
OGLE-LMC-LPV-89636  14.189 16.586  207.6    0.748 4049      0.250  217.8    0.216
OGLE-LMC-LPV-89643  14.037 16.367  229.5    0.386  124.72   0.135  119.89   0.096
OGLE-LMC-LPV-89651  14.246 16.711   95.68   0.037  537.9    0.155 2457      0.105
OGLE-LMC-LPV-89656  13.865 16.754  103.05   0.075  227.0    0.095  749.6    0.087
OGLE-LMC-LPV-89667  14.272    -     94.23   0.134  308.6    0.096  522.5    0.073
OGLE-LMC-LPV-89672  14.260 16.338  149.94   0.599  142.23   0.224 3165      0.169
OGLE-LMC-LPV-89686  15.851 17.392   32.337  0.025   30.624  0.025   22.307  0.024
OGLE-LMC-LPV-89688  13.776 16.156  130.43   0.066  699.3    0.173  489.5    0.087
OGLE-LMC-LPV-89690  14.451 16.696   67.55   0.072  731.5    0.092  106.33   0.062
OGLE-LMC-LPV-89713  15.163 17.380   90.06   0.440   85.46   0.224   99.93   0.122
OGLE-LMC-LPV-89722  14.202 16.669  117.18   0.129  737.5    0.170  447.4    0.100
OGLE-LMC-LPV-89765  14.384 16.500   61.35   0.032  102.31   0.032   64.25   0.029
OGLE-LMC-LPV-89790  14.383 16.278  118.82   0.153  123.56   0.089   64.99   0.055
OGLE-LMC-LPV-89791  14.194 17.003  176.37   0.132  208.0    0.097 4032      0.076
OGLE-LMC-LPV-89812  14.424 16.788  120.59   0.121  789.3    0.101 1949      0.081
OGLE-LMC-LPV-89825  14.598 16.421   53.27   0.049   54.27   0.045 1312      0.036
OGLE-LMC-LPV-89835  14.058 17.059  164.02   0.113 1845      0.190 1255      0.129
OGLE-LMC-LPV-89845  13.932 16.841  101.38   0.244  175.22   0.206 1224      0.149
OGLE-LMC-LPV-89848  14.176 15.783   99.73   0.518  123.79   0.087   95.69   0.073
OGLE-LMC-LPV-89853  14.528 16.707  118.25   0.056 2639      0.041   59.95   0.033
OGLE-LMC-LPV-89856  14.349 16.605   71.53   0.081  334.8    0.074   69.56   0.057
OGLE-LMC-LPV-89863  14.915 17.534   66.16   0.145  115.37   0.114  661.8    0.096
OGLE-LMC-LPV-89867  14.106 17.045  331.2    0.454  297.5    0.169  494.6    0.104
OGLE-LMC-LPV-89873  14.688 16.395   48.739  0.081   80.25   0.052  723.1    0.048
OGLE-LMC-LPV-89885  14.340 16.671  186.42   0.198  283.0    0.151  114.57   0.089
OGLE-LMC-LPV-89887  13.594 15.803  145.84   0.092 1590      0.134  135.37   0.089
OGLE-LMC-LPV-89908  13.871 16.153  138.06   0.086  602.8    0.102  280.8    0.064
OGLE-LMC-LPV-89914  14.261 16.557  196.20   0.092  254.0    0.047 1629      0.042
OGLE-LMC-LPV-89915  14.452 16.478   87.87   0.052  288.2    0.035   58.12   0.034
OGLE-LMC-LPV-89918  13.835 16.856  330.9    0.276 1377      0.122  398.2    0.107
OGLE-LMC-LPV-89942  14.253 16.759  572.4    0.231  103.81   0.084  153.44   0.056
OGLE-LMC-LPV-89955  14.597 16.867  169.27   0.145  146.33   0.108  709.2    0.070
OGLE-LMC-LPV-89967  14.343 15.889  105.49   0.133  101.77   0.072   55.32   0.046
OGLE-LMC-LPV-89969  14.626 16.685   68.63   0.046  391.8    0.049 1410      0.042
OGLE-LMC-LPV-89973  14.141 16.416  184.31   0.116  615.4    0.057  390.9    0.049
OGLE-LMC-LPV-89977  13.947 16.346  187.82   0.289  157.73   0.109 1218      0.100
OGLE-LMC-LPV-89981  14.026 17.203  114.94   0.247 1134      0.156  105.78   0.092
OGLE-LMC-LPV-89993  14.151 16.377  192.23   0.760  180.77   0.167  672.5    0.133
OGLE-LMC-LPV-90004  13.912 16.289   97.59   0.169  182.58   0.131  102.32   0.071
OGLE-LMC-LPV-90006  14.632 16.403   97.48   0.375  121.77   0.159  100.11   0.139
OGLE-LMC-LPV-90009  14.107 16.968  108.71   0.088  113.87   0.070  187.62   0.066
OGLE-LMC-LPV-90015  14.027 16.853  147.10   0.146 1527      0.153 3448      0.095
OGLE-LMC-LPV-90016  14.468 16.397   63.00   0.120  111.97   0.072   67.87   0.066
OGLE-LMC-LPV-90018  14.280 16.979  159.74   0.202  313.3    0.223  430.1    0.117
OGLE-LMC-LPV-90019  14.045 17.305  205.8    0.134  740.2    0.088  316.9    0.075
OGLE-LMC-LPV-90048  14.573 16.558  108.81   0.198   68.33   0.075   61.16   0.062
OGLE-LMC-LPV-90051  13.723 16.084  242.5    0.163 1835      0.105  146.93   0.067
OGLE-LMC-LPV-90054  14.591 17.165  240.4    0.580  270.3    0.187  222.3    0.143
OGLE-LMC-LPV-90059  13.702 15.996  119.77   0.055 1117      0.113 2445      0.053
OGLE-LMC-LPV-90062  14.044 16.519   91.82   0.077  262.3    0.087  320.7    0.064
OGLE-LMC-LPV-90065  14.193 17.155  184.34   0.409  102.33   0.097   97.20   0.086
OGLE-LMC-LPV-90074  14.560 16.120   56.02   0.024 4292      0.049  246.5    0.046
OGLE-LMC-LPV-90082  13.976 16.624  146.04   0.141  258.1    0.114  227.8    0.090
OGLE-LMC-LPV-90091  14.307 16.308   93.74   0.057  335.9    0.066  155.79   0.047
OGLE-LMC-LPV-90092  14.447 16.757  122.65   0.086  495.8    0.074 2717      0.048
OGLE-LMC-LPV-90099  14.560 16.664   70.70   0.118  127.93   0.110  509.9    0.063
OGLE-LMC-LPV-90104  14.366 16.312   74.06   0.028  887.3    0.063  520.0    0.035
OGLE-LMC-LPV-90109  13.967 17.331  127.50   0.146  511.5    0.111  120.73   0.099
OGLE-LMC-LPV-90119  13.820 16.993  108.24   0.111  518.4    0.117 1969      0.058
OGLE-LMC-LPV-90124  14.616 16.801  157.95   0.045 4184      0.036   98.43   0.035
OGLE-LMC-LPV-90137  13.114 15.480  271.2    0.058 1603      0.038  320.9    0.026
OGLE-LMC-LPV-90142  13.912 17.025  865.1    0.232   98.96   0.090  709.7    0.081
OGLE-LMC-LPV-90145  13.992 17.299  402.4    0.363  758.7    0.188  507.1    0.156
OGLE-LMC-LPV-90157  14.769 16.541   76.45   0.048  313.2    0.045   51.23   0.036
OGLE-LMC-LPV-90158  14.126    -    268.0    0.171 1279      0.239  223.3    0.101
OGLE-LMC-LPV-90162  14.349 16.267  134.95   0.601  114.71   0.142  146.16   0.116
OGLE-LMC-LPV-90165  14.065 16.468  173.04   0.104  104.33   0.059  239.1    0.048
OGLE-LMC-LPV-90166  14.152 16.940  139.35   0.094  599.5    0.271  126.15   0.099
OGLE-LMC-LPV-90189  14.074 16.946  267.5    0.159 2370      0.141  173.22   0.123
OGLE-LMC-LPV-90191  14.158 17.569  226.0    0.236 2137      0.120  181.85   0.113
OGLE-LMC-LPV-90193  13.839 16.143  111.23   0.239  207.4    0.211  186.19   0.085
OGLE-LMC-LPV-90206  14.618    -    411.5    0.709  339.4    0.403  467.1    0.246
OGLE-LMC-LPV-90215  13.934 16.172  953.3    0.199  121.15   0.048 3236      0.045
OGLE-LMC-LPV-90216  14.268 17.236  103.01   0.257   95.53   0.100  166.61   0.099
OGLE-LMC-LPV-90219  15.270 17.177   79.07   0.346   42.328  0.068   76.96   0.058
OGLE-LMC-LPV-90245  13.148 15.502  168.62   0.112 1014      0.086  182.98   0.054
OGLE-LMC-LPV-90252  14.319 16.452  133.60   0.135  593.5    0.118 3106      0.067
OGLE-LMC-LPV-90274  14.401 17.079  257.5    0.105  426.4    0.174  175.78   0.095
OGLE-LMC-LPV-90282  14.378 17.197  101.96   0.067   96.46   0.089  534.5    0.079
OGLE-LMC-LPV-90283  14.728 16.813   74.43   0.036  754.1    0.059   60.39   0.037
OGLE-LMC-LPV-90291  14.151 16.832   77.75   0.065  434.6    0.076   74.93   0.053
OGLE-LMC-LPV-90294  14.786 17.479   83.87   0.077  733.1    0.080   69.07   0.072
OGLE-LMC-LPV-90316  13.535 14.499   84.08   0.111 4167      0.413  817.7    0.161
OGLE-LMC-LPV-90326  13.904 16.486 1109      0.219  140.98   0.069  678.9    0.064
OGLE-LMC-LPV-90352  13.957 16.498  305.2    0.212  159.54   0.157 1148      0.091
OGLE-LMC-LPV-90356  13.973 16.174  120.45   0.138  903.3    0.183  216.5    0.079
OGLE-LMC-LPV-90378  14.534 17.465  325.9    0.774  942.5    0.242  404.9    0.157
OGLE-LMC-LPV-90380  14.082 16.770  218.9    0.192  959.7    0.201  648.5    0.079
OGLE-LMC-LPV-90403  15.263 17.206   35.331  0.053  276.3    0.064   61.56   0.047
OGLE-LMC-LPV-90405  15.131 18.315  380.8    0.624 3484      0.987  370.0    0.465
OGLE-LMC-LPV-90419  14.485 16.821   73.39   0.158  893.7    0.105  132.03   0.103
OGLE-LMC-LPV-90421  15.357 16.892   48.578  0.038   42.042  0.029   26.339  0.022
OGLE-LMC-LPV-90453  14.214 17.348  190.33   0.141  307.2    0.092  471.5    0.070
OGLE-LMC-LPV-90459  14.225 17.111  221.8    0.104 1335      0.142  243.0    0.083
OGLE-LMC-LPV-90467  14.213 17.338  205.8    0.346  113.30   0.264  244.2    0.151
OGLE-LMC-LPV-90468  14.008 16.178   82.85   0.030  592.4    0.071  513.3    0.044
OGLE-LMC-LPV-90469  14.609 16.747   57.29   0.051  429.4    0.077  195.58   0.041
OGLE-LMC-LPV-90481  14.004 16.884  102.88   0.095  164.10   0.082  186.32   0.058
OGLE-LMC-LPV-90483  14.198 17.222  665.8    0.481  814.3    0.079   94.12   0.074
OGLE-LMC-LPV-90496  14.393 16.189  106.85   0.083   61.26   0.062   94.65   0.046
OGLE-LMC-LPV-90510  13.855 17.109  118.28   0.167  192.12   0.110  322.0    0.067
OGLE-LMC-LPV-90528  13.735 16.944  122.40   0.080  766.3    0.178  215.0    0.066
OGLE-LMC-LPV-90531  14.753 17.976  201.4    0.312 4184      0.878  223.4    0.219
OGLE-LMC-LPV-90533  13.987 17.120  161.50   0.075  222.5    0.051  119.29   0.039
OGLE-LMC-LPV-90539  14.206 17.117  281.8    0.255  161.84   0.102 1439      0.088
OGLE-LMC-LPV-90543  14.471 16.635   94.54   0.057  302.7    0.069   61.89   0.045
OGLE-LMC-LPV-90546  14.581 16.420   57.02   0.052  665.8    0.042   54.71   0.040
OGLE-LMC-LPV-90556  14.809 16.566   69.22   0.036  333.7    0.027   42.355  0.025
OGLE-LMC-LPV-90560  14.091 17.349  399.7    0.372  762.8    0.131  139.82   0.059
OGLE-LMC-LPV-90570  14.956 16.804   47.074  0.024  342.1    0.044  265.1    0.033
OGLE-LMC-LPV-90573  14.160 16.741   90.83   0.079  696.4    0.176  868.8    0.097
OGLE-LMC-LPV-90576  14.021 17.013  115.26   0.290  198.14   0.105 1218      0.088
OGLE-LMC-LPV-90584  14.354 17.329  189.72   0.228  201.6    0.156  108.99   0.122
OGLE-LMC-LPV-90585  14.378 17.409  285.0    0.556  663.1    0.255 1070      0.106
OGLE-LMC-LPV-90587  13.969 17.210  119.16   0.099  386.8    0.092  210.4    0.066
OGLE-LMC-LPV-90588  14.230 16.549  577.4    0.503  728.9    0.282  107.11   0.200
OGLE-LMC-LPV-90603  14.189 16.919  268.0    0.189  591.4    0.123  477.6    0.101
OGLE-LMC-LPV-90606  14.338 17.242  151.65   0.122  411.7    0.100  674.3    0.084
OGLE-LMC-LPV-90611  14.174 17.558  116.34   0.217 1215      0.186  122.76   0.088
OGLE-LMC-LPV-90622  14.144 16.614  204.4    0.091  269.8    0.049   66.68   0.046
OGLE-LMC-LPV-90630  13.996 16.494  265.2    0.207  750.2    0.128  283.5    0.080
OGLE-LMC-LPV-90639  14.588 16.422   45.478  0.061   80.25   0.046   53.51   0.032
OGLE-LMC-LPV-90647  14.435 16.480  137.11   0.574   70.10   0.092  254.2    0.066
OGLE-LMC-LPV-90648  13.928 16.689  105.54   0.119  957.9    0.090  128.17   0.048
OGLE-LMC-LPV-90659  14.044 16.891 1278      0.437  140.39   0.059  111.15   0.047
OGLE-LMC-LPV-90675  13.992 16.935  186.29   0.096  735.3    0.147  331.8    0.117
OGLE-LMC-LPV-90681  14.000 16.610  128.07   0.202  243.0    0.156  504.0    0.060
OGLE-LMC-LPV-90683  13.939 16.838  319.1    0.348  883.4    0.204  176.12   0.088
OGLE-LMC-LPV-90685  13.841 17.054  124.81   0.089  284.0    0.090  623.4    0.071
OGLE-LMC-LPV-90692  14.002 16.889  170.44   0.139  102.30   0.107  968.1    0.088
OGLE-LMC-LPV-90693  13.774 16.343  143.97   0.076  918.3    0.111  152.65   0.059
OGLE-LMC-LPV-90696  14.089 17.416  188.05   0.126  725.7    0.113  107.31   0.088
OGLE-LMC-LPV-90716  14.758 17.576   86.13   0.285  162.05   0.246  181.82   0.151
OGLE-LMC-LPV-90717  13.172 15.732  193.16   0.089 2146      0.101  137.42   0.049
OGLE-LMC-LPV-90722  14.552 17.952   98.58   0.125  172.03   0.099 1012      0.074
OGLE-LMC-LPV-90760  14.193 17.041  190.37   0.324   98.96   0.093  987.2    0.093
OGLE-LMC-LPV-90762  14.086 16.542  173.39   0.326  164.88   0.142   96.53   0.103
OGLE-LMC-LPV-90773  14.527 16.737   74.64   0.117  132.50   0.085  637.8    0.066
OGLE-LMC-LPV-90781  14.180 16.963  246.6    0.183  228.6    0.158  136.22   0.090
OGLE-LMC-LPV-90790  14.894 17.867  280.3    0.371 3831      0.327  259.5    0.147
OGLE-LMC-LPV-90798  14.212 16.528  101.58   0.105   82.32   0.100  568.5    0.088
OGLE-LMC-LPV-90808  13.977 16.762  304.6    0.354  279.4    0.113 1835      0.061
OGLE-LMC-LPV-90809  14.270 16.560   75.06   0.206  129.43   0.095  987.2    0.075
OGLE-LMC-LPV-90824  13.748 15.502   89.82   0.090  227.7    0.050  179.82   0.040
OGLE-LMC-LPV-90836  14.680 16.242   57.92   0.041  217.8    0.035   59.07   0.031
OGLE-LMC-LPV-90837  15.447 17.417   38.227  0.071   63.21   0.050   65.91   0.041
OGLE-LMC-LPV-90844  13.859 16.513  316.2    0.194  566.6    0.109 3145      0.096
OGLE-LMC-LPV-90847  14.098 17.293  308.3    0.242 1199      0.222 2404      0.105
OGLE-LMC-LPV-90849  14.768 17.043  129.66   0.378 2653      0.150  133.98   0.080
OGLE-LMC-LPV-90851  14.981 17.541   63.43   0.122   61.94   0.088  109.79   0.073
OGLE-LMC-LPV-90862  14.229 17.028  110.71   0.195  213.3    0.221  103.67   0.095
OGLE-LMC-LPV-90872  14.509 16.485   57.59   0.042   54.13   0.050   98.46   0.038
OGLE-LMC-LPV-90877  13.955 16.510  144.48   0.191 1481      0.136  266.6    0.128
OGLE-LMC-LPV-90884  13.659 15.839  124.13   0.069  887.3    0.140  218.8    0.069
OGLE-LMC-LPV-90885  15.309 17.644   67.43   0.049  327.9    0.050   41.387  0.044
OGLE-LMC-LPV-90887  14.279 16.905  238.2    0.155  128.93   0.104  218.3    0.095
OGLE-LMC-LPV-90892  13.994 16.844  322.0    0.226 1362      0.069  406.7    0.055
OGLE-LMC-LPV-90908  14.194 15.729   95.53   0.538  102.05   0.173  181.46   0.120
OGLE-LMC-LPV-90919  14.530 17.202  353.7    0.261 1048      0.159  165.67   0.087
OGLE-LMC-LPV-90933  13.960 16.503  151.61   0.062 1211      0.097  744.0    0.079
OGLE-LMC-LPV-90934  14.620 16.396   75.55   0.056  334.7    0.028  107.00   0.027
OGLE-LMC-LPV-90936  13.954 17.320  122.00   0.143 1451      0.149  172.83   0.101
OGLE-LMC-LPV-90938  14.914 16.482   77.72   0.116   46.350  0.083   79.64   0.079
OGLE-LMC-LPV-90940  14.001 16.745  170.84   0.118  287.9    0.127  473.5    0.074
OGLE-LMC-LPV-90946  14.157 16.482  177.60   0.109   75.90   0.055  435.9    0.049
OGLE-LMC-LPV-90976  14.052 16.792  170.08   0.181 2110      0.081  270.1    0.048
OGLE-LMC-LPV-90977  14.058 17.214  114.49   0.194 1266      0.194  187.72   0.106
OGLE-LMC-LPV-90987  14.441 16.729   71.31   0.082  125.27   0.062  462.1    0.056
OGLE-LMC-LPV-90989  14.398 16.290   60.58   0.074  104.47   0.072   54.71   0.061
OGLE-LMC-LPV-90998  14.322 16.124  136.60   0.387  126.34   0.304 1587      0.156
OGLE-LMC-LPV-91010  14.640 16.526   51.28   0.026  303.2    0.027   49.729  0.019
OGLE-LMC-LPV-91013  14.201 16.993  610.2    0.290  513.6    0.137  181.03   0.069
OGLE-LMC-LPV-91043  14.463 16.489  172.49   0.126  314.2    0.061   79.43   0.057
OGLE-LMC-LPV-91051  14.162 17.371  123.37   0.178  223.7    0.148  206.8    0.110
OGLE-LMC-LPV-91063  14.133 17.209  181.92   0.171 1783      0.672  194.17   0.154
OGLE-LMC-LPV-91084  13.729 16.578  111.68   0.205 1610      0.099  104.00   0.066
OGLE-LMC-LPV-91091  14.731 18.356  462.5    0.650 4098      1.003  210.3    0.146
OGLE-LMC-LPV-91103  14.581 16.380   80.80   0.075   45.909  0.049 1025      0.038
OGLE-LMC-LPV-91113  13.954 16.892  108.33   0.275  112.74   0.123 1277      0.101
OGLE-LMC-LPV-91121  14.173 16.760   85.27   0.192  589.3    0.187   81.53   0.146
OGLE-LMC-LPV-91129  13.883 16.973  427.7    0.515  130.41   0.087  338.9    0.093
OGLE-LMC-LPV-91135  14.407 16.427  111.92   0.078  523.0    0.050   65.02   0.050
OGLE-LMC-LPV-91136  14.281 16.950   88.95   0.133  163.85   0.141  874.1    0.091
OGLE-LMC-LPV-91138  13.973 16.701  100.06   0.060  513.3    0.065  322.2    0.054
OGLE-LMC-LPV-91151  15.162 16.843   86.39   0.039  249.5    0.030  293.9    0.024
OGLE-LMC-LPV-91154  13.772 16.561  213.6    0.165  116.08   0.120 1321      0.105
OGLE-LMC-LPV-91155  14.449 16.268   53.25   0.117  733.1    0.103   93.26   0.072
OGLE-LMC-LPV-91175  14.314 16.125  119.36   0.636  150.11   0.169  614.6    0.146
OGLE-LMC-LPV-91197  14.299 16.658   82.38   0.140  956.9    0.087  133.98   0.064
OGLE-LMC-LPV-91202  14.098 17.052  101.89   0.190  483.8    0.135  176.06   0.108
OGLE-LMC-LPV-91207  14.120 15.159  469.9    0.340 3968      0.911  477.3    0.167
OGLE-LMC-LPV-91213  14.292 16.139  105.19   0.039  504.8    0.035   97.89   0.028
OGLE-LMC-LPV-91216  13.959 16.195  107.63   0.037  745.7    0.109 2283      0.069
OGLE-LMC-LPV-91219  14.477 17.218  311.5    0.457  346.4    0.290  846.7    0.134
OGLE-LMC-LPV-91232  13.838 16.772  104.00   0.173  114.30   0.155  110.53   0.117
OGLE-LMC-LPV-91237  15.406 18.418  965.0    0.723  206.1    0.474  175.01   0.177
OGLE-LMC-LPV-91238  14.044 17.242  384.3    0.382  340.7    0.141  442.7    0.118
OGLE-LMC-LPV-91241  13.951 16.437  144.81   0.208  252.7    0.107  308.6    0.095
OGLE-LMC-LPV-91260  14.040 16.699   95.75   0.130   88.93   0.076  161.32   0.075
OGLE-LMC-LPV-91266  13.919 16.345  112.85   0.181  202.2    0.104  106.16   0.078
OGLE-LMC-LPV-91268  14.032 16.724  173.72   0.340   99.78   0.256  145.45   0.134
OGLE-LMC-LPV-91275  14.163 16.697  283.0    0.293  256.2    0.159  311.4    0.125
OGLE-LMC-LPV-91287  14.541 17.408  277.9    0.275  167.84   0.137  420.7    0.125
OGLE-LMC-LPV-91289  14.492 16.624   96.79   0.080   61.72   0.051  103.11   0.043
OGLE-LMC-LPV-91299  14.047 16.589  179.85   0.208   96.90   0.136  169.89   0.081
OGLE-LMC-LPV-91301  13.953 16.789  181.88   0.119 2128      0.372  194.48   0.088
OGLE-LMC-LPV-91313  15.104 17.786   88.67   0.089   49.015  0.053  338.6    0.052
OGLE-LMC-LPV-91315  14.798 17.736  267.8    0.167  188.50   0.093 2924      0.080
OGLE-LMC-LPV-91321  14.449 18.246  446.3    0.720  940.7    0.112  587.5    0.067
OGLE-LMC-LPV-91324  14.017 16.599   96.76   0.137  189.72   0.126  103.58   0.089
OGLE-LMC-LPV-91329  14.487 17.415  177.30   0.118  304.4    0.155 1025      0.101
OGLE-LMC-LPV-91331  14.622 17.882  308.6    0.310  280.5    0.177  344.7    0.137
OGLE-LMC-LPV-91342  13.809 17.221  310.0    0.108  521.9    0.185  901.7    0.100
OGLE-LMC-LPV-91346  14.110 16.718  273.5    0.179  597.0    0.149  248.3    0.076
OGLE-LMC-LPV-91355  14.160    -    190.00   0.332  705.7    0.334    3.1630 0.100
OGLE-LMC-LPV-91400  14.090 16.305  110.51   0.081  198.89   0.074  114.09   0.054
OGLE-LMC-LPV-91429  13.799 16.466 1022      0.337  222.3    0.089  143.04   0.079
OGLE-LMC-LPV-91435  14.122 16.473  203.0    0.384  107.07   0.197 2457      0.100
OGLE-LMC-LPV-91447  13.896 16.731  300.5    0.221 3704      0.110  182.45   0.069
OGLE-LMC-LPV-91451  14.578 16.497   83.06   0.057  323.8    0.066  375.7    0.052
OGLE-LMC-LPV-91453  14.826 17.464  734.8    0.293 1319      0.196 3937      0.159
OGLE-LMC-LPV-91459  13.529 16.036  179.69   0.086 1030      0.123 1828      0.101
OGLE-LMC-LPV-91462  14.094 17.165  109.57   0.305  197.67   0.233  183.08   0.107
OGLE-LMC-LPV-91466  14.004 16.689   88.85   0.089  508.9    0.126  659.6    0.088
OGLE-LMC-LPV-91474  14.040 16.829  105.90   0.210  172.50   0.145  109.22   0.109
OGLE-LMC-LPV-91480  14.916 16.552   36.405  0.027 3344      0.055  243.8    0.032
OGLE-LMC-LPV-91482  14.732 16.561  109.78   0.559 3067      0.200  128.73   0.163
OGLE-LMC-LPV-91484  13.992 17.384  205.2    0.269  400.8    0.204  961.5    0.173
OGLE-LMC-LPV-91495  14.013 17.767  140.76   0.241  277.7    0.143  258.5    0.127
OGLE-LMC-LPV-91501  14.010 16.502  147.97   0.172  276.6    0.111 2398      0.093
OGLE-LMC-LPV-91512  13.875 16.761  170.55   0.214 1701      0.103 4065      0.060
OGLE-LMC-LPV-91517  14.149 17.174  314.8    0.445  172.71   0.194 1592      0.165
OGLE-LMC-LPV-91532  14.008 16.521  132.98   0.105 1661      0.139  148.46   0.083
OGLE-LMC-LPV-91533  13.803 16.206  131.84   0.067  896.9    0.181  515.5    0.089
OGLE-LMC-LPV-91534  14.405 17.129   91.79   0.068  734.2    0.102  599.5    0.082
OGLE-LMC-LPV-91541  14.213 17.438  105.05   0.138  172.53   0.154 1595      0.132
OGLE-LMC-LPV-91543  13.326 16.498  229.7    0.220 3425      0.266  191.83   0.144
OGLE-LMC-LPV-91547  14.059 17.306  193.35   0.154  110.82   0.099  171.23   0.090
OGLE-LMC-LPV-91551  14.096 17.044  291.8    0.243  619.6    0.151  160.33   0.130
OGLE-LMC-LPV-91556  15.292 18.049   97.37   0.130   59.39   0.122   54.32   0.103
OGLE-LMC-LPV-91559  14.256 17.721  390.0    0.414  122.65   0.107  565.3    0.092
OGLE-LMC-LPV-91563  13.906 17.119  136.59   0.171  240.7    0.192  125.96   0.151
OGLE-LMC-LPV-91571  13.625 16.329  176.37   0.141 1337      0.580  270.2    0.132
OGLE-LMC-LPV-91573  15.749 18.496  857.3    0.524 4016      0.574  197.67   0.204
OGLE-LMC-LPV-91574  13.951 17.069  350.9    0.313  259.7    0.134 1828      0.075
OGLE-LMC-LPV-91583  14.700 16.454   47.642  0.069   79.71   0.059   75.99   0.061
OGLE-LMC-LPV-91588  14.009 16.643  150.60   0.111  304.0    0.115  736.4    0.114
OGLE-LMC-LPV-91589  14.430 16.786  142.94   0.529   80.95   0.123  129.28   0.089
OGLE-LMC-LPV-91593  14.019 17.169  180.57   0.115  408.2    0.144  603.5    0.115
OGLE-LMC-LPV-91608  13.942 16.686  123.78   0.093  213.3    0.085  160.75   0.066
OGLE-LMC-LPV-91614  14.659 16.236   69.46   0.158   90.72   0.143   80.17   0.112
OGLE-LMC-LPV-91626  13.888 16.104  112.79   0.067  505.3    0.050 3058      0.032
OGLE-LMC-LPV-91629  13.720 16.844  213.4    0.208  323.2    0.189  568.5    0.130
OGLE-LMC-LPV-91644  14.145 16.709  176.28   0.531   95.15   0.131 1332      0.100
OGLE-LMC-LPV-91653  14.186 16.838  252.5    0.158  204.9    0.075  388.7    0.069
OGLE-LMC-LPV-91658  14.233 16.711   88.57   0.131 3861      0.113   83.52   0.117
OGLE-LMC-LPV-91665  14.091 17.133  163.69   0.154  191.72   0.131  947.0    0.103
OGLE-LMC-LPV-91672  13.843 16.448  104.96   0.056  830.6    0.075 1427      0.053
OGLE-LMC-LPV-91673  13.924 16.946  108.40   0.088  213.7    0.097  113.65   0.067
OGLE-LMC-LPV-91675  13.962 16.840  173.47   0.178  752.4    0.161 2278      0.122
OGLE-LMC-LPV-91677  14.197 17.245  164.88   0.124 1233      0.211  153.87   0.101
OGLE-LMC-LPV-91679  13.775 16.038  924.8    0.213  119.06   0.057  191.75   0.045
OGLE-LMC-LPV-91683  13.913 16.673  353.4    0.283 1314      0.120  162.60   0.084
OGLE-LMC-LPV-91695  14.056 16.798  289.6    0.222  592.1    0.087  152.46   0.078
OGLE-LMC-LPV-91698  14.614 16.380   70.33   0.033  197.36   0.027  177.21   0.023
OGLE-LMC-LPV-91700  14.050 16.623  170.65   0.066 3086      0.129  785.5    0.080
OGLE-LMC-LPV-91727  13.300 15.557  157.80   0.122  895.3    0.150  323.3    0.077
OGLE-LMC-LPV-91730  13.871 16.514  145.05   0.095 1067      0.164  259.6    0.062
OGLE-LMC-LPV-91733  13.585 16.241  170.79   0.172 1692      0.202  160.90   0.098
OGLE-LMC-LPV-91748  13.925 16.454  317.6    0.133  223.2    0.082  256.3    0.070
OGLE-LMC-LPV-91750  14.236 17.142   83.44   0.140 1923      0.062   78.67   0.050
OGLE-LMC-LPV-91760  14.338 16.802  187.37   0.548  161.52   0.275 1164      0.157
OGLE-LMC-LPV-91761  14.174 16.570   93.59   0.051  417.2    0.094 1473      0.049
OGLE-LMC-LPV-91768  14.451 17.278  301.9    0.236  141.46   0.126  857.6    0.115
OGLE-LMC-LPV-91770  13.904    -    161.63   0.111  686.8    0.102  101.73   0.061
OGLE-LMC-LPV-91778  14.014 16.558  146.46   0.078  984.3    0.122  290.2    0.055
OGLE-LMC-LPV-91789  15.161 17.054   73.80   0.276   41.864  0.129   70.26   0.123
OGLE-LMC-LPV-91794  13.988 17.325  388.3    0.254  603.5    0.143  221.5    0.101
OGLE-LMC-LPV-91804  13.978 17.185  102.97   0.111  517.6    0.093 2710      0.083
OGLE-LMC-LPV-91812  14.537 17.717  178.25   0.167  717.4    0.207  503.5    0.118
OGLE-LMC-LPV-91822  14.182 16.621  183.76   0.485  165.18   0.164  174.31   0.130
OGLE-LMC-LPV-91827  14.495 17.458  214.5    0.146  191.46   0.065 1311      0.060
OGLE-LMC-LPV-91829  14.509 16.132   52.14   0.096   93.84   0.056  775.2    0.054
OGLE-LMC-LPV-91835  14.108 16.508  198.26   0.135 1007      0.130  110.78   0.095
OGLE-LMC-LPV-91839  13.981 16.635  105.66   0.179 1131      0.108  102.57   0.087
OGLE-LMC-LPV-91844  13.971 16.681  247.5    0.253 1709      0.187  147.69   0.090
OGLE-LMC-LPV-91845  14.208 17.064   95.38   0.152 1316      0.070  101.18   0.070
OGLE-LMC-LPV-91846  14.074 16.694  340.2    0.472  197.51   0.078  154.66   0.064
OGLE-LMC-LPV-91853  13.320 15.945  199.59   0.253 1383      0.145  399.7    0.095
OGLE-LMC-LPV-91857  16.260 18.957  454.1    0.764 3876      2.897  313.3    0.176
OGLE-LMC-LPV-91861  14.148 16.879  318.4    0.377 1429      0.201  414.6    0.099
OGLE-LMC-LPV-91867  14.531 16.596   60.35   0.060  417.7    0.071   58.85   0.046
OGLE-LMC-LPV-91869  13.986 16.357  141.04   0.168  892.1    0.133  134.43   0.123
OGLE-LMC-LPV-91882  14.527 16.599   71.20   0.082  628.5    0.069   80.26   0.052
OGLE-LMC-LPV-91886  13.823 16.233  133.82   0.041 1605      0.122  231.1    0.046
OGLE-LMC-LPV-91926  13.984 16.246  109.66   0.105  188.96   0.082  516.3    0.066
OGLE-LMC-LPV-91933  14.140 16.677  154.32   0.149  111.11   0.088  418.4    0.073
OGLE-LMC-LPV-91949  13.872 17.107  405.7    0.224  316.7    0.097  512.3    0.052
OGLE-LMC-LPV-91959  13.936 16.291  144.78   0.102  256.0    0.079  515.5    0.063
OGLE-LMC-LPV-91969  14.448 16.822  176.96   0.133 2506      0.179  111.63   0.070
OGLE-LMC-LPV-91970  14.735 16.700   54.82   0.068  216.5    0.094   85.37   0.057
OGLE-LMC-LPV-91974  14.647 17.695   83.07   0.137 1339      0.082  140.81   0.077
OGLE-LMC-LPV-91979  14.062 16.222  164.02   0.457 4386      0.264  149.61   0.195
OGLE-LMC-LPV-91980  14.143 17.273  105.69   0.085  162.60   0.083  262.8    0.071
OGLE-LMC-LPV-91982  14.401 16.015   94.16   0.322   86.32   0.056   52.41   0.053
OGLE-LMC-LPV-91987  14.212 16.208  114.03   0.080  124.04   0.063   63.29   0.050
OGLE-LMC-LPV-91991  14.050 17.565  209.5    0.251  225.7    0.145 1277      0.108
OGLE-LMC-LPV-91992  14.229 16.524  104.23   0.074  753.6    0.105  430.3    0.047
OGLE-LMC-LPV-91993  15.151 17.672  108.83   0.491   62.02   0.166  104.21   0.158
OGLE-LMC-LPV-91994  13.591 16.280  319.7    0.178  684.5    0.118  192.57   0.092
OGLE-LMC-LPV-91995  14.514 16.727  131.03   0.690  164.85   0.330 1287      0.274
